charter,legacy,loadout,policy,runs,complete,partial,pyrrhic,failure,extinction,mean_score,mean_objective,min_credits,min_food,min_fuel,min_parts,min_hull,min_life,min_morale,min_unity,mean_population_loss,total_faction_losses,crisis_decisions,generational_decisions,milestone_decisions,legacy_decisions,delegated,dilemmas,forced_returns,repairs,training,trades,emergency_purchases,mean_net_credits,mean_renown,mean_simulated_years,departure_subsystems,homecoming_subsystems
coronal_tap,adaptors,cargo,conservative,50,49,1,0,0,0,0.9660,1.0000,3518,10605,0.0000,0,0.6926,0.6990,0.2771,0.5256,280.30,0,3234,2399,1868,0,2759,388,0,2101,1114,0,0,12507.88,96.60,320.08,"agriculture:1.00/0.70;education_culture:1.00/0.70;engineering_bay:1.00/0.70;life_support_habitat:1.00/0.70;medical_bay:1.00/0.70;security:1.00/0.70","agriculture:0.74/0.58;education_culture:1.00/0.95;engineering_bay:0.73/0.55;life_support_habitat:1.00/0.65;medical_bay:1.00/0.63;security:0.51/0.00"
coronal_tap,adaptors,cargo,first-choice,50,11,39,0,0,0,0.8494,0.9909,2379,485,0.0550,9,0.4454,0.4700,0.1839,0.3217,572.58,95,3572,2404,1371,2688,539,387,0,792,737,4,4,12408.34,85.04,320.00,"agriculture:1.00/0.70;education_culture:1.00/0.70;engineering_bay:1.00/0.70;life_support_habitat:1.00/0.70;medical_bay:1.00/0.70;security:1.00/0.70","agriculture:0.49/0.57;education_culture:0.51/0.00;engineering_bay:0.52/0.40;life_support_habitat:1.00/0.64;medical_bay:0.35/0.00;security:0.41/0.00"
coronal_tap,adaptors,cargo,objective-first,50,27,23,0,0,0,0.8994,1.0000,3518,10637,0.0000,71,0.4453,0.4900,0.2833,0.4360,392.36,0,3544,2318,1756,2610,457,385,0,722,269,0,0,22747.28,89.92,320.10,"agriculture:1.00/0.70;education_culture:1.00/0.70;engineering_bay:1.00/0.70;life_support_habitat:1.00/0.70;medical_bay:1.00/0.70;security:1.00/0.70","agriculture:0.31/0.30;education_culture:1.00/0.92;engineering_bay:0.53/0.64;life_support_habitat:1.00/0.43;medical_bay:1.00/0.47;security:0.20/0.00"
coronal_tap,adaptors,combat,conservative,50,50,0,0,0,0,0.9706,1.0000,2600,10366,0.2391,16,0.6955,0.6990,0.4467,0.4716,255.16,0,2504,2607,2066,0,3004,377,0,2134,1036,0,0,12611.84,97.12,320.00,"agriculture:1.00/0.70;education_culture:1.00/0.70;engineering_bay:1.00/0.70;life_support_habitat:1.00/0.70;medical_bay:1.00/0.70;security:1.00/0.70","agriculture:0.75/0.40;education_culture:1.00/0.95;engineering_bay:0.72/0.45;life_support_habitat:1.00/0.55;medical_bay:1.00/0.47;security:0.29/0.00"
coronal_tap,adaptors,combat,first-choice,50,10,38,2,0,0,0.8422,0.9988,1998,982,0.1779,75,0.4454,0.4500,0.1333,0.4591,619.64,94,2989,2664,1609,2797,587,386,0,793,621,2,2,12529.54,84.24,320.00,"agriculture:1.00/0.70;education_culture:1.00/0.70;engineering_bay:1.00/0.70;life_support_habitat:1.00/0.70;medical_bay:1.00/0.70;security:1.00/0.70","agriculture:0.53/0.61;education_culture:0.65/0.42;engineering_bay:0.51/0.40;life_support_habitat:1.00/0.55;medical_bay:0.35/0.00;security:0.19/0.00"
coronal_tap,adaptors,combat,objective-first,50,34,16,0,0,0,0.9152,1.0000,2600,10366,0.0601,106,0.4453,0.5200,0.5230,0.4716,336.86,0,3027,2386,1972,2799,517,395,0,673,216,0,0,22179.24,91.46,320.00,"agriculture:1.00/0.70;education_culture:1.00/0.70;engineering_bay:1.00/0.70;life_support_habitat:1.00/0.70;medical_bay:1.00/0.70;security:1.00/0.70","agriculture:0.43/0.00;education_culture:1.00/0.92;engineering_bay:0.46/0.60;life_support_habitat:1.00/0.53;medical_bay:1.00/0.47;security:0.43/0.00"
coronal_tap,adaptors,fuel,conservative,50,48,2,0,0,0,0.9647,1.0000,6713,10260,0.8652,0,0.4886,0.6830,0.3809,0.5341,282.56,0,3148,2392,1796,0,2801,384,0,2157,1255,0,0,12600.48,96.46,320.00,"agriculture:1.00/0.70;education_culture:1.00/0.70;engineering_bay:1.00/0.70;life_support_habitat:1.00/0.70;medical_bay:1.00/0.70;security:1.00/0.70","agriculture:0.75/0.58;education_culture:1.00/1.00;engineering_bay:0.70/0.55;life_support_habitat:1.00/0.63;medical_bay:1.00/0.60;security:0.43/0.00"
coronal_tap,adaptors,fuel,first-choice,50,9,38,3,0,0,0.8352,0.9786,2555,584,0.8500,50,0.4454,0.4900,0.2872,0.4074,614.46,96,3605,2345,1437,2661,564,408,0,755,867,8,8,11951.30,83.58,320.00,"agriculture:1.00/0.70;education_culture:1.00/0.70;engineering_bay:1.00/0.70;life_support_habitat:1.00/0.70;medical_bay:1.00/0.70;security:1.00/0.70","agriculture:0.46/0.61;education_culture:0.50/0.00;engineering_bay:0.46/0.40;life_support_habitat:1.00/0.60;medical_bay:0.34/0.00;security:0.41/0.00"
coronal_tap,adaptors,fuel,objective-first,50,30,20,0,0,0,0.9029,0.9978,6713,7669,0.8556,44,0.4453,0.5100,0.2530,0.4632,377.28,0,3618,2257,1817,2652,480,379,0,707,393,0,0,23112.04,90.28,320.00,"agriculture:1.00/0.70;education_culture:1.00/0.70;engineering_bay:1.00/0.70;life_support_habitat:1.00/0.70;medical_bay:1.00/0.70;security:1.00/0.70","agriculture:0.31/0.00;education_culture:1.00/0.91;engineering_bay:0.52/0.60;life_support_habitat:1.00/0.43;medical_bay:1.00/0.47;security:0.26/0.00"
coronal_tap,adaptors,speed,conservative,50,50,0,0,0,0,0.9634,1.0000,4153,9803,0.0000,0,0.6955,0.6990,0.3061,0.5341,293.02,0,3203,2395,1895,0,2764,385,0,2161,1542,0,0,12757.88,96.32,320.08,"agriculture:1.00/0.70;education_culture:1.00/0.70;engineering_bay:1.00/0.70;life_support_habitat:1.00/0.70;medical_bay:1.00/0.70;security:1.00/0.70","agriculture:0.72/0.58;education_culture:1.00/0.92;engineering_bay:0.72/0.50;life_support_habitat:1.00/0.74;medical_bay:1.00/0.57;security:0.18/0.00"
coronal_tap,adaptors,speed,first-choice,50,9,40,1,0,0,0.8392,0.9991,467,547,0.0550,31,0.4454,0.4600,0.2872,0.4074,621.54,94,3611,2444,1444,2628,541,395,0,838,1173,4,4,12564.54,83.92,320.00,"agriculture:1.00/0.70;education_culture:1.00/0.70;engineering_bay:1.00/0.70;life_support_habitat:1.00/0.70;medical_bay:1.00/0.70;security:1.00/0.70","agriculture:0.47/0.37;education_culture:0.51/0.28;engineering_bay:0.49/0.45;life_support_habitat:1.00/0.65;medical_bay:0.35/0.00;security:0.41/0.00"
coronal_tap,adaptors,speed,objective-first,50,27,23,0,0,0,0.9005,1.0000,4153,10085,0.0000,95,0.4429,0.4900,0.2714,0.4634,393.20,0,3547,2254,1788,2645,497,411,0,715,372,0,0,26722.18,90.08,320.06,"agriculture:1.00/0.70;education_culture:1.00/0.70;engineering_bay:1.00/0.70;life_support_habitat:1.00/0.70;medical_bay:1.00/0.70;security:1.00/0.70","agriculture:0.01/0.00;education_culture:1.00/1.00;engineering_bay:0.50/0.60;life_support_habitat:1.00/0.58;medical_bay:1.00/0.50;security:0.26/0.00"
coronal_tap,adaptors,starter,conservative,50,48,2,0,0,0,0.9637,1.0000,8029,10810,0.4432,0,0.6702,0.6990,0.3956,0.5345,290.00,0,3156,2446,1792,0,2876,381,0,2141,1647,0,0,12567.68,96.38,320.00,"agriculture:1.00/0.70;education_culture:1.00/0.70;engineering_bay:1.00/0.70;life_support_habitat:1.00/0.70;medical_bay:1.00/0.70;security:1.00/0.70","agriculture:0.73/0.58;education_culture:1.00/0.95;engineering_bay:0.70/0.40;life_support_habitat:1.00/0.60;medical_bay:1.00/0.57;security:0.40/0.00"
coronal_tap,adaptors,starter,first-choice,50,11,35,4,0,0,0.8467,0.9911,0,0,0.0577,36,0.4454,0.4600,0.2031,0.4074,597.26,96,3596,2425,1383,2661,590,389,0,816,1233,7,7,12225.88,84.64,320.00,"agriculture:1.00/0.70;education_culture:1.00/0.70;engineering_bay:1.00/0.70;life_support_habitat:1.00/0.70;medical_bay:1.00/0.70;security:1.00/0.70","agriculture:0.53/0.56;education_culture:0.54/0.03;engineering_bay:0.52/0.40;life_support_habitat:1.00/0.59;medical_bay:0.31/0.00;security:0.43/0.00"
coronal_tap,adaptors,starter,objective-first,50,25,25,0,0,0,0.9011,1.0000,9768,10918,0.0000,84,0.4455,0.5200,0.2228,0.4102,388.46,0,3614,2294,1743,2642,474,390,0,695,400,0,0,27639.88,90.08,320.08,"agriculture:1.00/0.70;education_culture:1.00/0.70;engineering_bay:1.00/0.70;life_support_habitat:1.00/0.70;medical_bay:1.00/0.70;security:1.00/0.70","agriculture:0.31/0.00;education_culture:1.00/0.92;engineering_bay:0.46/0.64;life_support_habitat:1.00/0.43;medical_bay:1.00/0.50;security:0.56/0.00"
coronal_tap,preservers,cargo,conservative,50,46,4,0,0,0,0.9534,1.0000,3380,11414,0.0524,26,0.6955,0.6990,0.2555,0.5394,335.60,0,3248,2361,1858,0,2775,398,0,2139,1144,0,0,12624.34,95.30,320.00,"agriculture:1.00/0.70;education_culture:1.00/0.70;engineering_bay:1.00/0.70;life_support_habitat:1.00/0.70;medical_bay:1.00/0.70;security:1.00/0.70","agriculture:0.74/0.58;education_culture:1.00/0.95;engineering_bay:0.73/0.45;life_support_habitat:1.00/0.63;medical_bay:1.00/0.52;security:0.45/0.00"
coronal_tap,preservers,cargo,first-choice,50,11,36,3,0,0,0.8376,0.9855,1257,368,0.1016,44,0.4452,0.4900,0.0036,0.4112,613.38,95,3542,2311,1412,2679,501,393,0,859,724,5,5,12318.98,83.78,320.00,"agriculture:1.00/0.70;education_culture:1.00/0.70;engineering_bay:1.00/0.70;life_support_habitat:1.00/0.70;medical_bay:1.00/0.70;security:1.00/0.70","agriculture:0.49/0.61;education_culture:0.63/0.24;engineering_bay:0.49/0.49;life_support_habitat:1.00/0.55;medical_bay:0.23/0.00;security:0.47/0.00"
coronal_tap,preservers,cargo,objective-first,50,27,23,0,0,0,0.8979,1.0000,3380,11492,0.0000,83,0.4453,0.4900,0.1017,0.4424,399.42,0,3592,2231,1824,2648,444,385,0,739,278,0,0,22882.74,89.78,320.00,"agriculture:1.00/0.70;education_culture:1.00/0.70;engineering_bay:1.00/0.70;life_support_habitat:1.00/0.70;medical_bay:1.00/0.70;security:1.00/0.70","agriculture:0.35/0.00;education_culture:1.00/0.95;engineering_bay:0.48/0.60;life_support_habitat:1.00/0.53;medical_bay:1.00/0.45;security:0.41/0.00"
coronal_tap,preservers,combat,conservative,50,49,1,0,0,0,0.9715,1.0000,2608,10007,0.1192,0,0.6954,0.6990,0.4325,0.5077,255.18,0,2571,2578,1942,0,3029,377,0,2121,1033,0,0,12596.60,97.20,320.00,"agriculture:1.00/0.70;education_culture:1.00/0.70;engineering_bay:1.00/0.70;life_support_habitat:1.00/0.70;medical_bay:1.00/0.70;security:1.00/0.70","agriculture:0.70/0.65;education_culture:1.00/0.92;engineering_bay:0.74/0.40;life_support_habitat:1.00/0.60;medical_bay:1.00/0.55;security:0.49/0.00"
coronal_tap,preservers,combat,first-choice,50,14,32,4,0,0,0.8504,0.9874,1953,505,0.1488,73,0.4454,0.4800,0.0000,0.4027,568.08,92,3034,2514,1509,2881,604,409,0,781,649,1,1,12445.68,85.02,320.00,"agriculture:1.00/0.70;education_culture:1.00/0.70;engineering_bay:1.00/0.70;life_support_habitat:1.00/0.70;medical_bay:1.00/0.70;security:1.00/0.70","agriculture:0.36/0.23;education_culture:1.00/0.94;engineering_bay:0.48/0.40;life_support_habitat:1.00/0.63;medical_bay:0.29/0.00;security:0.41/0.00"
coronal_tap,preservers,combat,objective-first,50,35,15,0,0,0,0.9142,1.0000,2608,10328,0.0601,96,0.4454,0.4900,0.0000,0.5077,345.00,0,3094,2477,1930,2786,490,388,0,649,224,0,0,22402.20,91.42,320.00,"agriculture:1.00/0.70;education_culture:1.00/0.70;engineering_bay:1.00/0.70;life_support_habitat:1.00/0.70;medical_bay:1.00/0.70;security:1.00/0.70","agriculture:0.42/0.00;education_culture:1.00/0.95;engineering_bay:0.50/0.60;life_support_habitat:1.00/0.53;medical_bay:1.00/0.42;security:0.17/0.00"
coronal_tap,preservers,fuel,conservative,50,49,1,0,0,0,0.9593,1.0000,6605,11476,0.8573,0,0.6886,0.6990,0.3478,0.3988,308.50,0,3253,2363,1870,0,2782,389,0,2102,1241,0,0,12582.34,95.92,320.00,"agriculture:1.00/0.70;education_culture:1.00/0.70;engineering_bay:1.00/0.70;life_support_habitat:1.00/0.70;medical_bay:1.00/0.70;security:1.00/0.70","agriculture:0.70/0.38;education_culture:1.00/0.97;engineering_bay:0.70/0.45;life_support_habitat:1.00/0.65;medical_bay:1.00/0.62;security:0.63/0.00"
coronal_tap,preservers,fuel,first-choice,50,11,37,2,0,0,0.8469,0.9676,2170,851,0.8500,46,0.4452,0.4800,0.0000,0.4112,570.70,96,3545,2321,1439,2591,535,396,0,866,862,3,3,12090.62,84.70,320.00,"agriculture:1.00/0.70;education_culture:1.00/0.70;engineering_bay:1.00/0.70;life_support_habitat:1.00/0.70;medical_bay:1.00/0.70;security:1.00/0.70","agriculture:0.52/0.58;education_culture:0.71/0.01;engineering_bay:0.49/0.45;life_support_habitat:1.00/0.50;medical_bay:0.30/0.00;security:0.47/0.00"
coronal_tap,preservers,fuel,objective-first,50,24,26,0,0,0,0.8985,1.0000,6605,9998,0.8573,96,0.4454,0.4600,0.1029,0.4456,402.76,0,3680,2218,1727,2605,461,395,0,674,388,0,0,23433.94,89.88,320.00,"agriculture:1.00/0.70;education_culture:1.00/0.70;engineering_bay:1.00/0.70;life_support_habitat:1.00/0.70;medical_bay:1.00/0.70;security:1.00/0.70","agriculture:0.31/0.15;education_culture:1.00/0.90;engineering_bay:0.50/0.60;life_support_habitat:1.00/0.48;medical_bay:0.96/0.42;security:0.42/0.00"
coronal_tap,preservers,speed,conservative,50,49,1,0,0,0,0.9563,1.0000,3955,11476,0.0000,0,0.6534,0.6765,0.3105,0.4707,322.94,0,3259,2324,1889,0,2725,363,0,2162,1531,0,0,12652.54,95.64,320.04,"agriculture:1.00/0.70;education_culture:1.00/0.70;engineering_bay:1.00/0.70;life_support_habitat:1.00/0.70;medical_bay:1.00/0.70;security:1.00/0.70","agriculture:0.70/0.58;education_culture:1.00/0.85;engineering_bay:0.73/0.50;life_support_habitat:1.00/0.58;medical_bay:1.00/0.62;security:0.74/0.45"
coronal_tap,preservers,speed,first-choice,50,8,41,1,0,0,0.8420,0.9981,447,11,0.1016,74,0.4452,0.4600,0.1633,0.4112,619.00,95,3514,2278,1429,2653,551,390,0,868,1136,7,7,12389.32,84.20,320.00,"agriculture:1.00/0.70;education_culture:1.00/0.70;engineering_bay:1.00/0.70;life_support_habitat:1.00/0.70;medical_bay:1.00/0.70;security:1.00/0.70","agriculture:0.51/0.58;education_culture:0.70/0.46;engineering_bay:0.48/0.40;life_support_habitat:1.00/0.74;medical_bay:0.23/0.00;security:0.41/0.00"
coronal_tap,preservers,speed,objective-first,50,23,27,0,0,0,0.8987,1.0000,3955,11270,0.0000,75,0.4454,0.5050,0.3315,0.5394,401.36,0,3619,2216,1756,2704,457,415,0,688,367,0,0,26689.74,89.80,320.08,"agriculture:1.00/0.70;education_culture:1.00/0.70;engineering_bay:1.00/0.70;life_support_habitat:1.00/0.70;medical_bay:1.00/0.70;security:1.00/0.70","agriculture:0.29/0.00;education_culture:1.00/0.87;engineering_bay:0.48/0.60;life_support_habitat:1.00/0.58;medical_bay:1.00/0.42;security:0.11/0.00"
coronal_tap,preservers,starter,conservative,50,49,1,0,0,0,0.9587,1.0000,7942,11412,0.5180,0,0.6953,0.6955,0.1802,0.4648,313.46,0,3171,2409,1838,0,2772,370,0,2192,1684,0,0,12703.54,95.90,320.00,"agriculture:1.00/0.70;education_culture:1.00/0.70;engineering_bay:1.00/0.70;life_support_habitat:1.00/0.70;medical_bay:1.00/0.70;security:1.00/0.70","agriculture:0.72/0.58;education_culture:1.00/0.95;engineering_bay:0.75/0.45;life_support_habitat:1.00/0.58;medical_bay:1.00/0.55;security:0.50/0.00"
coronal_tap,preservers,starter,first-choice,50,14,33,3,0,0,0.8523,0.9844,2464,0,0.1263,60,0.4454,0.4900,0.0000,0.4112,575.28,95,3574,2328,1398,2611,547,377,0,818,1270,3,3,12316.66,85.20,320.00,"agriculture:1.00/0.70;education_culture:1.00/0.70;engineering_bay:1.00/0.70;life_support_habitat:1.00/0.70;medical_bay:1.00/0.70;security:1.00/0.70","agriculture:0.53/0.56;education_culture:0.63/0.24;engineering_bay:0.47/0.37;life_support_habitat:1.00/0.52;medical_bay:0.36/0.00;security:0.43/0.00"
coronal_tap,preservers,starter,objective-first,50,21,29,0,0,0,0.8969,1.0000,9630,10679,0.0000,93,0.4454,0.4900,0.1129,0.5087,397.70,0,3649,2219,1741,2679,452,385,0,644,400,0,0,27783.34,89.68,320.06,"agriculture:1.00/0.70;education_culture:1.00/0.70;engineering_bay:1.00/0.70;life_support_habitat:1.00/0.70;medical_bay:1.00/0.70;security:1.00/0.70","agriculture:0.61/0.15;education_culture:1.00/0.90;engineering_bay:0.47/0.60;life_support_habitat:1.00/0.43;medical_bay:1.00/0.42;security:0.42/0.00"
coronal_tap,wanderers,cargo,conservative,50,50,0,0,0,0,0.9495,1.0000,3518,10639,0.2045,2,0.6956,0.6990,0.4826,0.5294,351.26,0,3128,2405,1867,0,2769,371,0,2095,1133,0,0,12583.44,94.94,320.00,"agriculture:1.00/0.70;education_culture:1.00/0.70;engineering_bay:1.00/0.70;life_support_habitat:1.00/0.70;medical_bay:1.00/0.70;security:1.00/0.70","agriculture:0.70/0.58;education_culture:1.00/0.97;engineering_bay:0.75/0.50;life_support_habitat:1.00/0.64;medical_bay:1.00/0.57;security:0.48/0.00"
coronal_tap,wanderers,cargo,first-choice,50,5,42,3,0,0,0.8349,0.9870,0,0,0.0482,46,0.4453,0.4800,0.2061,0.4597,638.74,97,3625,2334,1388,2586,550,382,0,843,837,7,7,12027.42,83.42,320.00,"agriculture:1.00/0.70;education_culture:1.00/0.70;engineering_bay:1.00/0.70;life_support_habitat:1.00/0.70;medical_bay:1.00/0.70;security:1.00/0.70","agriculture:0.56/0.36;education_culture:0.58/0.22;engineering_bay:0.47/0.48;life_support_habitat:1.00/0.67;medical_bay:0.23/0.00;security:0.44/0.00"
coronal_tap,wanderers,cargo,objective-first,50,21,29,0,0,0,0.8918,1.0000,3518,10382,0.0640,66,0.4454,0.4780,0.2774,0.5032,429.06,0,3531,2298,1718,2597,437,387,0,700,285,0,0,22809.84,89.18,320.00,"agriculture:1.00/0.70;education_culture:1.00/0.70;engineering_bay:1.00/0.70;life_support_habitat:1.00/0.70;medical_bay:1.00/0.70;security:1.00/0.70","agriculture:0.12/0.00;education_culture:1.00/1.00;engineering_bay:0.53/0.60;life_support_habitat:1.00/0.53;medical_bay:1.00/0.47;security:0.52/0.30"
coronal_tap,wanderers,combat,conservative,50,50,0,0,0,0,0.9725,1.0000,2686,10197,0.3196,0,0.6954,0.6990,0.5212,0.5270,253.04,0,2461,2553,1845,0,3034,380,0,2151,1053,0,0,12587.10,97.26,320.00,"agriculture:1.00/0.70;education_culture:1.00/0.70;engineering_bay:1.00/0.70;life_support_habitat:1.00/0.70;medical_bay:1.00/0.70;security:1.00/0.70","agriculture:0.71/0.60;education_culture:1.00/0.99;engineering_bay:0.74/0.55;life_support_habitat:1.00/0.63;medical_bay:1.00/0.57;security:0.17/0.00"
coronal_tap,wanderers,combat,first-choice,50,11,36,3,0,0,0.8499,0.9920,70,0,0.1482,76,0.4454,0.4600,0.0000,0.4610,576.60,91,2921,2546,1560,2789,628,402,0,802,852,9,9,12156.50,84.98,320.00,"agriculture:1.00/0.70;education_culture:1.00/0.70;engineering_bay:1.00/0.70;life_support_habitat:1.00/0.70;medical_bay:1.00/0.70;security:1.00/0.70","agriculture:0.53/0.53;education_culture:0.70/0.23;engineering_bay:0.46/0.40;life_support_habitat:1.00/0.69;medical_bay:0.60/0.00;security:0.42/0.00"
coronal_tap,wanderers,combat,objective-first,50,30,20,0,0,0,0.9100,1.0000,2686,9621,0.0415,126,0.4453,0.4600,0.4772,0.5270,364.06,0,3049,2435,1841,2688,538,382,0,660,215,0,0,21950.70,90.98,320.00,"agriculture:1.00/0.70;education_culture:1.00/0.70;engineering_bay:1.00/0.70;life_support_habitat:1.00/0.70;medical_bay:1.00/0.70;security:1.00/0.70","agriculture:0.38/0.00;education_culture:1.00/0.99;engineering_bay:0.46/0.60;life_support_habitat:1.00/0.48;medical_bay:1.00/0.47;security:0.48/0.00"
coronal_tap,wanderers,fuel,conservative,50,49,1,0,0,0,0.9532,1.0000,5422,10642,0.8653,0,0.6956,0.6970,0.4096,0.5294,335.36,0,3156,2413,1865,0,2758,381,0,2124,1199,0,0,12511.84,95.38,320.00,"agriculture:1.00/0.70;education_culture:1.00/0.70;engineering_bay:1.00/0.70;life_support_habitat:1.00/0.70;medical_bay:1.00/0.70;security:1.00/0.70","agriculture:0.56/0.00;education_culture:1.00/0.92;engineering_bay:0.73/0.40;life_support_habitat:1.00/0.47;medical_bay:1.00/0.47;security:0.44/0.00"
coronal_tap,wanderers,fuel,first-choice,50,10,34,6,0,0,0.8234,0.9726,1321,825,0.8500,69,0.4454,0.4490,0.2117,0.4170,662.66,97,3519,2360,1344,2633,589,388,0,835,1009,1,1,11872.44,82.28,320.00,"agriculture:1.00/0.70;education_culture:1.00/0.70;engineering_bay:1.00/0.70;life_support_habitat:1.00/0.70;medical_bay:1.00/0.70;security:1.00/0.70","agriculture:0.33/0.05;education_culture:0.53/0.00;engineering_bay:0.50/0.44;life_support_habitat:1.00/0.60;medical_bay:0.47/0.60;security:0.40/0.00"
coronal_tap,wanderers,fuel,objective-first,50,22,28,0,0,0,0.8984,1.0000,6713,9830,0.8653,76,0.4454,0.4900,0.4319,0.4475,412.80,0,3541,2247,1790,2628,460,388,0,694,382,0,0,22600.64,89.92,320.00,"agriculture:1.00/0.70;education_culture:1.00/0.70;engineering_bay:1.00/0.70;life_support_habitat:1.00/0.70;medical_bay:1.00/0.70;security:1.00/0.70","agriculture:0.36/0.00;education_culture:1.00/0.95;engineering_bay:0.55/0.60;life_support_habitat:1.00/0.53;medical_bay:1.00/0.50;security:0.40/0.00"
coronal_tap,wanderers,speed,conservative,50,48,2,0,0,0,0.9552,1.0000,4153,10640,0.2045,2,0.6956,0.6990,0.4878,0.5294,328.72,0,3128,2401,1877,0,2773,380,0,2130,1540,0,0,12656.64,95.50,320.00,"agriculture:1.00/0.70;education_culture:1.00/0.70;engineering_bay:1.00/0.70;life_support_habitat:1.00/0.70;medical_bay:1.00/0.70;security:1.00/0.70","agriculture:0.72/0.58;education_culture:1.00/0.99;engineering_bay:0.75/0.55;life_support_habitat:1.00/0.65;medical_bay:1.00/0.57;security:0.17/0.05"
coronal_tap,wanderers,speed,first-choice,50,10,38,2,0,0,0.8415,0.9991,1034,699,0.0482,12,0.4453,0.4510,0.0510,0.4170,626.36,94,3575,2346,1387,2645,551,381,0,872,1254,5,5,12434.38,84.16,320.00,"agriculture:1.00/0.70;education_culture:1.00/0.70;engineering_bay:1.00/0.70;life_support_habitat:1.00/0.70;medical_bay:1.00/0.70;security:1.00/0.70","agriculture:0.50/0.41;education_culture:0.52/0.32;engineering_bay:0.47/0.40;life_support_habitat:1.00/0.59;medical_bay:0.34/0.00;security:0.46/0.00"
coronal_tap,wanderers,speed,objective-first,50,20,30,0,0,0,0.8890,1.0000,4153,10550,0.1164,78,0.4453,0.4960,0.0460,0.4285,438.54,0,3584,2242,1725,2637,437,380,0,725,371,0,0,26933.04,88.88,320.00,"agriculture:1.00/0.70;education_culture:1.00/0.70;engineering_bay:1.00/0.70;life_support_habitat:1.00/0.70;medical_bay:1.00/0.70;security:1.00/0.70","agriculture:0.41/0.00;education_culture:1.00/0.95;engineering_bay:0.51/0.60;life_support_habitat:1.00/0.58;medical_bay:1.00/0.47;security:0.39/0.00"
coronal_tap,wanderers,starter,conservative,50,49,1,0,0,0,0.9587,1.0000,5336,10537,0.3852,0,0.6256,0.6790,0.4878,0.4861,311.64,0,3119,2400,1860,0,2815,386,0,2117,1659,0,0,12541.64,95.90,320.00,"agriculture:1.00/0.70;education_culture:1.00/0.70;engineering_bay:1.00/0.70;life_support_habitat:1.00/0.70;medical_bay:1.00/0.70;security:1.00/0.70","agriculture:0.72/0.58;education_culture:1.00/0.93;engineering_bay:0.74/0.55;life_support_habitat:1.00/0.70;medical_bay:1.00/0.53;security:0.21/0.00"
coronal_tap,wanderers,starter,first-choice,50,11,36,3,0,0,0.8483,0.9861,351,0,0.1052,34,0.4453,0.4490,0.0481,0.4547,586.42,99,3505,2356,1391,2661,554,409,0,843,1388,10,10,12054.40,84.82,320.00,"agriculture:1.00/0.70;education_culture:1.00/0.70;engineering_bay:1.00/0.70;life_support_habitat:1.00/0.70;medical_bay:1.00/0.70;security:1.00/0.70","agriculture:0.53/0.49;education_culture:0.63/0.43;engineering_bay:0.51/0.45;life_support_habitat:1.00/0.75;medical_bay:0.35/0.00;security:0.42/0.00"
coronal_tap,wanderers,starter,objective-first,50,21,29,0,0,0,0.8938,1.0000,9220,10221,0.1465,101,0.4453,0.4900,0.1492,0.4846,414.34,0,3527,2282,1780,2667,486,394,0,665,400,0,0,26706.24,89.42,320.00,"agriculture:1.00/0.70;education_culture:1.00/0.70;engineering_bay:1.00/0.70;life_support_habitat:1.00/0.70;medical_bay:1.00/0.70;security:1.00/0.70","agriculture:0.05/0.00;education_culture:1.00/0.97;engineering_bay:0.50/0.64;life_support_habitat:1.00/0.55;medical_bay:0.97/0.50;security:0.40/0.00"
deep_vein_survey,adaptors,cargo,conservative,50,50,0,0,0,0,0.9811,1.0000,3396,9393,0.2164,48,0.6976,0.6990,0.6733,0.5142,198.56,0,2498,2836,2129,0,3327,425,0,1694,1201,0,0,13160.20,98.12,340.00,"agriculture:1.00/0.70;education_culture:1.00/0.70;engineering_bay:1.00/0.70;life_support_habitat:1.00/0.70;medical_bay:1.00/0.70;security:1.00/0.70","agriculture:0.74/0.60;education_culture:1.00/0.97;engineering_bay:0.66/0.37;life_support_habitat:1.00/0.45;medical_bay:1.00/0.45;security:0.42/0.00"
deep_vein_survey,adaptors,cargo,first-choice,50,12,37,1,0,0,0.8516,0.9975,0,89,0.0357,73,0.4474,0.4600,0.4640,0.5463,579.70,93,2991,2779,1720,3059,648,418,0,567,773,13,13,12725.02,85.16,340.00,"agriculture:1.00/0.70;education_culture:1.00/0.70;engineering_bay:1.00/0.70;life_support_habitat:1.00/0.70;medical_bay:1.00/0.70;security:1.00/0.70","agriculture:0.30/0.07;education_culture:0.28/0.08;engineering_bay:0.44/0.37;life_support_habitat:1.00/0.50;medical_bay:0.40/0.00;security:0.36/0.00"
deep_vein_survey,adaptors,cargo,objective-first,50,41,9,0,0,0,0.9253,1.0000,3396,8970,0.0000,117,0.4474,0.4495,0.6460,0.5557,303.44,0,2974,2677,2107,2964,619,442,0,459,282,0,0,24478.60,92.56,340.12,"agriculture:1.00/0.70;education_culture:1.00/0.70;engineering_bay:1.00/0.70;life_support_habitat:1.00/0.70;medical_bay:1.00/0.70;security:1.00/0.70","agriculture:0.37/0.00;education_culture:1.00/0.92;engineering_bay:0.47/0.60;life_support_habitat:1.00/0.53;medical_bay:1.00/0.45;security:0.64/0.00"
deep_vein_survey,adaptors,combat,conservative,50,50,0,0,0,0,0.9789,1.0000,2396,10450,0.2164,57,0.6976,0.6990,0.6733,0.5142,213.46,0,2514,2827,2115,0,3272,421,0,1674,1146,0,0,13120.80,97.86,340.00,"agriculture:1.00/0.70;education_culture:1.00/0.70;engineering_bay:1.00/0.70;life_support_habitat:1.00/0.70;medical_bay:1.00/0.70;security:1.00/0.70","agriculture:0.73/0.55;education_culture:1.00/0.97;engineering_bay:0.66/0.37;life_support_habitat:1.00/0.45;medical_bay:1.00/0.45;security:0.42/0.00"
deep_vein_survey,adaptors,combat,first-choice,50,13,35,2,0,0,0.8557,0.9990,0,0,0.0357,59,0.4474,0.4600,0.4640,0.5463,563.10,92,2963,2753,1726,3082,675,415,0,582,692,17,17,12688.12,85.60,340.00,"agriculture:1.00/0.70;education_culture:1.00/0.70;engineering_bay:1.00/0.70;life_support_habitat:1.00/0.70;medical_bay:1.00/0.70;security:1.00/0.70","agriculture:0.29/0.00;education_culture:0.28/0.08;engineering_bay:0.44/0.37;life_support_habitat:1.00/0.50;medical_bay:0.40/0.00;security:0.36/0.00"
deep_vein_survey,adaptors,combat,objective-first,50,39,11,0,0,0,0.9206,1.0000,2396,9582,0.0000,116,0.4475,0.4495,0.6460,0.4748,323.12,0,3030,2645,2055,3010,571,444,0,480,237,0,0,23967.20,92.08,340.12,"agriculture:1.00/0.70;education_culture:1.00/0.70;engineering_bay:1.00/0.70;life_support_habitat:1.00/0.70;medical_bay:1.00/0.70;security:1.00/0.70","agriculture:0.37/0.30;education_culture:1.00/0.90;engineering_bay:0.50/0.61;life_support_habitat:1.00/0.53;medical_bay:1.00/0.45;security:0.36/0.00"
deep_vein_survey,adaptors,fuel,conservative,50,50,0,0,0,0,0.9812,1.0000,6631,11197,0.8564,15,0.6975,0.6990,0.6733,0.5558,201.22,0,2522,2808,2191,0,3286,423,0,1728,1350,0,0,13174.80,98.10,340.00,"agriculture:1.00/0.70;education_culture:1.00/0.70;engineering_bay:1.00/0.70;life_support_habitat:1.00/0.70;medical_bay:1.00/0.70;security:1.00/0.70","agriculture:0.74/0.53;education_culture:1.00/0.90;engineering_bay:0.68/0.37;life_support_habitat:1.00/0.67;medical_bay:1.00/0.55;security:0.56/0.00"
deep_vein_survey,adaptors,fuel,first-choice,50,12,38,0,0,0,0.8600,0.9867,383,0,0.8500,75,0.4473,0.4675,0.4640,0.5463,535.56,97,2951,2805,1740,3034,645,419,0,560,907,3,3,12830.16,86.04,340.00,"agriculture:1.00/0.70;education_culture:1.00/0.70;engineering_bay:1.00/0.70;life_support_habitat:1.00/0.70;medical_bay:1.00/0.70;security:1.00/0.70","agriculture:0.43/0.13;education_culture:0.23/0.00;engineering_bay:0.53/0.42;life_support_habitat:1.00/0.54;medical_bay:0.48/0.45;security:0.37/0.00"
deep_vein_survey,adaptors,fuel,objective-first,50,38,12,0,0,0,0.9248,1.0000,6631,9764,0.8565,87,0.4473,0.4495,0.4204,0.4457,315.18,0,3013,2693,2125,3037,598,425,0,454,392,0,0,25010.40,92.50,340.00,"agriculture:1.00/0.70;education_culture:1.00/0.70;engineering_bay:1.00/0.70;life_support_habitat:1.00/0.70;medical_bay:1.00/0.70;security:1.00/0.70","agriculture:0.31/0.00;education_culture:1.00/0.92;engineering_bay:0.50/0.57;life_support_habitat:1.00/0.68;medical_bay:1.00/0.45;security:0.37/0.00"
deep_vein_survey,adaptors,speed,conservative,50,50,0,0,0,0,0.9813,1.0000,3941,10813,0.2164,51,0.6976,0.6990,0.6733,0.5558,209.94,0,2564,2846,2117,0,3319,433,0,1778,1681,0,0,13111.80,98.14,340.00,"agriculture:1.00/0.70;education_culture:1.00/0.70;engineering_bay:1.00/0.70;life_support_habitat:1.00/0.70;medical_bay:1.00/0.70;security:1.00/0.70","agriculture:0.72/0.53;education_culture:1.00/0.95;engineering_bay:0.70/0.40;life_support_habitat:1.00/0.65;medical_bay:1.00/0.52;security:0.60/0.10"
deep_vein_survey,adaptors,speed,first-choice,50,13,37,0,0,0,0.8632,1.0000,940,0,0.0499,55,0.4474,0.4490,0.3228,0.5463,538.46,93,3021,2789,1725,3055,645,418,0,633,1255,6,6,13102.52,86.28,340.00,"agriculture:1.00/0.70;education_culture:1.00/0.70;engineering_bay:1.00/0.70;life_support_habitat:1.00/0.70;medical_bay:1.00/0.70;security:1.00/0.70","agriculture:0.51/0.46;education_culture:0.28/0.00;engineering_bay:0.37/0.37;life_support_habitat:1.00/0.38;medical_bay:0.47/0.30;security:0.42/0.00"
deep_vein_survey,adaptors,speed,objective-first,50,36,14,0,0,0,0.9220,1.0000,3941,9753,0.0727,64,0.4474,0.4495,0.6082,0.4088,323.14,0,3059,2715,2109,2985,583,436,0,501,380,0,0,28532.80,92.18,340.00,"agriculture:1.00/0.70;education_culture:1.00/0.70;engineering_bay:1.00/0.70;life_support_habitat:1.00/0.70;medical_bay:1.00/0.70;security:1.00/0.70","agriculture:0.30/0.00;education_culture:1.00/0.88;engineering_bay:0.47/0.57;life_support_habitat:1.00/0.48;medical_bay:1.00/0.48;security:0.36/0.00"
deep_vein_survey,adaptors,starter,conservative,50,50,0,0,0,0,0.9709,1.0000,7998,10323,0.5255,35,0.6976,0.6990,0.6628,0.5558,251.28,0,2569,2804,2202,0,3205,434,0,1794,1784,0,0,13117.00,97.10,340.00,"agriculture:1.00/0.70;education_culture:1.00/0.70;engineering_bay:1.00/0.70;life_support_habitat:1.00/0.70;medical_bay:1.00/0.70;security:1.00/0.70","agriculture:0.72/0.53;education_culture:1.00/0.96;engineering_bay:0.78/0.37;life_support_habitat:1.00/0.58;medical_bay:1.00/0.48;security:0.48/0.00"
deep_vein_survey,adaptors,starter,first-choice,50,13,37,0,0,0,0.8563,0.9969,4298,459,0.0734,62,0.4473,0.4495,0.4640,0.5034,566.58,93,2928,2808,1703,3160,687,415,0,553,1297,3,3,13066.24,85.58,340.00,"agriculture:1.00/0.70;education_culture:1.00/0.70;engineering_bay:1.00/0.70;life_support_habitat:1.00/0.70;medical_bay:1.00/0.70;security:1.00/0.70","agriculture:0.46/0.58;education_culture:0.33/0.00;engineering_bay:0.48/0.37;life_support_habitat:1.00/0.55;medical_bay:0.46/0.15;security:0.40/0.00"
deep_vein_survey,adaptors,starter,objective-first,50,37,13,0,0,0,0.9210,1.0000,9646,11015,0.0510,101,0.4474,0.4495,0.6478,0.5557,328.14,0,3027,2629,2165,2994,593,426,0,454,400,0,0,29639.40,92.16,340.00,"agriculture:1.00/0.70;education_culture:1.00/0.70;engineering_bay:1.00/0.70;life_support_habitat:1.00/0.70;medical_bay:1.00/0.70;security:1.00/0.70","agriculture:0.31/0.00;education_culture:1.00/0.90;engineering_bay:0.45/0.57;life_support_habitat:1.00/0.43;medical_bay:1.00/0.42;security:0.43/0.15"
deep_vein_survey,preservers,cargo,conservative,50,50,0,0,0,0,0.9763,1.0000,3396,9002,0.1512,66,0.6976,0.6990,0.6644,0.5586,226.68,0,2491,2732,2216,0,3270,435,0,1692,1251,0,0,13152.80,97.64,340.00,"agriculture:1.00/0.70;education_culture:1.00/0.70;engineering_bay:1.00/0.70;life_support_habitat:1.00/0.70;medical_bay:1.00/0.70;security:1.00/0.70","agriculture:0.72/0.55;education_culture:1.00/0.94;engineering_bay:0.69/0.37;life_support_habitat:1.00/0.60;medical_bay:1.00/0.52;security:0.40/0.00"
deep_vein_survey,preservers,cargo,first-choice,50,16,32,2,0,0,0.8607,0.9960,70,22,0.1048,37,0.4473,0.4495,0.3418,0.4511,545.12,97,2926,2774,1672,3071,654,416,0,655,801,8,8,12715.30,86.08,340.00,"agriculture:1.00/0.70;education_culture:1.00/0.70;engineering_bay:1.00/0.70;life_support_habitat:1.00/0.70;medical_bay:1.00/0.70;security:1.00/0.70","agriculture:0.53/0.57;education_culture:0.38/0.04;engineering_bay:0.45/0.37;life_support_habitat:1.00/0.60;medical_bay:0.83/0.00;security:0.36/0.00"
deep_vein_survey,preservers,cargo,objective-first,50,36,14,0,0,0,0.9182,1.0000,3396,8375,0.0000,74,0.4474,0.4495,0.6316,0.4890,328.16,0,3026,2624,2155,2966,579,425,0,506,294,0,0,24623.80,91.84,340.04,"agriculture:1.00/0.70;education_culture:1.00/0.70;engineering_bay:1.00/0.70;life_support_habitat:1.00/0.70;medical_bay:1.00/0.70;security:1.00/0.70","agriculture:0.36/0.00;education_culture:1.00/0.88;engineering_bay:0.46/0.57;life_support_habitat:1.00/0.48;medical_bay:1.00/0.42;security:0.65/0.00"
deep_vein_survey,preservers,combat,conservative,50,50,0,0,0,0,0.9759,1.0000,2396,8877,0.1512,42,0.6976,0.6990,0.6644,0.5586,225.20,0,2451,2751,2210,0,3252,439,0,1714,1137,0,0,13180.00,97.64,340.00,"agriculture:1.00/0.70;education_culture:1.00/0.70;engineering_bay:1.00/0.70;life_support_habitat:1.00/0.70;medical_bay:1.00/0.70;security:1.00/0.70","agriculture:0.72/0.50;education_culture:1.00/0.99;engineering_bay:0.67/0.37;life_support_habitat:1.00/0.50;medical_bay:1.00/0.42;security:0.40/0.00"
deep_vein_survey,preservers,combat,first-choice,50,10,38,2,0,0,0.8442,0.9940,70,0,0.1048,32,0.4474,0.4495,0.1613,0.4511,603.64,99,2939,2790,1688,3086,655,403,0,627,718,7,7,12905.50,84.42,340.00,"agriculture:1.00/0.70;education_culture:1.00/0.70;engineering_bay:1.00/0.70;life_support_habitat:1.00/0.70;medical_bay:1.00/0.70;security:1.00/0.70","agriculture:0.53/0.48;education_culture:0.38/0.04;engineering_bay:0.45/0.37;life_support_habitat:1.00/0.60;medical_bay:0.83/0.00;security:0.36/0.00"
deep_vein_survey,preservers,combat,objective-first,50,37,13,0,0,0,0.9179,1.0000,2396,8375,0.0000,113,0.4474,0.4495,0.6162,0.5148,333.02,0,2971,2662,2098,2986,586,422,0,485,241,0,0,24634.60,91.78,340.04,"agriculture:1.00/0.70;education_culture:1.00/0.70;engineering_bay:1.00/0.70;life_support_habitat:1.00/0.70;medical_bay:1.00/0.70;security:1.00/0.70","agriculture:0.35/0.00;education_culture:1.00/0.91;engineering_bay:0.47/0.57;life_support_habitat:1.00/0.58;medical_bay:1.00/0.42;security:0.35/0.00"
deep_vein_survey,preservers,fuel,conservative,50,49,1,0,0,0,0.9691,1.0000,6631,9892,0.8528,38,0.6976,0.6990,0.6644,0.5586,260.34,0,2531,2813,2138,0,3229,426,0,1737,1411,0,0,13201.00,96.92,340.00,"agriculture:1.00/0.70;education_culture:1.00/0.70;engineering_bay:1.00/0.70;life_support_habitat:1.00/0.70;medical_bay:1.00/0.70;security:1.00/0.70","agriculture:0.75/0.53;education_culture:1.00/0.91;engineering_bay:0.70/0.42;life_support_habitat:1.00/0.65;medical_bay:1.00/0.52;security:0.42/0.00"
deep_vein_survey,preservers,fuel,first-choice,50,13,36,1,0,0,0.8554,0.9855,65,498,0.8500,88,0.4474,0.4600,0.3418,0.4711,550.74,97,2923,2779,1688,3201,649,425,0,573,907,9,9,12469.50,85.54,340.00,"agriculture:1.00/0.70;education_culture:1.00/0.70;engineering_bay:1.00/0.70;life_support_habitat:1.00/0.70;medical_bay:1.00/0.70;security:1.00/0.70","agriculture:0.32/0.00;education_culture:0.42/0.00;engineering_bay:0.44/0.37;life_support_habitat:1.00/0.53;medical_bay:0.98/0.29;security:0.37/0.00"
deep_vein_survey,preservers,fuel,objective-first,50,34,16,0,0,0,0.9174,1.0000,6631,9677,0.8593,88,0.4473,0.4495,0.6478,0.5174,341.18,0,3048,2669,2179,2997,524,418,0,479,394,0,0,25350.20,91.74,340.00,"agriculture:1.00/0.70;education_culture:1.00/0.70;engineering_bay:1.00/0.70;life_support_habitat:1.00/0.70;medical_bay:1.00/0.70;security:1.00/0.70","agriculture:0.29/0.00;education_culture:1.00/0.82;engineering_bay:0.47/0.57;life_support_habitat:1.00/0.43;medical_bay:1.00/0.42;security:0.35/0.00"
deep_vein_survey,preservers,speed,conservative,50,50,0,0,0,0,0.9775,1.0000,3941,9504,0.1747,51,0.6976,0.6990,0.6644,0.5586,217.32,0,2553,2841,2188,0,3263,425,0,1755,1686,0,0,13153.40,97.72,340.00,"agriculture:1.00/0.70;education_culture:1.00/0.70;engineering_bay:1.00/0.70;life_support_habitat:1.00/0.70;medical_bay:1.00/0.70;security:1.00/0.70","agriculture:0.75/0.53;education_culture:1.00/1.00;engineering_bay:0.72/0.42;life_support_habitat:1.00/0.64;medical_bay:1.00/0.52;security:0.33/0.00"
deep_vein_survey,preservers,speed,first-choice,50,16,34,0,0,0,0.8724,0.9998,115,0,0.1048,67,0.4474,0.4500,0.2914,0.3551,504.08,95,2865,2761,1706,3080,654,422,0,661,1242,15,15,12743.62,87.28,340.00,"agriculture:1.00/0.70;education_culture:1.00/0.70;engineering_bay:1.00/0.70;life_support_habitat:1.00/0.70;medical_bay:1.00/0.70;security:1.00/0.70","agriculture:0.45/0.55;education_culture:0.29/0.00;engineering_bay:0.51/0.42;life_support_habitat:1.00/0.48;medical_bay:0.79/0.00;security:0.06/0.00"
deep_vein_survey,preservers,speed,objective-first,50,36,14,0,0,0,0.9197,1.0000,3941,9814,0.0418,119,0.4474,0.4495,0.6478,0.5408,330.08,0,2961,2655,2152,2994,545,431,0,446,378,0,0,29654.60,91.94,340.00,"agriculture:1.00/0.70;education_culture:1.00/0.70;engineering_bay:1.00/0.70;life_support_habitat:1.00/0.70;medical_bay:1.00/0.70;security:1.00/0.70","agriculture:0.37/0.00;education_culture:1.00/0.75;engineering_bay:0.52/0.61;life_support_habitat:1.00/0.48;medical_bay:1.00/0.42;security:0.18/0.00"
deep_vein_survey,preservers,starter,conservative,50,50,0,0,0,0,0.9803,1.0000,7652,8961,0.3626,44,0.6976,0.6990,0.6644,0.5380,204.94,0,2507,2829,2115,0,3269,428,0,1765,1775,0,0,13098.60,98.00,340.00,"agriculture:1.00/0.70;education_culture:1.00/0.70;engineering_bay:1.00/0.70;life_support_habitat:1.00/0.70;medical_bay:1.00/0.70;security:1.00/0.70","agriculture:0.71/0.63;education_culture:1.00/0.90;engineering_bay:0.71/0.40;life_support_habitat:1.00/0.69;medical_bay:1.00/0.52;security:0.14/0.00"
deep_vein_survey,preservers,starter,first-choice,50,11,37,2,0,0,0.8573,0.9917,70,495,0.0023,90,0.4474,0.4515,0.3418,0.4826,551.34,95,2897,2739,1703,3120,633,437,0,580,1322,7,7,13041.20,85.72,340.00,"agriculture:1.00/0.70;education_culture:1.00/0.70;engineering_bay:1.00/0.70;life_support_habitat:1.00/0.70;medical_bay:1.00/0.70;security:1.00/0.70","agriculture:0.51/0.59;education_culture:0.44/0.19;engineering_bay:0.49/0.41;life_support_habitat:1.00/0.75;medical_bay:0.47/0.00;security:0.37/0.00"
deep_vein_survey,preservers,starter,objective-first,50,34,16,0,0,0,0.9157,1.0000,9646,9814,0.0923,85,0.4474,0.4495,0.6478,0.5174,335.82,0,3087,2688,2107,2963,555,435,0,482,400,0,0,30029.40,91.56,340.00,"agriculture:1.00/0.70;education_culture:1.00/0.70;engineering_bay:1.00/0.70;life_support_habitat:1.00/0.70;medical_bay:1.00/0.70;security:1.00/0.70","agriculture:0.35/0.00;education_culture:1.00/0.87;engineering_bay:0.51/0.57;life_support_habitat:1.00/0.48;medical_bay:1.00/0.42;security:0.35/0.00"
deep_vein_survey,wanderers,cargo,conservative,50,50,0,0,0,0,0.9659,1.0000,3286,10497,0.0158,29,0.6976,0.6990,0.6633,0.5558,278.26,0,2545,2843,2080,0,3282,432,0,1716,1155,0,0,13069.10,96.58,340.00,"agriculture:1.00/0.70;education_culture:1.00/0.70;engineering_bay:1.00/0.70;life_support_habitat:1.00/0.70;medical_bay:1.00/0.70;security:1.00/0.70","agriculture:0.72/0.53;education_culture:1.00/1.00;engineering_bay:0.74/0.42;life_support_habitat:1.00/0.68;medical_bay:1.00/0.59;security:0.66/0.20"
deep_vein_survey,wanderers,cargo,first-choice,50,14,35,1,0,0,0.8656,0.9945,2875,677,0.0964,58,0.4474,0.4495,0.6100,0.5079,532.80,96,3094,2757,1715,3087,634,432,0,592,892,6,6,12669.90,86.54,340.00,"agriculture:1.00/0.70;education_culture:1.00/0.70;engineering_bay:1.00/0.70;life_support_habitat:1.00/0.70;medical_bay:1.00/0.70;security:1.00/0.70","agriculture:0.54/0.38;education_culture:0.43/0.21;engineering_bay:0.51/0.51;life_support_habitat:1.00/0.65;medical_bay:0.42/0.15;security:0.07/0.00"
deep_vein_survey,wanderers,cargo,objective-first,50,31,19,0,0,0,0.9076,1.0000,3286,10019,0.0000,129,0.4474,0.4495,0.5566,0.5472,374.10,0,2959,2760,1966,3002,532,433,0,474,296,0,0,23814.10,90.80,340.04,"agriculture:1.00/0.70;education_culture:1.00/0.70;engineering_bay:1.00/0.70;life_support_habitat:1.00/0.70;medical_bay:1.00/0.70;security:1.00/0.70","agriculture:0.31/0.00;education_culture:1.00/0.85;engineering_bay:0.52/0.57;life_support_habitat:1.00/0.48;medical_bay:1.00/0.42;security:0.36/0.00"
deep_vein_survey,wanderers,combat,conservative,50,48,2,0,0,0,0.9641,1.0000,2286,10249,0.0158,29,0.6976,0.6990,0.6633,0.5395,285.58,0,2474,2860,2089,0,3323,428,0,1754,1106,0,0,13060.30,96.44,340.00,"agriculture:1.00/0.70;education_culture:1.00/0.70;engineering_bay:1.00/0.70;life_support_habitat:1.00/0.70;medical_bay:1.00/0.70;security:1.00/0.70","agriculture:0.73/0.63;education_culture:1.00/0.86;engineering_bay:0.73/0.42;life_support_habitat:1.00/0.60;medical_bay:1.00/0.49;security:0.63/0.00"
deep_vein_survey,wanderers,combat,first-choice,50,15,34,1,0,0,0.8674,0.9959,1875,481,0.0964,73,0.4474,0.4495,0.6100,0.5247,525.10,94,3021,2772,1687,3115,650,426,0,627,904,3,3,12987.06,86.72,340.00,"agriculture:1.00/0.70;education_culture:1.00/0.70;engineering_bay:1.00/0.70;life_support_habitat:1.00/0.70;medical_bay:1.00/0.70;security:1.00/0.70","agriculture:0.53/0.43;education_culture:0.42/0.17;engineering_bay:0.51/0.51;life_support_habitat:1.00/0.65;medical_bay:0.42/0.15;security:0.07/0.00"
deep_vein_survey,wanderers,combat,objective-first,50,30,20,0,0,0,0.9104,1.0000,2286,10350,0.0000,90,0.4474,0.4495,0.5366,0.5557,372.52,0,2943,2707,2005,3014,530,435,0,514,246,0,0,24007.10,91.02,340.04,"agriculture:1.00/0.70;education_culture:1.00/0.70;engineering_bay:1.00/0.70;life_support_habitat:1.00/0.70;medical_bay:1.00/0.70;security:1.00/0.70","agriculture:0.31/0.00;education_culture:1.00/0.85;engineering_bay:0.51/0.57;life_support_habitat:1.00/0.48;medical_bay:1.00/0.42;security:0.36/0.00"
deep_vein_survey,wanderers,fuel,conservative,50,49,1,0,0,0,0.9713,1.0000,6406,10673,0.8526,52,0.6976,0.6990,0.6633,0.5558,257.28,0,2520,2853,2071,0,3205,421,0,1714,1334,0,0,12916.70,97.16,340.00,"agriculture:1.00/0.70;education_culture:1.00/0.70;engineering_bay:1.00/0.70;life_support_habitat:1.00/0.70;medical_bay:1.00/0.70;security:1.00/0.70","agriculture:0.72/0.63;education_culture:1.00/0.99;engineering_bay:0.69/0.37;life_support_habitat:1.00/0.55;medical_bay:1.00/0.55;security:0.14/0.00"
deep_vein_survey,wanderers,fuel,first-choice,50,17,32,1,0,0,0.8704,0.9933,166,0,0.8125,60,0.4474,0.4490,0.4556,0.4132,501.56,91,2989,2746,1746,3046,649,429,0,638,1013,7,7,12550.48,87.04,340.00,"agriculture:1.00/0.70;education_culture:1.00/0.70;engineering_bay:1.00/0.70;life_support_habitat:1.00/0.70;medical_bay:1.00/0.70;security:1.00/0.70","agriculture:0.48/0.41;education_culture:0.51/0.07;engineering_bay:0.49/0.45;life_support_habitat:1.00/0.60;medical_bay:0.32/0.00;security:0.47/0.15"
deep_vein_survey,wanderers,fuel,objective-first,50,26,24,0,0,0,0.9023,1.0000,6406,10803,0.8496,128,0.4473,0.4495,0.6014,0.4730,394.26,0,2961,2720,2050,2957,540,440,0,442,387,0,0,25029.10,90.24,340.00,"agriculture:1.00/0.70;education_culture:1.00/0.70;engineering_bay:1.00/0.70;life_support_habitat:1.00/0.70;medical_bay:1.00/0.70;security:1.00/0.70","agriculture:0.31/0.00;education_culture:1.00/0.85;engineering_bay:0.53/0.57;life_support_habitat:1.00/0.48;medical_bay:1.00/0.42;security:0.37/0.00"
deep_vein_survey,wanderers,speed,conservative,50,49,1,0,0,0,0.9671,1.0000,3941,10672,0.2371,0,0.6976,0.6990,0.6568,0.5348,276.46,0,2539,2727,2050,0,3227,449,0,1833,1664,0,0,13126.30,96.68,340.00,"agriculture:1.00/0.70;education_culture:1.00/0.70;engineering_bay:1.00/0.70;life_support_habitat:1.00/0.70;medical_bay:1.00/0.70;security:1.00/0.70","agriculture:0.70/0.43;education_culture:1.00/0.95;engineering_bay:0.74/0.47;life_support_habitat:1.00/0.67;medical_bay:1.00/0.52;security:0.57/0.00"
deep_vein_survey,wanderers,speed,first-choice,50,16,33,1,0,0,0.8730,1.0000,978,484,0.0964,59,0.4474,0.4495,0.6100,0.5079,520.58,93,2966,2746,1722,3067,657,434,0,636,1318,7,7,13098.66,87.34,340.00,"agriculture:1.00/0.70;education_culture:1.00/0.70;engineering_bay:1.00/0.70;life_support_habitat:1.00/0.70;medical_bay:1.00/0.70;security:1.00/0.70","agriculture:0.50/0.47;education_culture:0.41/0.09;engineering_bay:0.46/0.42;life_support_habitat:1.00/0.60;medical_bay:0.41/0.00;security:0.19/0.00"
deep_vein_survey,wanderers,speed,objective-first,50,25,25,0,0,0,0.9026,1.0000,3941,10575,0.0695,93,0.4474,0.4495,0.6478,0.4432,397.32,0,3076,2644,1982,2973,569,421,0,480,377,0,0,29205.70,90.30,340.00,"agriculture:1.00/0.70;education_culture:1.00/0.70;engineering_bay:1.00/0.70;life_support_habitat:1.00/0.70;medical_bay:1.00/0.70;security:1.00/0.70","agriculture:0.31/0.00;education_culture:1.00/0.85;engineering_bay:0.52/0.57;life_support_habitat:1.00/0.48;medical_bay:1.00/0.42;security:0.37/0.00"
deep_vein_survey,wanderers,starter,conservative,50,50,0,0,0,0,0.9675,1.0000,6642,10002,0.5302,53,0.6976,0.6990,0.6512,0.5558,273.48,0,2529,2817,2104,0,3219,421,0,1728,1703,0,0,12995.90,96.72,340.00,"agriculture:1.00/0.70;education_culture:1.00/0.70;engineering_bay:1.00/0.70;life_support_habitat:1.00/0.70;medical_bay:1.00/0.70;security:1.00/0.70","agriculture:0.72/0.43;education_culture:1.00/0.90;engineering_bay:0.69/0.37;life_support_habitat:1.00/0.59;medical_bay:1.00/0.55;security:0.17/0.00"
deep_vein_survey,wanderers,starter,first-choice,50,18,30,2,0,0,0.8674,0.9965,28,20,0.1086,69,0.4474,0.4490,0.4476,0.5174,504.42,88,2961,2779,1723,3120,591,409,0,622,1387,8,8,12780.44,86.72,340.00,"agriculture:1.00/0.70;education_culture:1.00/0.70;engineering_bay:1.00/0.70;life_support_habitat:1.00/0.70;medical_bay:1.00/0.70;security:1.00/0.70","agriculture:0.25/0.00;education_culture:0.36/0.00;engineering_bay:0.45/0.45;life_support_habitat:1.00/0.45;medical_bay:0.41/0.00;security:0.15/0.00"
deep_vein_survey,wanderers,starter,objective-first,50,28,22,0,0,0,0.9053,1.0000,8924,9462,0.0604,123,0.4474,0.4495,0.6478,0.5557,397.24,0,2988,2708,2012,2963,533,436,0,428,399,0,0,29343.10,90.52,340.00,"agriculture:1.00/0.70;education_culture:1.00/0.70;engineering_bay:1.00/0.70;life_support_habitat:1.00/0.70;medical_bay:1.00/0.70;security:1.00/0.70","agriculture:0.31/0.00;education_culture:1.00/0.85;engineering_bay:0.45/0.57;life_support_habitat:1.00/0.48;medical_bay:1.00/0.42;security:0.37/0.00"
founding_colony,adaptors,cargo,conservative,50,36,14,0,0,0,0.9194,1.0000,3357,10623,0.0000,0,0.4581,0.6290,0.5810,0.5118,379.12,0,3718,3533,3018,0,4200,537,0,2471,1748,0,0,31125.04,91.94,450.84,"agriculture:1.00/0.70;education_culture:1.00/0.70;engineering_bay:1.00/0.70;life_support_habitat:1.00/0.70;medical_bay:1.00/0.70;security:1.00/0.70","agriculture:0.74/0.45;education_culture:1.00/0.82;engineering_bay:0.56/0.25;life_support_habitat:1.00/0.48;medical_bay:1.00/0.45;security:0.75/0.15"
founding_colony,adaptors,cargo,first-choice,50,19,29,2,0,0,0.8667,0.9899,70,0,0.0000,0,0.3979,0.4490,0.4226,0.4600,542.58,98,4285,3545,2177,3879,838,567,0,1136,1095,13,13,30461.98,86.64,451.00,"agriculture:1.00/0.70;education_culture:1.00/0.70;engineering_bay:1.00/0.70;life_support_habitat:1.00/0.70;medical_bay:1.00/0.70;security:1.00/0.70","agriculture:0.49/0.44;education_culture:0.40/0.05;engineering_bay:0.00/0.00;life_support_habitat:1.00/0.24;medical_bay:0.09/0.00;security:0.42/0.00"
founding_colony,adaptors,cargo,objective-first,50,12,37,1,0,0,0.8633,1.0000,3357,10452,0.0000,27,0.4469,0.4490,0.6280,0.4004,573.22,0,4409,3343,2784,3797,732,536,0,753,603,0,0,43645.44,86.38,451.18,"agriculture:1.00/0.70;education_culture:1.00/0.70;engineering_bay:1.00/0.70;life_support_habitat:1.00/0.70;medical_bay:1.00/0.70;security:1.00/0.70","agriculture:0.49/0.45;education_culture:1.00/0.79;engineering_bay:0.00/0.00;life_support_habitat:1.00/0.43;medical_bay:1.00/0.22;security:0.18/0.00"
founding_colony,adaptors,combat,conservative,50,34,16,0,0,0,0.9146,1.0000,2357,10441,0.0000,0,0.5889,0.5865,0.6440,0.5097,394.58,0,3746,3579,2949,0,4151,552,0,2521,1668,0,0,31090.84,91.48,450.76,"agriculture:1.00/0.70;education_culture:1.00/0.70;engineering_bay:1.00/0.70;life_support_habitat:1.00/0.70;medical_bay:1.00/0.70;security:1.00/0.70","agriculture:0.75/0.25;education_culture:1.00/0.85;engineering_bay:0.62/0.25;life_support_habitat:1.00/0.50;medical_bay:1.00/0.39;security:0.36/0.00"
founding_colony,adaptors,combat,first-choice,50,20,25,5,0,0,0.8654,0.9879,0,7,0.0000,0,0.3762,0.4075,0.4228,0.4600,544.70,99,4268,3556,2177,3903,815,582,0,1164,997,14,14,30362.72,86.54,451.04,"agriculture:1.00/0.70;education_culture:1.00/0.70;engineering_bay:1.00/0.70;life_support_habitat:1.00/0.70;medical_bay:1.00/0.70;security:1.00/0.70","agriculture:0.48/0.44;education_culture:0.40/0.06;engineering_bay:0.00/0.00;life_support_habitat:1.00/0.22;medical_bay:0.08/0.00;security:0.41/0.00"
founding_colony,adaptors,combat,objective-first,50,12,37,1,0,0,0.8612,1.0000,2357,10438,0.0000,27,0.4469,0.4490,0.6276,0.4004,580.32,0,4423,3378,2781,3800,738,534,0,727,543,0,0,43070.24,86.16,450.36,"agriculture:1.00/0.70;education_culture:1.00/0.70;engineering_bay:1.00/0.70;life_support_habitat:1.00/0.70;medical_bay:1.00/0.70;security:1.00/0.70","agriculture:0.49/0.45;education_culture:1.00/0.85;engineering_bay:0.00/0.00;life_support_habitat:1.00/0.38;medical_bay:1.00/0.19;security:0.16/0.00"
founding_colony,adaptors,fuel,conservative,50,43,7,0,0,0,0.9311,1.0000,6572,10801,0.8578,0,0.6284,0.6490,0.5872,0.5470,335.66,0,3544,3626,2949,0,4093,541,0,2517,1854,0,0,31053.64,93.18,450.00,"agriculture:1.00/0.70;education_culture:1.00/0.70;engineering_bay:1.00/0.70;life_support_habitat:1.00/0.70;medical_bay:1.00/0.70;security:1.00/0.70","agriculture:0.74/0.45;education_culture:1.00/0.85;engineering_bay:0.71/0.35;life_support_habitat:1.00/0.54;medical_bay:1.00/0.42;security:0.41/0.00"
founding_colony,adaptors,fuel,first-choice,50,11,34,5,0,0,0.8530,0.9859,557,0,0.8482,0,0.3272,0.4450,0.3680,0.5008,590.82,97,4169,3421,2139,3915,839,568,0,1074,1221,7,7,30446.82,85.30,450.00,"agriculture:1.00/0.70;education_culture:1.00/0.70;engineering_bay:1.00/0.70;life_support_habitat:1.00/0.70;medical_bay:1.00/0.70;security:1.00/0.70","agriculture:0.45/0.29;education_culture:0.42/0.09;engineering_bay:0.18/0.00;life_support_habitat:1.00/0.37;medical_bay:0.09/0.00;security:0.08/0.00"
founding_colony,adaptors,fuel,objective-first,50,17,33,0,0,0,0.8752,1.0000,6572,10117,0.8578,15,0.4469,0.4495,0.6458,0.5470,531.90,0,4355,3367,2676,3775,718,530,0,729,691,0,0,43685.64,87.52,450.00,"agriculture:1.00/0.70;education_culture:1.00/0.70;engineering_bay:1.00/0.70;life_support_habitat:1.00/0.70;medical_bay:1.00/0.70;security:1.00/0.70","agriculture:0.52/0.45;education_culture:1.00/0.79;engineering_bay:0.30/0.20;life_support_habitat:1.00/0.23;medical_bay:1.00/0.52;security:0.34/0.00"
founding_colony,adaptors,speed,conservative,50,44,6,0,0,0,0.9368,1.0000,3941,10673,0.0000,0,0.6399,0.6300,0.6396,0.5470,316.92,0,3568,3485,2936,0,4246,556,0,2604,2408,0,0,31155.14,93.64,450.50,"agriculture:1.00/0.70;education_culture:1.00/0.70;engineering_bay:1.00/0.70;life_support_habitat:1.00/0.70;medical_bay:1.00/0.70;security:1.00/0.70","agriculture:0.74/0.45;education_culture:1.00/0.82;engineering_bay:0.63/0.25;life_support_habitat:1.00/0.50;medical_bay:1.00/0.29;security:0.11/0.00"
founding_colony,adaptors,speed,first-choice,50,19,28,3,0,0,0.8688,1.0000,85,0,0.0000,0,0.3541,0.4490,0.4123,0.4354,546.56,97,4191,3497,2143,3962,821,569,0,1192,1740,13,13,30974.84,86.92,450.52,"agriculture:1.00/0.70;education_culture:1.00/0.70;engineering_bay:1.00/0.70;life_support_habitat:1.00/0.70;medical_bay:1.00/0.70;security:1.00/0.70","agriculture:0.46/0.46;education_culture:0.40/0.03;engineering_bay:0.00/0.00;life_support_habitat:1.00/0.35;medical_bay:0.02/0.00;security:0.17/0.00"
founding_colony,adaptors,speed,objective-first,50,15,35,0,0,0,0.8759,1.0000,3941,10255,0.0000,2,0.4469,0.4495,0.6074,0.4963,529.66,0,4332,3384,2737,3704,736,552,0,737,690,0,0,49582.24,87.64,451.28,"agriculture:1.00/0.70;education_culture:1.00/0.70;engineering_bay:1.00/0.70;life_support_habitat:1.00/0.70;medical_bay:1.00/0.70;security:1.00/0.70","agriculture:0.45/0.45;education_culture:1.00/0.82;engineering_bay:0.18/0.00;life_support_habitat:1.00/0.38;medical_bay:1.00/0.19;security:0.28/0.00"
founding_colony,adaptors,starter,conservative,50,40,10,0,0,0,0.9279,1.0000,7233,10313,0.2568,0,0.6140,0.6840,0.6756,0.5470,349.70,0,3540,3510,2913,0,4162,534,0,2587,2328,0,0,31096.84,92.84,450.00,"agriculture:1.00/0.70;education_culture:1.00/0.70;engineering_bay:1.00/0.70;life_support_habitat:1.00/0.70;medical_bay:1.00/0.70;security:1.00/0.70","agriculture:0.74/0.45;education_culture:1.00/0.80;engineering_bay:0.66/0.23;life_support_habitat:1.00/0.53;medical_bay:1.00/0.39;security:0.74/0.15"
founding_colony,adaptors,starter,first-choice,50,20,26,4,0,0,0.8656,0.9903,74,0,0.0000,0,0.3555,0.4385,0.2274,0.5014,552.44,94,4266,3560,2107,3845,819,579,0,1094,1637,10,10,30646.58,86.42,450.20,"agriculture:1.00/0.70;education_culture:1.00/0.70;engineering_bay:1.00/0.70;life_support_habitat:1.00/0.70;medical_bay:1.00/0.70;security:1.00/0.70","agriculture:0.49/0.47;education_culture:0.46/0.15;engineering_bay:0.00/0.00;life_support_habitat:1.00/0.34;medical_bay:0.33/0.00;security:0.27/0.00"
founding_colony,adaptors,starter,objective-first,50,15,35,0,0,0,0.8711,1.0000,9607,9987,0.0000,12,0.4469,0.4495,0.6290,0.5087,546.30,0,4402,3348,2727,3786,718,546,0,739,705,0,0,49027.44,87.16,451.32,"agriculture:1.00/0.70;education_culture:1.00/0.70;engineering_bay:1.00/0.70;life_support_habitat:1.00/0.70;medical_bay:1.00/0.70;security:1.00/0.70","agriculture:0.46/0.45;education_culture:1.00/0.79;engineering_bay:0.00/0.00;life_support_habitat:1.00/0.18;medical_bay:1.00/0.22;security:0.24/0.00"
founding_colony,preservers,cargo,conservative,50,37,13,0,0,0,0.9234,1.0000,3357,10359,0.0000,0,0.5440,0.5950,0.6212,0.5156,365.04,0,3550,3577,2843,0,4198,552,0,2680,1789,0,0,31176.14,92.36,450.30,"agriculture:1.00/0.70;education_culture:1.00/0.70;engineering_bay:1.00/0.70;life_support_habitat:1.00/0.70;medical_bay:1.00/0.70;security:1.00/0.70","agriculture:0.73/0.45;education_culture:1.00/0.82;engineering_bay:0.73/0.33;life_support_habitat:1.00/0.50;medical_bay:1.00/0.39;security:0.42/0.00"
founding_colony,preservers,cargo,first-choice,50,18,27,5,0,0,0.8610,0.9868,645,534,0.0000,0,0.3157,0.4490,0.4650,0.5034,565.94,97,4162,3478,2227,3878,834,559,0,1095,1143,9,9,30716.48,86.06,450.34,"agriculture:1.00/0.70;education_culture:1.00/0.70;engineering_bay:1.00/0.70;life_support_habitat:1.00/0.70;medical_bay:1.00/0.70;security:1.00/0.70","agriculture:0.49/0.47;education_culture:0.44/0.07;engineering_bay:0.00/0.20;life_support_habitat:1.00/0.38;medical_bay:0.09/0.00;security:0.00/0.00"
founding_colony,preservers,cargo,objective-first,50,14,35,1,0,0,0.8740,1.0000,3357,10163,0.0000,14,0.4469,0.4490,0.5988,0.5128,536.22,1,4374,3397,2601,3851,655,561,0,760,616,0,0,43880.94,87.36,451.10,"agriculture:1.00/0.70;education_culture:1.00/0.70;engineering_bay:1.00/0.70;life_support_habitat:1.00/0.70;medical_bay:1.00/0.70;security:1.00/0.70","agriculture:0.48/0.45;education_culture:1.00/0.77;engineering_bay:0.00/0.05;life_support_habitat:1.00/0.23;medical_bay:1.00/0.19;security:0.46/0.00"
founding_colony,preservers,combat,conservative,50,31,19,0,0,0,0.9180,1.0000,2357,10276,0.0000,0,0.3900,0.6140,0.6578,0.5156,383.98,0,3549,3518,2801,0,4224,572,0,2539,1662,0,0,31129.14,91.84,450.24,"agriculture:1.00/0.70;education_culture:1.00/0.70;engineering_bay:1.00/0.70;life_support_habitat:1.00/0.70;medical_bay:1.00/0.70;security:1.00/0.70","agriculture:0.74/0.45;education_culture:1.00/0.63;engineering_bay:0.70/0.33;life_support_habitat:1.00/0.45;medical_bay:1.00/0.29;security:0.12/0.00"
founding_colony,preservers,combat,first-choice,50,14,32,4,0,0,0.8557,0.9823,170,0,0.0000,0,0.2855,0.4490,0.0157,0.5034,575.66,96,4317,3488,2220,3791,891,549,0,1133,1039,10,10,30397.88,85.58,450.34,"agriculture:1.00/0.70;education_culture:1.00/0.70;engineering_bay:1.00/0.70;life_support_habitat:1.00/0.70;medical_bay:1.00/0.70;security:1.00/0.70","agriculture:0.44/0.13;education_culture:0.06/0.00;engineering_bay:0.19/0.00;life_support_habitat:1.00/0.38;medical_bay:0.11/0.00;security:0.26/0.00"
founding_colony,preservers,combat,objective-first,50,15,34,1,0,0,0.8731,1.0000,2357,10159,0.0000,15,0.4469,0.4490,0.5988,0.5110,539.38,1,4407,3482,2603,3847,643,555,0,767,567,0,0,43543.34,87.30,451.08,"agriculture:1.00/0.70;education_culture:1.00/0.70;engineering_bay:1.00/0.70;life_support_habitat:1.00/0.70;medical_bay:1.00/0.70;security:1.00/0.70","agriculture:0.47/0.45;education_culture:1.00/0.82;engineering_bay:0.11/0.00;life_support_habitat:1.00/0.33;medical_bay:1.00/0.19;security:0.52/0.00"
founding_colony,preservers,fuel,conservative,50,44,6,0,0,0,0.9388,1.0000,6572,10650,0.8578,0,0.6489,0.6295,0.6578,0.5156,311.46,0,3479,3583,2874,0,4216,541,0,2597,1914,0,0,31198.74,93.88,450.00,"agriculture:1.00/0.70;education_culture:1.00/0.70;engineering_bay:1.00/0.70;life_support_habitat:1.00/0.70;medical_bay:1.00/0.70;security:1.00/0.70","agriculture:0.72/0.45;education_culture:1.00/0.82;engineering_bay:0.51/0.03;life_support_habitat:1.00/0.59;medical_bay:1.00/0.45;security:0.40/0.00"
founding_colony,preservers,fuel,first-choice,50,22,26,2,0,0,0.8794,0.9782,3638,620,0.8500,0,0.3385,0.4490,0.3859,0.3339,487.16,98,4185,3601,2154,3811,823,542,0,991,1220,3,3,30320.48,87.94,450.00,"agriculture:1.00/0.70;education_culture:1.00/0.70;engineering_bay:1.00/0.70;life_support_habitat:1.00/0.70;medical_bay:1.00/0.70;security:1.00/0.70","agriculture:0.51/0.32;education_culture:0.45/0.15;engineering_bay:0.15/0.00;life_support_habitat:1.00/0.54;medical_bay:0.55/0.00;security:0.55/0.00"
founding_colony,preservers,fuel,objective-first,50,16,34,0,0,0,0.8798,1.0000,6572,10192,0.8503,33,0.4469,0.4495,0.4830,0.4409,516.08,0,4355,3369,2667,3821,725,557,0,715,692,0,0,44439.54,88.06,450.00,"agriculture:1.00/0.70;education_culture:1.00/0.70;engineering_bay:1.00/0.70;life_support_habitat:1.00/0.70;medical_bay:1.00/0.70;security:1.00/0.70","agriculture:0.45/0.45;education_culture:1.00/0.85;engineering_bay:0.00/0.18;life_support_habitat:1.00/0.28;medical_bay:1.00/0.19;security:0.17/0.00"
founding_colony,preservers,speed,conservative,50,43,7,0,0,0,0.9347,1.0000,3941,10258,0.0000,0,0.5600,0.6790,0.6472,0.5156,322.52,0,3472,3512,2872,0,4304,560,0,2773,2440,0,0,31132.84,93.46,450.22,"agriculture:1.00/0.70;education_culture:1.00/0.70;engineering_bay:1.00/0.70;life_support_habitat:1.00/0.70;medical_bay:1.00/0.70;security:1.00/0.70","agriculture:0.74/0.45;education_culture:1.00/0.80;engineering_bay:0.72/0.43;life_support_habitat:1.00/0.48;medical_bay:1.00/0.49;security:0.22/0.00"
founding_colony,preservers,speed,first-choice,50,24,24,2,0,0,0.8919,0.9998,0,50,0.0000,0,0.2480,0.3580,0.5909,0.4893,462.68,95,4132,3523,2215,3790,836,552,0,1133,1804,9,9,30801.92,89.22,450.48,"agriculture:1.00/0.70;education_culture:1.00/0.70;engineering_bay:1.00/0.70;life_support_habitat:1.00/0.70;medical_bay:1.00/0.70;security:1.00/0.70","agriculture:0.52/0.47;education_culture:0.48/0.24;engineering_bay:0.27/0.00;life_support_habitat:1.00/0.45;medical_bay:0.12/0.00;security:0.00/0.00"
founding_colony,preservers,speed,objective-first,50,12,38,0,0,0,0.8741,1.0000,3941,10180,0.0000,0,0.4469,0.4490,0.5712,0.4761,535.58,0,4422,3422,2688,3882,698,569,0,736,693,0,0,49763.44,87.38,451.06,"agriculture:1.00/0.70;education_culture:1.00/0.70;engineering_bay:1.00/0.70;life_support_habitat:1.00/0.70;medical_bay:1.00/0.70;security:1.00/0.70","agriculture:0.46/0.45;education_culture:1.00/0.82;engineering_bay:0.00/0.15;life_support_habitat:1.00/0.28;medical_bay:1.00/0.19;security:0.43/0.00"
founding_colony,preservers,starter,conservative,50,39,11,0,0,0,0.9264,1.0000,7606,11204,0.2088,0,0.5614,0.6480,0.6456,0.5156,354.06,0,3470,3614,2903,0,4271,537,0,2671,2359,0,0,31142.14,92.68,450.00,"agriculture:1.00/0.70;education_culture:1.00/0.70;engineering_bay:1.00/0.70;life_support_habitat:1.00/0.70;medical_bay:1.00/0.70;security:1.00/0.70","agriculture:0.66/0.45;education_culture:1.00/0.60;engineering_bay:0.66/0.23;life_support_habitat:1.00/0.43;medical_bay:1.00/0.39;security:0.11/0.00"
founding_colony,preservers,starter,first-choice,50,18,29,3,0,0,0.8663,0.9842,0,0,0.0000,0,0.3178,0.4490,0.3164,0.5036,543.82,100,4245,3502,2168,3973,841,561,0,1044,1686,14,14,30492.22,86.58,450.08,"agriculture:1.00/0.70;education_culture:1.00/0.70;engineering_bay:1.00/0.70;life_support_habitat:1.00/0.70;medical_bay:1.00/0.70;security:1.00/0.70","agriculture:0.50/0.38;education_culture:0.34/0.00;engineering_bay:0.53/0.44;life_support_habitat:1.00/0.51;medical_bay:0.12/0.00;security:0.16/0.00"
founding_colony,preservers,starter,objective-first,50,13,37,0,0,0,0.8791,1.0000,9607,10203,0.0000,0,0.4238,0.4495,0.4500,0.5156,518.28,0,4350,3384,2804,3891,691,559,0,716,704,0,0,49216.94,87.90,450.92,"agriculture:1.00/0.70;education_culture:1.00/0.70;engineering_bay:1.00/0.70;life_support_habitat:1.00/0.70;medical_bay:1.00/0.70;security:1.00/0.70","agriculture:0.45/0.45;education_culture:1.00/0.71;engineering_bay:0.00/0.00;life_support_habitat:1.00/0.23;medical_bay:1.00/0.22;security:0.24/0.00"
founding_colony,wanderers,cargo,conservative,50,25,25,0,0,0,0.9002,1.0000,3396,10350,0.0000,0,0.4890,0.6545,0.5956,0.5237,445.34,0,3564,3577,3034,0,4145,571,0,2646,1849,0,0,31051.04,89.98,450.72,"agriculture:1.00/0.70;education_culture:1.00/0.70;engineering_bay:1.00/0.70;life_support_habitat:1.00/0.70;medical_bay:1.00/0.70;security:1.00/0.70","agriculture:0.73/0.45;education_culture:1.00/0.80;engineering_bay:0.67/0.15;life_support_habitat:1.00/0.55;medical_bay:1.00/0.39;security:0.39/0.00"
founding_colony,wanderers,cargo,first-choice,50,14,34,2,0,0,0.8560,0.9861,1970,485,0.0000,0,0.3529,0.4050,0.0902,0.3739,578.50,98,4327,3544,2220,3856,810,576,0,1168,1263,11,11,30330.32,85.58,451.12,"agriculture:1.00/0.70;education_culture:1.00/0.70;engineering_bay:1.00/0.70;life_support_habitat:1.00/0.70;medical_bay:1.00/0.70;security:1.00/0.70","agriculture:0.45/0.30;education_culture:0.49/0.20;engineering_bay:0.00/0.20;life_support_habitat:1.00/0.61;medical_bay:0.43/0.00;security:0.22/0.00"
founding_colony,wanderers,cargo,objective-first,50,13,35,2,0,0,0.8625,1.0000,3396,10869,0.0000,3,0.4450,0.4490,0.5282,0.3185,569.88,2,4374,3440,2804,3779,675,571,0,729,635,0,0,43516.24,86.20,451.12,"agriculture:1.00/0.70;education_culture:1.00/0.70;engineering_bay:1.00/0.70;life_support_habitat:1.00/0.70;medical_bay:1.00/0.70;security:1.00/0.70","agriculture:0.50/0.45;education_culture:1.00/0.84;engineering_bay:0.06/0.05;life_support_habitat:1.00/0.28;medical_bay:1.00/0.49;security:0.18/0.00"
founding_colony,wanderers,combat,conservative,50,30,20,0,0,0,0.9093,1.0000,2396,10197,0.0000,0,0.4030,0.6100,0.5956,0.5237,412.68,0,3513,3602,3011,0,4114,556,0,2552,1736,0,0,31065.84,90.96,450.80,"agriculture:1.00/0.70;education_culture:1.00/0.70;engineering_bay:1.00/0.70;life_support_habitat:1.00/0.70;medical_bay:1.00/0.70;security:1.00/0.70","agriculture:0.73/0.25;education_culture:1.00/0.72;engineering_bay:0.34/0.00;life_support_habitat:1.00/0.47;medical_bay:1.00/0.39;security:0.22/0.00"
founding_colony,wanderers,combat,first-choice,50,19,26,5,0,0,0.8586,0.9904,99,432,0.0000,0,0.3758,0.3920,0.3604,0.4071,573.90,96,4396,3464,2213,3880,793,577,0,1169,1406,12,12,30313.16,85.90,451.14,"agriculture:1.00/0.70;education_culture:1.00/0.70;engineering_bay:1.00/0.70;life_support_habitat:1.00/0.70;medical_bay:1.00/0.70;security:1.00/0.70","agriculture:0.46/0.45;education_culture:0.51/0.20;engineering_bay:0.47/0.27;life_support_habitat:1.00/0.60;medical_bay:0.43/0.00;security:0.37/0.15"
founding_colony,wanderers,combat,objective-first,50,16,31,3,0,0,0.8618,1.0000,2396,10867,0.0000,17,0.4450,0.4490,0.4514,0.3596,577.46,2,4387,3437,2813,3778,685,578,0,735,584,0,0,42792.84,86.18,451.14,"agriculture:1.00/0.70;education_culture:1.00/0.70;engineering_bay:1.00/0.70;life_support_habitat:1.00/0.70;medical_bay:1.00/0.70;security:1.00/0.70","agriculture:0.48/0.45;education_culture:1.00/0.84;engineering_bay:0.06/0.05;life_support_habitat:1.00/0.28;medical_bay:1.00/0.49;security:0.18/0.00"
founding_colony,wanderers,fuel,conservative,50,35,15,0,0,0,0.9189,1.0000,6631,10237,0.8578,0,0.6630,0.6790,0.6617,0.5237,380.72,0,3550,3557,2970,0,4128,556,0,2465,1844,0,0,31024.24,91.94,450.00,"agriculture:1.00/0.70;education_culture:1.00/0.70;engineering_bay:1.00/0.70;life_support_habitat:1.00/0.70;medical_bay:1.00/0.70;security:1.00/0.70","agriculture:0.75/0.35;education_culture:1.00/0.82;engineering_bay:0.66/0.13;life_support_habitat:1.00/0.48;medical_bay:1.00/0.49;security:0.41/0.00"
founding_colony,wanderers,fuel,first-choice,50,11,35,4,0,0,0.8575,0.9707,0,0,0.8500,0,0.3836,0.4490,0.5185,0.3464,557.12,98,4272,3559,2184,3846,816,540,0,1050,1418,11,11,29718.12,85.74,450.00,"agriculture:1.00/0.70;education_culture:1.00/0.70;engineering_bay:1.00/0.70;life_support_habitat:1.00/0.70;medical_bay:1.00/0.70;security:1.00/0.70","agriculture:0.48/0.25;education_culture:0.40/0.00;engineering_bay:0.08/0.00;life_support_habitat:1.00/0.39;medical_bay:0.51/0.00;security:0.00/0.00"
founding_colony,wanderers,fuel,objective-first,50,14,36,0,0,0,0.8746,1.0000,6631,11330,0.8578,11,0.4469,0.4490,0.6640,0.4220,531.68,0,4228,3435,2807,3755,663,539,0,738,682,0,0,43541.04,87.50,450.00,"agriculture:1.00/0.70;education_culture:1.00/0.70;engineering_bay:1.00/0.70;life_support_habitat:1.00/0.70;medical_bay:1.00/0.70;security:1.00/0.70","agriculture:0.48/0.45;education_culture:1.00/0.70;engineering_bay:0.26/0.05;life_support_habitat:1.00/0.43;medical_bay:1.00/0.19;security:0.41/0.00"
founding_colony,wanderers,speed,conservative,50,31,19,0,0,0,0.9120,1.0000,3941,10236,0.0000,0,0.6348,0.6565,0.6617,0.5237,403.30,0,3540,3590,3055,0,3997,560,0,2673,2404,0,0,31147.34,91.16,450.38,"agriculture:1.00/0.70;education_culture:1.00/0.70;engineering_bay:1.00/0.70;life_support_habitat:1.00/0.70;medical_bay:1.00/0.70;security:1.00/0.70","agriculture:0.72/0.45;education_culture:1.00/0.82;engineering_bay:0.74/0.48;life_support_habitat:1.00/0.47;medical_bay:1.00/0.49;security:0.00/0.00"
founding_colony,wanderers,speed,first-choice,50,20,24,6,0,0,0.8631,1.0000,2661,514,0.0000,0,0.4071,0.4490,0.5177,0.4071,565.84,96,4283,3599,2240,3882,794,549,0,1180,1927,5,5,31011.08,86.28,450.82,"agriculture:1.00/0.70;education_culture:1.00/0.70;engineering_bay:1.00/0.70;life_support_habitat:1.00/0.70;medical_bay:1.00/0.70;security:1.00/0.70","agriculture:0.48/0.40;education_culture:0.49/0.16;engineering_bay:0.12/0.00;life_support_habitat:1.00/0.33;medical_bay:0.23/0.00;security:0.31/0.00"
founding_colony,wanderers,speed,objective-first,50,16,33,1,0,0,0.8659,1.0000,3941,11328,0.0000,0,0.4450,0.4450,0.4782,0.5237,564.10,0,4223,3470,2735,3769,705,548,0,763,695,0,0,49866.54,86.58,451.02,"agriculture:1.00/0.70;education_culture:1.00/0.70;engineering_bay:1.00/0.70;life_support_habitat:1.00/0.70;medical_bay:1.00/0.70;security:1.00/0.70","agriculture:0.49/0.45;education_culture:1.00/0.82;engineering_bay:0.00/0.00;life_support_habitat:1.00/0.33;medical_bay:1.00/0.52;security:0.37/0.00"
founding_colony,wanderers,starter,conservative,50,37,13,0,0,0,0.9234,1.0000,6293,10786,0.2072,0,0.5700,0.6560,0.6617,0.5237,364.80,0,3460,3554,3061,0,4082,551,0,2647,2304,0,0,31182.64,92.34,450.00,"agriculture:1.00/0.70;education_culture:1.00/0.70;engineering_bay:1.00/0.70;life_support_habitat:1.00/0.70;medical_bay:1.00/0.70;security:1.00/0.70","agriculture:0.72/0.45;education_culture:1.00/0.79;engineering_bay:0.64/0.13;life_support_habitat:1.00/0.49;medical_bay:1.00/0.29;security:0.18/0.00"
founding_colony,wanderers,starter,first-choice,50,17,28,5,0,0,0.8649,0.9972,70,483,0.0000,0,0.4251,0.4490,0.4182,0.3875,557.54,96,4171,3455,2131,3877,769,560,0,1112,1893,12,12,30627.28,86.42,450.34,"agriculture:1.00/0.70;education_culture:1.00/0.70;engineering_bay:1.00/0.70;life_support_habitat:1.00/0.70;medical_bay:1.00/0.70;security:1.00/0.70","agriculture:0.47/0.15;education_culture:0.37/0.00;engineering_bay:0.10/0.00;life_support_habitat:1.00/0.66;medical_bay:0.31/0.00;security:0.35/0.00"
founding_colony,wanderers,starter,objective-first,50,14,36,0,0,0,0.8642,1.0000,9405,11333,0.0000,17,0.4450,0.4490,0.5960,0.5237,570.12,0,4301,3422,2751,3687,714,553,0,734,704,0,0,48310.04,86.40,451.02,"agriculture:1.00/0.70;education_culture:1.00/0.70;engineering_bay:1.00/0.70;life_support_habitat:1.00/0.70;medical_bay:1.00/0.70;security:1.00/0.70","agriculture:0.48/0.45;education_culture:1.00/0.82;engineering_bay:0.00/0.00;life_support_habitat:1.00/0.33;medical_bay:1.00/0.52;security:0.37/0.00"
hearthfall_accord,adaptors,cargo,conservative,50,41,9,0,0,0,0.9287,1.0000,3420,9725,0.3822,0,0.5369,0.6390,0.4840,0.5577,404.74,0,3801,3659,3024,0,4101,597,0,2408,1714,0,0,31654.24,92.78,460.00,"agriculture:1.00/0.70;education_culture:1.00/0.70;engineering_bay:1.00/0.70;life_support_habitat:1.00/0.70;medical_bay:1.00/0.70;security:1.00/0.70","agriculture:0.73/0.48;education_culture:1.00/0.85;engineering_bay:0.67/0.35;life_support_habitat:1.00/0.58;medical_bay:1.00/0.24;security:0.06/0.00"
hearthfall_accord,adaptors,cargo,first-choice,50,24,26,0,0,0,0.8966,1.0000,1141,10,0.1680,0,0.3649,0.4465,0.5468,0.4860,539.68,97,4373,3542,2250,3893,812,617,0,868,1040,17,17,31252.08,89.64,460.00,"agriculture:1.00/0.70;education_culture:1.00/0.70;engineering_bay:1.00/0.70;life_support_habitat:1.00/0.70;medical_bay:1.00/0.70;security:1.00/0.70","agriculture:0.45/0.46;education_culture:0.27/0.00;engineering_bay:0.00/0.00;life_support_habitat:1.00/0.44;medical_bay:0.39/0.00;security:0.16/0.00"
hearthfall_accord,adaptors,cargo,objective-first,50,45,5,0,0,0,0.9619,1.0000,3420,6886,0.3698,5,0.4469,0.4490,0.5022,0.4286,230.78,0,4483,3568,2915,3698,684,577,0,309,0,0,0,51385.04,96.20,460.00,"agriculture:1.00/0.70;education_culture:1.00/0.70;engineering_bay:1.00/0.70;life_support_habitat:1.00/0.70;medical_bay:1.00/0.70;security:1.00/0.70","agriculture:0.00/0.00;education_culture:1.00/0.90;engineering_bay:0.00/0.00;life_support_habitat:1.00/0.33;medical_bay:1.00/0.54;security:0.28/0.00"
hearthfall_accord,adaptors,combat,conservative,50,41,9,0,0,0,0.9325,1.0000,2420,9613,0.3822,0,0.5327,0.6230,0.5978,0.5577,389.20,0,3751,3683,3002,0,4064,596,0,2375,1661,0,0,31621.04,93.22,460.00,"agriculture:1.00/0.70;education_culture:1.00/0.70;engineering_bay:1.00/0.70;life_support_habitat:1.00/0.70;medical_bay:1.00/0.70;security:1.00/0.70","agriculture:0.71/0.55;education_culture:1.00/0.90;engineering_bay:0.24/0.35;life_support_habitat:1.00/0.48;medical_bay:1.00/0.37;security:0.02/0.00"
hearthfall_accord,adaptors,combat,first-choice,50,20,30,0,0,0,0.8926,1.0000,114,0,0.1680,0,0.2513,0.4490,0.5290,0.4860,553.04,96,4403,3628,2254,3853,819,625,0,812,917,20,20,31335.10,89.30,460.00,"agriculture:1.00/0.70;education_culture:1.00/0.70;engineering_bay:1.00/0.70;life_support_habitat:1.00/0.70;medical_bay:1.00/0.70;security:1.00/0.70","agriculture:0.46/0.51;education_culture:0.27/0.00;engineering_bay:0.00/0.00;life_support_habitat:1.00/0.44;medical_bay:0.39/0.00;security:0.16/0.00"
hearthfall_accord,adaptors,combat,objective-first,50,45,5,0,0,0,0.9608,1.0000,2420,6886,0.3698,9,0.4469,0.4490,0.5022,0.4286,233.12,0,4494,3569,2920,3687,686,577,0,304,0,0,0,50262.04,96.10,460.00,"agriculture:1.00/0.70;education_culture:1.00/0.70;engineering_bay:1.00/0.70;life_support_habitat:1.00/0.70;medical_bay:1.00/0.70;security:1.00/0.70","agriculture:0.00/0.00;education_culture:1.00/0.90;engineering_bay:0.00/0.00;life_support_habitat:1.00/0.33;medical_bay:1.00/0.54;security:0.28/0.00"
hearthfall_accord,adaptors,fuel,conservative,50,45,5,0,0,0,0.9372,1.0000,6660,10524,0.8517,0,0.5090,0.6400,0.5978,0.5577,367.86,0,3758,3603,2994,0,4166,582,0,2332,1836,0,0,31552.64,93.68,460.00,"agriculture:1.00/0.70;education_culture:1.00/0.70;engineering_bay:1.00/0.70;life_support_habitat:1.00/0.70;medical_bay:1.00/0.70;security:1.00/0.70","agriculture:0.74/0.58;education_culture:1.00/0.85;engineering_bay:0.00/0.00;life_support_habitat:1.00/0.53;medical_bay:1.00/0.24;security:0.26/0.00"
hearthfall_accord,adaptors,fuel,first-choice,50,22,28,0,0,0,0.8924,1.0000,109,0,0.8500,0,0.3340,0.4300,0.2656,0.3875,554.34,97,4361,3613,2134,3907,856,617,0,841,1125,10,10,31018.28,89.20,460.00,"agriculture:1.00/0.70;education_culture:1.00/0.70;engineering_bay:1.00/0.70;life_support_habitat:1.00/0.70;medical_bay:1.00/0.70;security:1.00/0.70","agriculture:0.46/0.33;education_culture:0.42/0.09;engineering_bay:0.36/0.13;life_support_habitat:1.00/0.49;medical_bay:0.15/0.00;security:0.48/0.30"
hearthfall_accord,adaptors,fuel,objective-first,50,46,4,0,0,0,0.9655,1.0000,6660,7628,0.8593,9,0.4469,0.4490,0.5470,0.4016,216.04,0,4494,3498,2866,3707,677,597,0,324,0,0,0,52367.64,96.52,460.00,"agriculture:1.00/0.70;education_culture:1.00/0.70;engineering_bay:1.00/0.70;life_support_habitat:1.00/0.70;medical_bay:1.00/0.70;security:1.00/0.70","agriculture:0.00/0.00;education_culture:1.00/0.85;engineering_bay:0.00/0.00;life_support_habitat:1.00/0.33;medical_bay:1.00/0.57;security:0.28/0.00"
hearthfall_accord,adaptors,speed,conservative,50,44,6,0,0,0,0.9364,1.0000,3950,10124,0.3822,0,0.5720,0.5675,0.5978,0.5265,371.10,0,3690,3705,3047,0,4189,580,0,2589,2400,0,0,31686.44,93.54,460.00,"agriculture:1.00/0.70;education_culture:1.00/0.70;engineering_bay:1.00/0.70;life_support_habitat:1.00/0.70;medical_bay:1.00/0.70;security:1.00/0.70","agriculture:0.73/0.48;education_culture:1.00/0.90;engineering_bay:0.29/0.15;life_support_habitat:1.00/0.48;medical_bay:1.00/0.44;security:0.40/0.00"
hearthfall_accord,adaptors,speed,first-choice,50,24,26,0,0,0,0.8937,1.0000,2218,491,0.1888,0,0.4077,0.4490,0.5468,0.4860,547.48,98,4402,3544,2191,3899,851,598,0,1005,1651,10,10,31170.86,89.40,460.00,"agriculture:1.00/0.70;education_culture:1.00/0.70;engineering_bay:1.00/0.70;life_support_habitat:1.00/0.70;medical_bay:1.00/0.70;security:1.00/0.70","agriculture:0.47/0.40;education_culture:0.42/0.18;engineering_bay:0.00/0.35;life_support_habitat:1.00/0.30;medical_bay:0.07/0.00;security:0.27/0.00"
hearthfall_accord,adaptors,speed,objective-first,50,46,4,0,0,0,0.9632,1.0000,3950,8343,0.3698,24,0.4469,0.4490,0.4634,0.3818,221.04,0,4497,3586,2901,3640,685,599,0,307,0,0,0,58358.64,96.30,460.00,"agriculture:1.00/0.70;education_culture:1.00/0.70;engineering_bay:1.00/0.70;life_support_habitat:1.00/0.70;medical_bay:1.00/0.70;security:1.00/0.70","agriculture:0.00/0.00;education_culture:1.00/0.90;engineering_bay:0.00/0.00;life_support_habitat:1.00/0.33;medical_bay:1.00/0.54;security:0.29/0.00"
hearthfall_accord,adaptors,starter,conservative,50,46,4,0,0,0,0.9463,1.0000,7180,10621,0.4474,0,0.5420,0.6515,0.5978,0.5577,325.92,0,3658,3764,3031,0,4240,580,0,2362,2238,0,0,31440.84,94.68,460.00,"agriculture:1.00/0.70;education_culture:1.00/0.70;engineering_bay:1.00/0.70;life_support_habitat:1.00/0.70;medical_bay:1.00/0.70;security:1.00/0.70","agriculture:0.64/0.48;education_culture:1.00/0.85;engineering_bay:0.00/0.00;life_support_habitat:1.00/0.35;medical_bay:1.00/0.27;security:0.21/0.00"
hearthfall_accord,adaptors,starter,first-choice,50,22,28,0,0,0,0.8884,1.0000,609,0,0.1907,0,0.1970,0.3940,0.5468,0.5019,578.16,99,4265,3639,2190,3809,805,593,0,805,1530,14,14,31467.48,88.94,460.00,"agriculture:1.00/0.70;education_culture:1.00/0.70;engineering_bay:1.00/0.70;life_support_habitat:1.00/0.70;medical_bay:1.00/0.70;security:1.00/0.70","agriculture:0.51/0.32;education_culture:0.25/0.00;engineering_bay:0.14/0.10;life_support_habitat:1.00/0.37;medical_bay:0.38/0.00;security:0.46/0.00"
hearthfall_accord,adaptors,starter,objective-first,50,46,4,0,0,0,0.9651,1.0000,9670,7186,0.3698,0,0.4258,0.4315,0.5470,0.4286,218.36,0,4473,3517,2943,3645,686,586,0,305,0,0,0,57138.84,96.46,460.00,"agriculture:1.00/0.70;education_culture:1.00/0.70;engineering_bay:1.00/0.70;life_support_habitat:1.00/0.70;medical_bay:1.00/0.70;security:1.00/0.70","agriculture:0.00/0.00;education_culture:1.00/0.90;engineering_bay:0.00/0.00;life_support_habitat:1.00/0.33;medical_bay:1.00/0.54;security:0.29/0.00"
hearthfall_accord,preservers,cargo,conservative,50,42,8,0,0,0,0.9370,1.0000,3530,10657,0.3860,0,0.5324,0.5770,0.6278,0.5484,367.52,0,3691,3703,3176,0,4175,588,0,2366,1797,0,0,31649.76,93.70,460.00,"agriculture:1.00/0.70;education_culture:1.00/0.70;engineering_bay:1.00/0.70;life_support_habitat:1.00/0.70;medical_bay:1.00/0.70;security:1.00/0.70","agriculture:0.71/0.58;education_culture:1.00/0.89;engineering_bay:0.61/0.25;life_support_habitat:1.00/0.48;medical_bay:1.00/0.27;security:0.47/0.00"
hearthfall_accord,preservers,cargo,first-choice,50,20,29,1,0,0,0.8830,1.0000,907,12,0.3017,0,0.3297,0.4060,0.4785,0.4454,587.72,100,4355,3662,2210,3914,806,580,0,852,1037,9,9,31499.60,88.32,460.00,"agriculture:1.00/0.70;education_culture:1.00/0.70;engineering_bay:1.00/0.70;life_support_habitat:1.00/0.70;medical_bay:1.00/0.70;security:1.00/0.70","agriculture:0.42/0.26;education_culture:0.34/0.00;engineering_bay:0.00/0.35;life_support_habitat:1.00/0.32;medical_bay:0.01/0.00;security:0.52/0.00"
hearthfall_accord,preservers,cargo,objective-first,50,43,7,0,0,0,0.9660,1.0000,3530,3927,0.3076,40,0.4469,0.4490,0.5764,0.3748,204.54,0,4592,3548,3006,3795,652,582,0,313,0,0,0,51005.16,96.56,460.00,"agriculture:1.00/0.70;education_culture:1.00/0.70;engineering_bay:1.00/0.70;life_support_habitat:1.00/0.70;medical_bay:1.00/0.70;security:1.00/0.70","agriculture:0.00/0.00;education_culture:1.00/0.80;engineering_bay:0.00/0.00;life_support_habitat:1.00/0.68;medical_bay:1.00/0.27;security:0.00/0.00"
hearthfall_accord,preservers,combat,conservative,50,40,10,0,0,0,0.9364,1.0000,2530,10562,0.3817,0,0.6046,0.6710,0.6138,0.5484,370.10,0,3698,3763,3213,0,4090,573,0,2400,1664,0,0,31535.16,93.62,460.00,"agriculture:1.00/0.70;education_culture:1.00/0.70;engineering_bay:1.00/0.70;life_support_habitat:1.00/0.70;medical_bay:1.00/0.70;security:1.00/0.70","agriculture:0.53/0.10;education_culture:1.00/0.88;engineering_bay:0.00/0.00;life_support_habitat:1.00/0.38;medical_bay:1.00/0.37;security:0.17/0.30"
hearthfall_accord,preservers,combat,first-choice,50,21,28,1,0,0,0.8840,1.0000,507,11,0.3017,0,0.3786,0.4135,0.4971,0.4454,581.96,97,4303,3655,2224,3956,789,579,0,790,982,11,11,31382.52,88.42,460.00,"agriculture:1.00/0.70;education_culture:1.00/0.70;engineering_bay:1.00/0.70;life_support_habitat:1.00/0.70;medical_bay:1.00/0.70;security:1.00/0.70","agriculture:0.46/0.45;education_culture:0.47/0.19;engineering_bay:0.18/0.00;life_support_habitat:1.00/0.25;medical_bay:0.48/0.00;security:0.00/0.00"
hearthfall_accord,preservers,combat,objective-first,50,43,7,0,0,0,0.9670,1.0000,2530,3927,0.3076,50,0.4469,0.4490,0.5764,0.3748,201.38,0,4574,3534,3034,3779,659,581,0,310,0,0,0,50010.96,96.66,460.00,"agriculture:1.00/0.70;education_culture:1.00/0.70;engineering_bay:1.00/0.70;life_support_habitat:1.00/0.70;medical_bay:1.00/0.70;security:1.00/0.70","agriculture:0.00/0.00;education_culture:1.00/0.76;engineering_bay:0.00/0.00;life_support_habitat:1.00/0.68;medical_bay:1.00/0.27;security:0.00/0.00"
hearthfall_accord,preservers,fuel,conservative,50,47,3,0,0,0,0.9445,1.0000,6720,11338,0.8554,0,0.4803,0.6560,0.6278,0.5219,330.92,0,3642,3775,3206,0,4065,592,0,2335,1896,0,0,31632.56,94.42,460.00,"agriculture:1.00/0.70;education_culture:1.00/0.70;engineering_bay:1.00/0.70;life_support_habitat:1.00/0.70;medical_bay:1.00/0.70;security:1.00/0.70","agriculture:0.45/0.58;education_culture:1.00/0.87;engineering_bay:0.22/0.20;life_support_habitat:1.00/0.35;medical_bay:1.00/0.34;security:0.36/0.00"
hearthfall_accord,preservers,fuel,first-choice,50,21,28,1,0,0,0.8888,1.0000,593,0,0.8500,0,0.3000,0.3995,0.5024,0.4454,562.38,98,4317,3597,2198,3968,797,576,0,822,1128,15,15,31046.78,88.84,460.00,"agriculture:1.00/0.70;education_culture:1.00/0.70;engineering_bay:1.00/0.70;life_support_habitat:1.00/0.70;medical_bay:1.00/0.70;security:1.00/0.70","agriculture:0.47/0.34;education_culture:0.30/0.00;engineering_bay:0.00/0.20;life_support_habitat:1.00/0.25;medical_bay:0.37/0.15;security:0.22/0.00"
hearthfall_accord,preservers,fuel,objective-first,50,44,6,0,0,0,0.9590,1.0000,6720,4077,0.8477,24,0.4469,0.4490,0.4274,0.3748,236.84,0,4546,3511,3005,3792,647,591,0,318,0,0,0,52324.16,95.92,460.00,"agriculture:1.00/0.70;education_culture:1.00/0.70;engineering_bay:1.00/0.70;life_support_habitat:1.00/0.70;medical_bay:1.00/0.70;security:1.00/0.70","agriculture:0.50/0.00;education_culture:1.00/0.75;engineering_bay:0.32/0.00;life_support_habitat:1.00/0.28;medical_bay:1.00/0.27;security:0.00/0.15"
hearthfall_accord,preservers,speed,conservative,50,48,2,0,0,0,0.9417,1.0000,4148,10496,0.4215,0,0.4429,0.5445,0.6278,0.5484,349.66,0,3606,3659,3168,0,4110,574,0,2469,2462,0,0,31752.76,94.20,460.00,"agriculture:1.00/0.70;education_culture:1.00/0.70;engineering_bay:1.00/0.70;life_support_habitat:1.00/0.70;medical_bay:1.00/0.70;security:1.00/0.70","agriculture:0.71/0.58;education_culture:1.00/0.84;engineering_bay:0.68/0.36;life_support_habitat:1.00/0.55;medical_bay:1.00/0.50;security:0.00/0.00"
hearthfall_accord,preservers,speed,first-choice,50,19,30,1,0,0,0.8799,1.0000,1056,196,0.3055,0,0.3200,0.3990,0.0000,0.4454,598.16,99,4383,3599,2216,3939,801,603,0,1100,1700,6,6,31545.56,88.02,460.00,"agriculture:1.00/0.70;education_culture:1.00/0.70;engineering_bay:1.00/0.70;life_support_habitat:1.00/0.70;medical_bay:1.00/0.70;security:1.00/0.70","agriculture:0.47/0.49;education_culture:0.31/0.00;engineering_bay:0.00/0.20;life_support_habitat:1.00/0.25;medical_bay:0.37/0.15;security:0.22/0.00"
hearthfall_accord,preservers,speed,objective-first,50,45,5,0,0,0,0.9674,1.0000,4148,3942,0.3076,30,0.4469,0.4490,0.5958,0.3933,194.14,0,4584,3524,3011,3771,636,587,0,315,0,0,0,58748.16,96.70,460.00,"agriculture:1.00/0.70;education_culture:1.00/0.70;engineering_bay:1.00/0.70;life_support_habitat:1.00/0.70;medical_bay:1.00/0.70;security:1.00/0.70","agriculture:0.39/0.15;education_culture:1.00/0.71;engineering_bay:0.00/0.00;life_support_habitat:1.00/0.38;medical_bay:1.00/0.57;security:0.39/0.00"
hearthfall_accord,preservers,starter,conservative,50,46,4,0,0,0,0.9440,1.0000,6636,9981,0.5221,0,0.5130,0.6030,0.6278,0.5077,338.16,0,3717,3688,2964,0,4157,595,0,2357,2293,0,0,31598.16,94.40,460.00,"agriculture:1.00/0.70;education_culture:1.00/0.70;engineering_bay:1.00/0.70;life_support_habitat:1.00/0.70;medical_bay:1.00/0.70;security:1.00/0.70","agriculture:0.73/0.58;education_culture:1.00/0.90;engineering_bay:0.00/0.15;life_support_habitat:1.00/0.40;medical_bay:1.00/0.24;security:0.17/0.00"
hearthfall_accord,preservers,starter,first-choice,50,20,29,1,0,0,0.8885,1.0000,1020,0,0.2684,0,0.2448,0.4355,0.4068,0.4454,558.78,95,4318,3541,2220,3919,805,586,0,862,1593,17,17,31176.54,88.84,460.00,"agriculture:1.00/0.70;education_culture:1.00/0.70;engineering_bay:1.00/0.70;life_support_habitat:1.00/0.70;medical_bay:1.00/0.70;security:1.00/0.70","agriculture:0.20/0.09;education_culture:0.54/0.00;engineering_bay:0.11/0.00;life_support_habitat:1.00/0.63;medical_bay:0.03/0.00;security:0.26/0.00"
hearthfall_accord,preservers,starter,objective-first,50,43,7,0,0,0,0.9601,1.0000,9780,3942,0.3076,1,0.4469,0.4490,0.5840,0.3748,232.40,0,4588,3571,3067,3791,631,585,0,311,0,0,0,57025.16,95.96,460.00,"agriculture:1.00/0.70;education_culture:1.00/0.70;engineering_bay:1.00/0.70;life_support_habitat:1.00/0.70;medical_bay:1.00/0.70;security:1.00/0.70","agriculture:0.48/0.00;education_culture:1.00/0.87;engineering_bay:0.00/0.35;life_support_habitat:1.00/0.38;medical_bay:1.00/0.27;security:0.30/0.00"
hearthfall_accord,wanderers,cargo,conservative,50,43,7,0,0,0,0.9362,1.0000,3635,8033,0.2742,0,0.5073,0.6145,0.5978,0.5620,369.00,0,3753,3698,3032,0,4187,599,0,2349,1707,0,0,31415.46,93.68,460.00,"agriculture:1.00/0.70;education_culture:1.00/0.70;engineering_bay:1.00/0.70;life_support_habitat:1.00/0.70;medical_bay:1.00/0.70;security:1.00/0.70","agriculture:0.73/0.60;education_culture:1.00/0.87;engineering_bay:0.64/0.30;life_support_habitat:1.00/0.43;medical_bay:1.00/0.37;security:0.40/0.00"
hearthfall_accord,wanderers,cargo,first-choice,50,16,34,0,0,0,0.8728,1.0000,305,0,0.2102,0,0.2793,0.4215,0.3428,0.4826,644.96,100,4417,3621,2160,3878,811,604,0,915,1240,12,12,31000.36,87.26,460.00,"agriculture:1.00/0.70;education_culture:1.00/0.70;engineering_bay:1.00/0.70;life_support_habitat:1.00/0.70;medical_bay:1.00/0.70;security:1.00/0.70","agriculture:0.47/0.34;education_culture:0.32/0.00;engineering_bay:0.30/0.00;life_support_habitat:1.00/0.47;medical_bay:0.17/0.00;security:0.00/0.00"
hearthfall_accord,wanderers,cargo,objective-first,50,42,8,0,0,0,0.9483,1.0000,3635,7177,0.2802,0,0.3879,0.4365,0.5782,0.5605,306.04,0,4583,3554,2888,3814,661,570,0,308,0,0,0,51154.06,94.86,460.00,"agriculture:1.00/0.70;education_culture:1.00/0.70;engineering_bay:1.00/0.70;life_support_habitat:1.00/0.70;medical_bay:1.00/0.70;security:1.00/0.70","agriculture:0.45/0.30;education_culture:1.00/0.86;engineering_bay:0.00/0.00;life_support_habitat:1.00/0.48;medical_bay:1.00/0.57;security:0.00/0.00"
hearthfall_accord,wanderers,combat,conservative,50,38,12,0,0,0,0.9301,1.0000,2635,9466,0.2742,0,0.5502,0.6430,0.5840,0.5620,398.98,0,3741,3736,3041,0,4125,601,0,2387,1653,0,0,31569.66,93.06,460.00,"agriculture:1.00/0.70;education_culture:1.00/0.70;engineering_bay:1.00/0.70;life_support_habitat:1.00/0.70;medical_bay:1.00/0.70;security:1.00/0.70","agriculture:0.74/0.65;education_culture:1.00/0.82;engineering_bay:0.63/0.30;life_support_habitat:1.00/0.45;medical_bay:1.00/0.30;security:0.41/0.00"
hearthfall_accord,wanderers,combat,first-choice,50,14,36,0,0,0,0.8712,1.0000,1976,317,0.2099,0,0.4406,0.4290,0.5240,0.4726,648.04,99,4401,3605,2155,3935,829,595,0,919,1386,8,8,31243.76,87.12,460.00,"agriculture:1.00/0.70;education_culture:1.00/0.70;engineering_bay:1.00/0.70;life_support_habitat:1.00/0.70;medical_bay:1.00/0.70;security:1.00/0.70","agriculture:0.00/0.16;education_culture:0.18/0.03;engineering_bay:0.10/0.05;life_support_habitat:1.00/0.36;medical_bay:0.02/0.00;security:0.00/0.00"
hearthfall_accord,wanderers,combat,objective-first,50,43,7,0,0,0,0.9478,1.0000,2635,7177,0.2802,0,0.3879,0.4365,0.5782,0.5605,306.10,0,4606,3550,2865,3833,646,568,0,309,0,0,0,50423.66,94.80,460.00,"agriculture:1.00/0.70;education_culture:1.00/0.70;engineering_bay:1.00/0.70;life_support_habitat:1.00/0.70;medical_bay:1.00/0.70;security:1.00/0.70","agriculture:0.45/0.30;education_culture:1.00/0.86;engineering_bay:0.00/0.00;life_support_habitat:1.00/0.48;medical_bay:1.00/0.57;security:0.00/0.00"
hearthfall_accord,wanderers,fuel,conservative,50,38,12,0,0,0,0.9304,1.0000,6880,9923,0.8613,0,0.5003,0.5940,0.5978,0.5218,394.60,0,3762,3668,3050,0,4137,597,0,2350,1783,0,0,31473.06,93.08,460.00,"agriculture:1.00/0.70;education_culture:1.00/0.70;engineering_bay:1.00/0.70;life_support_habitat:1.00/0.70;medical_bay:1.00/0.70;security:1.00/0.70","agriculture:0.71/0.48;education_culture:1.00/0.64;engineering_bay:0.53/0.00;life_support_habitat:1.00/0.49;medical_bay:1.00/0.34;security:0.58/0.00"
hearthfall_accord,wanderers,fuel,first-choice,50,13,37,0,0,0,0.8677,1.0000,313,0,0.8500,0,0.2440,0.4335,0.5575,0.5176,664.92,99,4436,3620,2131,3912,801,587,0,852,1330,8,8,31203.32,86.78,460.00,"agriculture:1.00/0.70;education_culture:1.00/0.70;engineering_bay:1.00/0.70;life_support_habitat:1.00/0.70;medical_bay:1.00/0.70;security:1.00/0.70","agriculture:0.00/0.27;education_culture:0.42/0.07;engineering_bay:0.00/0.07;life_support_habitat:1.00/0.70;medical_bay:0.31/0.00;security:0.16/0.00"
hearthfall_accord,wanderers,fuel,objective-first,50,41,9,0,0,0,0.9475,1.0000,6880,7648,0.8612,12,0.4469,0.4490,0.5978,0.5605,306.98,0,4574,3530,2869,3836,668,570,0,273,0,0,0,52140.46,94.76,460.00,"agriculture:1.00/0.70;education_culture:1.00/0.70;engineering_bay:1.00/0.70;life_support_habitat:1.00/0.70;medical_bay:1.00/0.70;security:1.00/0.70","agriculture:0.45/0.30;education_culture:1.00/0.86;engineering_bay:0.00/0.00;life_support_habitat:1.00/0.48;medical_bay:1.00/0.57;security:0.00/0.00"
hearthfall_accord,wanderers,speed,conservative,50,40,10,0,0,0,0.9385,1.0000,4150,10477,0.2746,0,0.4133,0.5305,0.5978,0.5469,361.80,0,3625,3720,2895,0,4270,579,0,2567,2380,0,0,31615.06,93.90,460.00,"agriculture:1.00/0.70;education_culture:1.00/0.70;engineering_bay:1.00/0.70;life_support_habitat:1.00/0.70;medical_bay:1.00/0.70;security:1.00/0.70","agriculture:0.73/0.58;education_culture:1.00/0.90;engineering_bay:0.70/0.35;life_support_habitat:1.00/0.57;medical_bay:1.00/0.27;security:0.39/0.00"
hearthfall_accord,wanderers,speed,first-choice,50,15,35,0,0,0,0.8740,1.0000,2707,570,0.2102,0,0.2913,0.4350,0.2784,0.4088,639.32,99,4430,3624,2144,3895,859,581,0,1072,1949,6,6,31452.22,87.32,460.00,"agriculture:1.00/0.70;education_culture:1.00/0.70;engineering_bay:1.00/0.70;life_support_habitat:1.00/0.70;medical_bay:1.00/0.70;security:1.00/0.70","agriculture:0.48/0.32;education_culture:0.39/0.04;engineering_bay:0.00/0.00;life_support_habitat:1.00/0.42;medical_bay:0.20/0.00;security:0.51/0.00"
hearthfall_accord,wanderers,speed,objective-first,50,44,6,0,0,0,0.9568,1.0000,4150,7691,0.2802,0,0.3879,0.4490,0.5174,0.5435,261.32,0,4498,3540,2804,3796,684,569,0,305,0,0,0,58327.46,95.70,460.00,"agriculture:1.00/0.70;education_culture:1.00/0.70;engineering_bay:1.00/0.70;life_support_habitat:1.00/0.70;medical_bay:1.00/0.70;security:1.00/0.70","agriculture:0.00/0.00;education_culture:1.00/0.78;engineering_bay:0.00/0.00;life_support_habitat:1.00/0.43;medical_bay:1.00/0.57;security:0.43/0.00"
hearthfall_accord,wanderers,starter,conservative,50,42,8,0,0,0,0.9359,1.0000,6412,10114,0.4047,0,0.5068,0.6555,0.5978,0.5376,371.90,0,3608,3638,3112,0,4208,610,0,2410,2277,0,0,31535.66,93.64,460.00,"agriculture:1.00/0.70;education_culture:1.00/0.70;engineering_bay:1.00/0.70;life_support_habitat:1.00/0.70;medical_bay:1.00/0.70;security:1.00/0.70","agriculture:0.72/0.58;education_culture:1.00/0.74;engineering_bay:0.54/0.10;life_support_habitat:1.00/0.38;medical_bay:1.00/0.54;security:0.64/0.00"
hearthfall_accord,wanderers,starter,first-choice,50,21,29,0,0,0,0.8838,1.0000,0,22,0.2861,0,0.0964,0.3290,0.0488,0.5019,591.22,97,4438,3604,2126,3791,807,589,0,954,1842,8,8,31068.80,88.32,460.00,"agriculture:1.00/0.70;education_culture:1.00/0.70;engineering_bay:1.00/0.70;life_support_habitat:1.00/0.70;medical_bay:1.00/0.70;security:1.00/0.70","agriculture:0.42/0.28;education_culture:0.24/0.12;engineering_bay:0.24/0.05;life_support_habitat:1.00/0.46;medical_bay:0.03/0.00;security:0.29/0.00"
hearthfall_accord,wanderers,starter,objective-first,50,43,7,0,0,0,0.9493,1.0000,9885,6412,0.2802,0,0.3879,0.4490,0.4974,0.5540,297.74,0,4542,3518,2883,3838,663,558,0,298,0,0,0,57764.46,94.96,460.00,"agriculture:1.00/0.70;education_culture:1.00/0.70;engineering_bay:1.00/0.70;life_support_habitat:1.00/0.70;medical_bay:1.00/0.70;security:1.00/0.70","agriculture:0.36/0.00;education_culture:1.00/0.78;engineering_bay:0.00/0.00;life_support_habitat:1.00/0.43;medical_bay:1.00/0.27;security:0.44/0.00"
hollow_fleet,adaptors,cargo,conservative,50,25,25,0,0,0,0.8996,0.9999,3526,10685,0.0012,2,0.6972,0.6990,0.0143,0.3871,371.96,0,3383,2214,1668,0,2599,376,0,1567,1180,0,0,12206.76,90.02,310.00,"agriculture:1.00/0.70;education_culture:1.00/0.70;engineering_bay:1.00/0.70;life_support_habitat:1.00/0.70;medical_bay:1.00/0.70;security:1.00/0.70","agriculture:0.74/0.40;education_culture:1.00/0.85;engineering_bay:0.70/0.25;life_support_habitat:1.00/0.58;medical_bay:1.00/0.52;security:0.65/0.00"
hollow_fleet,adaptors,cargo,first-choice,50,8,24,18,0,0,0.8017,0.9970,2917,618,0.0781,65,0.4474,0.4950,0.0000,0.4215,638.70,95,3689,2299,1305,2554,517,403,0,599,847,3,3,12104.40,80.20,310.00,"agriculture:1.00/0.70;education_culture:1.00/0.70;engineering_bay:1.00/0.70;life_support_habitat:1.00/0.70;medical_bay:1.00/0.70;security:1.00/0.70","agriculture:0.49/0.40;education_culture:0.75/0.43;engineering_bay:0.39/0.60;life_support_habitat:1.00/0.63;medical_bay:0.45/0.00;security:0.49/0.00"
hollow_fleet,adaptors,cargo,objective-first,50,27,22,1,0,0,0.9080,1.0000,3526,10071,0.0699,113,0.4475,0.4495,0.2088,0.0226,316.12,0,3684,2181,1669,2469,396,375,0,385,331,0,0,22493.68,90.82,310.00,"agriculture:1.00/0.70;education_culture:1.00/0.70;engineering_bay:1.00/0.70;life_support_habitat:1.00/0.70;medical_bay:1.00/0.70;security:1.00/0.70","agriculture:0.46/0.00;education_culture:1.00/0.86;engineering_bay:0.51/0.55;life_support_habitat:1.00/0.43;medical_bay:1.00/0.42;security:0.37/0.00"
hollow_fleet,adaptors,combat,conservative,50,39,11,0,0,0,0.9260,1.0000,2526,9575,0.0000,71,0.6974,0.6990,0.4231,0.3825,297.40,0,2734,2524,1795,0,2871,378,0,1577,1107,0,0,12109.90,92.58,310.00,"agriculture:1.00/0.70;education_culture:1.00/0.70;engineering_bay:1.00/0.70;life_support_habitat:1.00/0.70;medical_bay:1.00/0.70;security:1.00/0.70","agriculture:0.71/0.40;education_culture:1.00/0.85;engineering_bay:0.71/0.30;life_support_habitat:1.00/0.56;medical_bay:1.00/0.52;security:0.58/0.00"
hollow_fleet,adaptors,combat,first-choice,50,12,32,6,0,0,0.8378,1.0000,473,15,0.0490,87,0.4473,0.4490,0.0000,0.3540,538.36,94,2975,2526,1460,2623,545,395,0,563,774,7,7,11983.50,83.78,310.00,"agriculture:1.00/0.70;education_culture:1.00/0.70;engineering_bay:1.00/0.70;life_support_habitat:1.00/0.70;medical_bay:1.00/0.70;security:1.00/0.70","agriculture:0.49/0.39;education_culture:0.48/0.04;engineering_bay:0.50/0.25;life_support_habitat:1.00/0.59;medical_bay:0.42/0.15;security:0.46/0.00"
hollow_fleet,adaptors,combat,objective-first,50,40,10,0,0,0,0.9405,1.0000,2526,7863,0.0000,109,0.4474,0.4490,0.0078,0.3626,237.74,0,3157,2386,1645,2702,507,393,0,419,281,0,0,21708.70,93.96,310.06,"agriculture:1.00/0.70;education_culture:1.00/0.70;engineering_bay:1.00/0.70;life_support_habitat:1.00/0.70;medical_bay:1.00/0.70;security:1.00/0.70","agriculture:0.17/0.00;education_culture:1.00/0.90;engineering_bay:0.48/0.55;life_support_habitat:1.00/0.63;medical_bay:1.00/0.39;security:0.50/0.00"
hollow_fleet,adaptors,fuel,conservative,50,32,18,0,0,0,0.9080,0.9998,6766,10724,0.8652,53,0.6972,0.6990,0.1719,0.3871,347.32,0,3365,2248,1753,0,2570,378,0,1580,1337,0,0,12181.86,90.76,310.00,"agriculture:1.00/0.70;education_culture:1.00/0.70;engineering_bay:1.00/0.70;life_support_habitat:1.00/0.70;medical_bay:1.00/0.70;security:1.00/0.70","agriculture:0.69/0.28;education_culture:1.00/0.90;engineering_bay:0.55/0.25;life_support_habitat:1.00/0.58;medical_bay:1.00/0.52;security:0.65/0.10"
hollow_fleet,adaptors,fuel,first-choice,50,12,22,16,0,0,0.8232,0.9865,4631,814,0.8500,96,0.4474,0.4860,0.0182,0.4215,568.58,91,3505,2328,1314,2487,551,394,0,608,1028,1,1,11941.48,82.40,310.00,"agriculture:1.00/0.70;education_culture:1.00/0.70;engineering_bay:1.00/0.70;life_support_habitat:1.00/0.70;medical_bay:1.00/0.70;security:1.00/0.70","agriculture:0.46/0.54;education_culture:0.66/0.31;engineering_bay:0.50/0.35;life_support_habitat:1.00/0.67;medical_bay:0.46/0.00;security:0.45/0.00"
hollow_fleet,adaptors,fuel,objective-first,50,29,21,0,0,0,0.9075,0.9960,6766,9755,0.8536,98,0.4474,0.4490,0.0006,0.2816,328.18,0,3638,2231,1603,2497,439,367,0,403,472,0,0,21932.98,90.76,310.00,"agriculture:1.00/0.70;education_culture:1.00/0.70;engineering_bay:1.00/0.70;life_support_habitat:1.00/0.70;medical_bay:1.00/0.70;security:1.00/0.70","agriculture:0.47/0.00;education_culture:1.00/0.89;engineering_bay:0.52/0.55;life_support_habitat:1.00/0.43;medical_bay:1.00/0.42;security:0.37/0.00"
hollow_fleet,adaptors,speed,conservative,50,29,20,1,0,0,0.9042,1.0000,4056,9993,0.0016,3,0.6976,0.6990,0.1364,0.3871,361.16,0,3349,2238,1688,0,2609,390,0,1690,1601,0,0,12186.88,90.44,310.00,"agriculture:1.00/0.70;education_culture:1.00/0.70;engineering_bay:1.00/0.70;life_support_habitat:1.00/0.70;medical_bay:1.00/0.70;security:1.00/0.70","agriculture:0.72/0.58;education_culture:1.00/0.87;engineering_bay:0.73/0.50;life_support_habitat:1.00/0.58;medical_bay:1.00/0.49;security:0.65/0.10"
hollow_fleet,adaptors,speed,first-choice,50,8,25,17,0,0,0.8054,1.0000,2518,621,0.0000,79,0.4475,0.5150,0.0000,0.4215,630.60,93,3618,2312,1337,2512,545,389,0,607,1273,4,4,12151.82,80.50,310.12,"agriculture:1.00/0.70;education_culture:1.00/0.70;engineering_bay:1.00/0.70;life_support_habitat:1.00/0.70;medical_bay:1.00/0.70;security:1.00/0.70","agriculture:0.48/0.59;education_culture:0.64/0.17;engineering_bay:0.33/0.30;life_support_habitat:1.00/0.57;medical_bay:0.45/0.00;security:0.51/0.00"
hollow_fleet,adaptors,speed,objective-first,50,35,15,0,0,0,0.9283,1.0000,4056,8352,0.0727,60,0.4474,0.4495,0.0511,0.1981,260.40,0,3620,2166,1647,2498,431,381,0,405,437,0,0,26003.88,92.86,310.00,"agriculture:1.00/0.70;education_culture:1.00/0.70;engineering_bay:1.00/0.70;life_support_habitat:1.00/0.70;medical_bay:1.00/0.70;security:1.00/0.70","agriculture:0.47/0.00;education_culture:1.00/0.86;engineering_bay:0.52/0.55;life_support_habitat:1.00/0.43;medical_bay:1.00/0.42;security:0.37/0.00"
hollow_fleet,adaptors,starter,conservative,50,26,24,0,0,0,0.9022,1.0000,7774,10826,0.4549,32,0.6976,0.6990,0.1507,0.3621,365.52,0,3359,2315,1696,0,2586,385,0,1697,1734,0,0,12154.88,90.18,310.00,"agriculture:1.00/0.70;education_culture:1.00/0.70;engineering_bay:1.00/0.70;life_support_habitat:1.00/0.70;medical_bay:1.00/0.70;security:1.00/0.70","agriculture:0.75/0.48;education_culture:1.00/0.85;engineering_bay:0.69/0.30;life_support_habitat:1.00/0.63;medical_bay:1.00/0.49;security:0.70/0.20"
hollow_fleet,adaptors,starter,first-choice,50,6,26,18,0,0,0.7949,0.9988,4694,574,0.0587,76,0.4474,0.4850,0.0000,0.4054,655.98,94,3473,2250,1439,2652,529,401,0,562,1417,4,4,12197.08,79.44,310.00,"agriculture:1.00/0.70;education_culture:1.00/0.70;engineering_bay:1.00/0.70;life_support_habitat:1.00/0.70;medical_bay:1.00/0.70;security:1.00/0.70","agriculture:0.47/0.47;education_culture:0.89/0.23;engineering_bay:0.46/0.27;life_support_habitat:1.00/0.59;medical_bay:0.59/0.00;security:0.47/0.00"
hollow_fleet,adaptors,starter,objective-first,50,30,20,0,0,0,0.9183,0.9980,9564,9991,0.1395,102,0.4474,0.4495,0.0078,0.3740,301.02,0,3574,2243,1617,2535,428,376,0,409,483,0,0,26709.46,91.78,310.00,"agriculture:1.00/0.70;education_culture:1.00/0.70;engineering_bay:1.00/0.70;life_support_habitat:1.00/0.70;medical_bay:1.00/0.70;security:1.00/0.70","agriculture:0.47/0.00;education_culture:1.00/0.86;engineering_bay:0.45/0.55;life_support_habitat:1.00/0.43;medical_bay:1.00/0.42;security:0.37/0.00"
hollow_fleet,preservers,cargo,conservative,50,25,25,0,0,0,0.8987,0.9951,3380,11204,0.0000,8,0.6960,0.6990,0.0000,0.4350,370.60,0,3392,2137,1715,0,2597,371,0,1645,1160,0,0,12080.92,89.88,310.04,"agriculture:1.00/0.70;education_culture:1.00/0.70;engineering_bay:1.00/0.70;life_support_habitat:1.00/0.70;medical_bay:1.00/0.70;security:1.00/0.70","agriculture:0.75/0.38;education_culture:1.00/0.84;engineering_bay:0.71/0.25;life_support_habitat:1.00/0.72;medical_bay:1.00/0.59;security:0.51/0.00"
hollow_fleet,preservers,cargo,first-choice,50,7,18,25,0,0,0.7857,0.9935,3230,485,0.0000,75,0.4474,0.4850,0.0000,0.2633,677.42,98,3638,2224,1305,2537,481,388,0,626,911,5,5,12018.58,78.56,310.08,"agriculture:1.00/0.70;education_culture:1.00/0.70;engineering_bay:1.00/0.70;life_support_habitat:1.00/0.70;medical_bay:1.00/0.70;security:1.00/0.70","agriculture:0.48/0.51;education_culture:0.53/0.00;engineering_bay:0.36/0.35;life_support_habitat:1.00/0.50;medical_bay:0.43/0.00;security:0.46/0.00"
hollow_fleet,preservers,cargo,objective-first,50,33,17,0,0,0,0.9205,0.9992,3380,8393,0.0000,101,0.4474,0.4495,0.0118,0.3369,296.56,0,3702,2104,1573,2522,439,402,0,452,330,0,0,22232.00,92.00,310.04,"agriculture:1.00/0.70;education_culture:1.00/0.70;engineering_bay:1.00/0.70;life_support_habitat:1.00/0.70;medical_bay:1.00/0.70;security:1.00/0.70","agriculture:0.35/0.00;education_culture:1.00/0.81;engineering_bay:0.53/0.55;life_support_habitat:1.00/0.53;medical_bay:1.00/0.39;security:0.28/0.00"
hollow_fleet,preservers,combat,conservative,50,42,8,0,0,0,0.9377,1.0000,2380,8872,0.0758,37,0.6974,0.6990,0.2287,0.4998,264.54,0,2744,2390,1796,0,2834,386,0,1660,1139,0,0,12176.30,93.78,310.00,"agriculture:1.00/0.70;education_culture:1.00/0.70;engineering_bay:1.00/0.70;life_support_habitat:1.00/0.70;medical_bay:1.00/0.70;security:1.00/0.70","agriculture:0.74/0.50;education_culture:1.00/0.90;engineering_bay:0.71/0.40;life_support_habitat:1.00/0.60;medical_bay:1.00/0.52;security:0.71/0.20"
hollow_fleet,preservers,combat,first-choice,50,9,25,16,0,0,0.8101,1.0000,0,15,0.0000,76,0.4474,0.4655,0.2772,0.4553,614.34,93,2995,2540,1460,2687,536,362,0,595,820,2,2,12031.74,81.04,310.14,"agriculture:1.00/0.70;education_culture:1.00/0.70;engineering_bay:1.00/0.70;life_support_habitat:1.00/0.70;medical_bay:1.00/0.70;security:1.00/0.70","agriculture:0.52/0.65;education_culture:1.00/0.66;engineering_bay:0.33/0.35;life_support_habitat:1.00/0.56;medical_bay:0.47/0.00;security:0.51/0.00"
hollow_fleet,preservers,combat,objective-first,50,38,11,1,0,0,0.9346,1.0000,2380,8650,0.0847,106,0.4473,0.4500,0.2551,0.2645,247.22,0,3185,2337,1700,2666,493,392,0,444,306,0,0,22227.10,93.50,310.00,"agriculture:1.00/0.70;education_culture:1.00/0.70;engineering_bay:1.00/0.70;life_support_habitat:1.00/0.70;medical_bay:1.00/0.70;security:1.00/0.70","agriculture:0.40/0.00;education_culture:1.00/0.89;engineering_bay:0.52/0.55;life_support_habitat:1.00/0.48;medical_bay:1.00/0.39;security:0.46/0.00"
hollow_fleet,preservers,fuel,conservative,50,29,21,0,0,0,0.9006,0.9972,6605,10553,0.8604,24,0.6976,0.6990,0.0867,0.4142,366.96,0,3412,2151,1703,0,2675,373,0,1660,1330,0,0,12187.88,90.00,310.00,"agriculture:1.00/0.70;education_culture:1.00/0.70;engineering_bay:1.00/0.70;life_support_habitat:1.00/0.70;medical_bay:1.00/0.70;security:1.00/0.70","agriculture:0.74/0.48;education_culture:1.00/0.82;engineering_bay:0.73/0.25;life_support_habitat:1.00/0.49;medical_bay:1.00/0.49;security:0.63/0.10"
hollow_fleet,preservers,fuel,first-choice,50,9,18,23,0,0,0.7875,0.9900,3157,534,0.8500,83,0.4474,0.4490,0.0227,0.4223,670.22,95,3625,2230,1315,2585,489,391,0,600,1042,5,5,11927.04,78.76,310.00,"agriculture:1.00/0.70;education_culture:1.00/0.70;engineering_bay:1.00/0.70;life_support_habitat:1.00/0.70;medical_bay:1.00/0.70;security:1.00/0.70","agriculture:0.52/0.60;education_culture:0.53/0.00;engineering_bay:0.48/0.25;life_support_habitat:1.00/0.62;medical_bay:0.43/0.00;security:0.16/0.00"
hollow_fleet,preservers,fuel,objective-first,50,33,16,1,0,0,0.9245,0.9979,6605,9564,0.8538,94,0.4474,0.4490,0.1527,0.2152,274.96,0,3642,2117,1577,2465,418,395,0,409,474,0,0,22353.08,92.40,310.00,"agriculture:1.00/0.70;education_culture:1.00/0.70;engineering_bay:1.00/0.70;life_support_habitat:1.00/0.70;medical_bay:1.00/0.70;security:1.00/0.70","agriculture:0.16/0.00;education_culture:1.00/0.89;engineering_bay:0.53/0.55;life_support_habitat:1.00/0.38;medical_bay:1.00/0.39;security:0.46/0.00"
hollow_fleet,preservers,speed,conservative,50,27,22,1,0,0,0.9030,0.9987,3955,11204,0.0000,22,0.6976,0.6990,0.0118,0.2873,362.18,0,3379,2234,1704,0,2583,384,0,1730,1586,0,0,12179.12,90.30,310.02,"agriculture:1.00/0.70;education_culture:1.00/0.70;engineering_bay:1.00/0.70;life_support_habitat:1.00/0.70;medical_bay:1.00/0.70;security:1.00/0.70","agriculture:0.74/0.58;education_culture:1.00/0.78;engineering_bay:0.84/0.45;life_support_habitat:1.00/0.67;medical_bay:1.00/0.59;security:0.74/0.45"
hollow_fleet,preservers,speed,first-choice,50,6,27,17,0,0,0.7940,1.0000,180,21,0.1845,55,0.4474,0.5250,0.2079,0.2386,656.16,96,3553,2270,1287,2602,485,374,0,615,1310,9,9,11891.86,79.40,310.00,"agriculture:1.00/0.70;education_culture:1.00/0.70;engineering_bay:1.00/0.70;life_support_habitat:1.00/0.70;medical_bay:1.00/0.70;security:1.00/0.70","agriculture:0.52/0.50;education_culture:0.56/0.39;engineering_bay:0.31/0.30;life_support_habitat:1.00/0.57;medical_bay:0.43/0.00;security:0.28/0.00"
hollow_fleet,preservers,speed,objective-first,50,29,21,0,0,0,0.9103,1.0000,3955,8770,0.0000,85,0.4474,0.4490,0.0000,0.3943,321.78,0,3708,2110,1580,2549,420,382,0,455,450,0,0,26060.64,91.00,310.06,"agriculture:1.00/0.70;education_culture:1.00/0.70;engineering_bay:1.00/0.70;life_support_habitat:1.00/0.70;medical_bay:1.00/0.70;security:1.00/0.70","agriculture:0.17/0.00;education_culture:1.00/0.79;engineering_bay:0.53/0.55;life_support_habitat:1.00/0.38;medical_bay:1.00/0.39;security:0.46/0.00"
hollow_fleet,preservers,starter,conservative,50,28,22,0,0,0,0.9080,1.0000,7633,10540,0.4742,23,0.6976,0.6990,0.1959,0.4351,347.14,0,3381,2158,1692,0,2604,382,0,1701,1717,0,0,12166.94,90.80,310.00,"agriculture:1.00/0.70;education_culture:1.00/0.70;engineering_bay:1.00/0.70;life_support_habitat:1.00/0.70;medical_bay:1.00/0.70;security:1.00/0.70","agriculture:0.75/0.58;education_culture:1.00/0.86;engineering_bay:0.72/0.20;life_support_habitat:1.00/0.62;medical_bay:1.00/0.49;security:0.64/0.10"
hollow_fleet,preservers,starter,first-choice,50,7,25,18,0,0,0.8027,0.9929,847,761,0.0000,59,0.4474,0.5030,0.0000,0.4227,630.12,94,3643,2243,1365,2648,501,378,0,625,1432,5,5,12031.22,80.28,310.08,"agriculture:1.00/0.70;education_culture:1.00/0.70;engineering_bay:1.00/0.70;life_support_habitat:1.00/0.70;medical_bay:1.00/0.70;security:1.00/0.70","agriculture:0.53/0.41;education_culture:0.79/0.41;engineering_bay:0.54/0.30;life_support_habitat:1.00/0.60;medical_bay:0.43/0.00;security:0.23/0.00"
hollow_fleet,preservers,starter,objective-first,50,33,17,0,0,0,0.9204,0.9975,9124,9413,0.0831,109,0.4474,0.4490,0.1527,0.3826,296.26,0,3685,2071,1560,2479,412,390,0,411,488,0,0,26888.12,92.04,310.00,"agriculture:1.00/0.70;education_culture:1.00/0.70;engineering_bay:1.00/0.70;life_support_habitat:1.00/0.70;medical_bay:1.00/0.70;security:1.00/0.70","agriculture:0.46/0.00;education_culture:1.00/0.90;engineering_bay:0.52/0.59;life_support_habitat:1.00/0.38;medical_bay:1.00/0.39;security:0.46/0.00"
hollow_fleet,wanderers,cargo,conservative,50,24,26,0,0,0,0.8958,0.9966,2980,10798,0.0000,0,0.6974,0.6990,0.0000,0.3833,380.78,0,3356,2227,1623,0,2584,387,0,1619,1169,0,0,11918.80,89.54,310.02,"agriculture:1.00/0.70;education_culture:1.00/0.70;engineering_bay:1.00/0.70;life_support_habitat:1.00/0.70;medical_bay:1.00/0.70;security:1.00/0.70","agriculture:0.72/0.35;education_culture:1.00/0.88;engineering_bay:0.70/0.20;life_support_habitat:1.00/0.52;medical_bay:1.00/0.52;security:0.50/0.00"
hollow_fleet,wanderers,cargo,first-choice,50,8,22,20,0,0,0.7929,0.9985,0,10,0.0000,52,0.4473,0.4765,0.3161,0.4256,655.92,94,3559,2276,1338,2482,539,398,0,640,986,9,9,11422.08,79.32,310.02,"agriculture:1.00/0.70;education_culture:1.00/0.70;engineering_bay:1.00/0.70;life_support_habitat:1.00/0.70;medical_bay:1.00/0.70;security:1.00/0.70","agriculture:0.50/0.33;education_culture:0.78/0.20;engineering_bay:0.50/0.25;life_support_habitat:1.00/0.54;medical_bay:0.46/0.15;security:0.59/0.00"
hollow_fleet,wanderers,cargo,objective-first,50,25,25,0,0,0,0.9006,0.9957,2980,10268,0.0000,94,0.4474,0.4490,0.0000,0.3025,359.94,0,3631,2168,1546,2512,413,394,0,424,333,0,0,21375.00,90.04,310.14,"agriculture:1.00/0.70;education_culture:1.00/0.70;engineering_bay:1.00/0.70;life_support_habitat:1.00/0.70;medical_bay:1.00/0.70;security:1.00/0.70","agriculture:0.38/0.00;education_culture:1.00/0.88;engineering_bay:0.48/0.55;life_support_habitat:1.00/0.43;medical_bay:1.00/0.39;security:0.44/0.00"
hollow_fleet,wanderers,combat,conservative,50,39,11,0,0,0,0.9385,1.0000,2126,10555,0.0000,53,0.6957,0.6990,0.5583,0.3545,260.58,0,2629,2389,1850,0,2835,387,0,1588,1135,0,0,12040.48,93.86,310.04,"agriculture:1.00/0.70;education_culture:1.00/0.70;engineering_bay:1.00/0.70;life_support_habitat:1.00/0.70;medical_bay:1.00/0.70;security:1.00/0.70","agriculture:0.74/0.35;education_culture:1.00/0.90;engineering_bay:0.67/0.30;life_support_habitat:1.00/0.62;medical_bay:1.00/0.53;security:0.50/0.00"
hollow_fleet,wanderers,combat,first-choice,50,14,26,10,0,0,0.8371,1.0000,0,0,0.0137,53,0.4474,0.4750,0.0000,0.4168,535.48,87,2983,2567,1395,2656,536,388,0,615,978,10,10,11755.90,83.70,310.00,"agriculture:1.00/0.70;education_culture:1.00/0.70;engineering_bay:1.00/0.70;life_support_habitat:1.00/0.70;medical_bay:1.00/0.70;security:1.00/0.70","agriculture:0.46/0.40;education_culture:0.78/0.24;engineering_bay:0.47/0.36;life_support_habitat:1.00/0.60;medical_bay:0.74/0.10;security:0.47/0.15"
hollow_fleet,wanderers,combat,objective-first,50,35,15,0,0,0,0.9241,1.0000,2126,9514,0.0000,108,0.4474,0.4500,0.2336,0.4256,290.28,0,3103,2391,1698,2630,457,387,0,383,300,0,0,21902.28,92.34,310.02,"agriculture:1.00/0.70;education_culture:1.00/0.70;engineering_bay:1.00/0.70;life_support_habitat:1.00/0.70;medical_bay:1.00/0.70;security:1.00/0.70","agriculture:0.14/0.00;education_culture:1.00/0.85;engineering_bay:0.49/0.55;life_support_habitat:1.00/0.48;medical_bay:1.00/0.40;security:0.14/0.00"
hollow_fleet,wanderers,fuel,conservative,50,25,25,0,0,0,0.8990,1.0000,6205,11071,0.8506,31,0.6973,0.6990,0.2747,0.4759,374.48,0,3312,2255,1634,0,2637,396,0,1649,1315,0,0,12124.48,89.90,310.00,"agriculture:1.00/0.70;education_culture:1.00/0.70;engineering_bay:1.00/0.70;life_support_habitat:1.00/0.70;medical_bay:1.00/0.70;security:1.00/0.70","agriculture:0.72/0.48;education_culture:1.00/0.86;engineering_bay:0.69/0.30;life_support_habitat:1.00/0.50;medical_bay:1.00/0.49;security:0.62/0.00"
hollow_fleet,wanderers,fuel,first-choice,50,3,26,21,0,0,0.7740,0.9933,1654,0,0.8500,46,0.4474,0.4495,0.3161,0.4212,711.70,100,3577,2232,1343,2562,501,385,0,605,1191,1,1,11888.80,77.42,310.00,"agriculture:1.00/0.70;education_culture:1.00/0.70;engineering_bay:1.00/0.70;life_support_habitat:1.00/0.70;medical_bay:1.00/0.70;security:1.00/0.70","agriculture:0.46/0.42;education_culture:0.69/0.51;engineering_bay:0.48/0.25;life_support_habitat:1.00/0.69;medical_bay:0.36/0.00;security:0.45/0.00"
hollow_fleet,wanderers,fuel,objective-first,50,29,20,1,0,0,0.9142,0.9962,6205,9951,0.8537,96,0.4474,0.4490,0.1227,0.3487,322.96,0,3564,2223,1526,2485,447,388,0,441,456,0,0,22062.02,91.40,310.00,"agriculture:1.00/0.70;education_culture:1.00/0.70;engineering_bay:1.00/0.70;life_support_habitat:1.00/0.70;medical_bay:1.00/0.70;security:1.00/0.70","agriculture:0.09/0.00;education_culture:1.00/0.86;engineering_bay:0.47/0.55;life_support_habitat:1.00/0.38;medical_bay:1.00/0.39;security:0.14/0.00"
hollow_fleet,wanderers,speed,conservative,50,19,31,0,0,0,0.8982,1.0000,3555,10787,0.1766,25,0.6974,0.6990,0.0411,0.4759,377.62,0,3268,2247,1646,0,2626,390,0,1773,1584,0,0,12140.08,89.76,310.00,"agriculture:1.00/0.70;education_culture:1.00/0.70;engineering_bay:1.00/0.70;life_support_habitat:1.00/0.70;medical_bay:1.00/0.70;security:1.00/0.70","agriculture:0.71/0.48;education_culture:1.00/0.92;engineering_bay:0.70/0.40;life_support_habitat:1.00/0.53;medical_bay:1.00/0.49;security:0.62/0.10"
hollow_fleet,wanderers,speed,first-choice,50,8,26,16,0,0,0.8008,1.0000,3190,995,0.0031,46,0.4473,0.4550,0.2511,0.4696,639.74,95,3581,2165,1358,2571,543,377,0,654,1469,1,1,12066.40,80.12,310.00,"agriculture:1.00/0.70;education_culture:1.00/0.70;engineering_bay:1.00/0.70;life_support_habitat:1.00/0.70;medical_bay:1.00/0.70;security:1.00/0.70","agriculture:0.48/0.58;education_culture:0.71/0.58;engineering_bay:0.45/0.51;life_support_habitat:1.00/0.63;medical_bay:0.47/0.14;security:0.21/0.00"
hollow_fleet,wanderers,speed,objective-first,50,25,25,0,0,0,0.9098,1.0000,3555,9384,0.0000,117,0.4473,0.4490,0.2747,0.1750,335.94,0,3615,2192,1553,2542,442,377,0,445,444,0,0,26158.88,91.00,310.04,"agriculture:1.00/0.70;education_culture:1.00/0.70;engineering_bay:1.00/0.70;life_support_habitat:1.00/0.70;medical_bay:1.00/0.70;security:1.00/0.70","agriculture:0.08/0.00;education_culture:1.00/0.94;engineering_bay:0.53/0.55;life_support_habitat:1.00/0.43;medical_bay:1.00/0.42;security:0.44/0.00"
hollow_fleet,wanderers,starter,conservative,50,23,27,0,0,0,0.8985,0.9978,7633,10901,0.4420,26,0.6976,0.6990,0.0563,0.4149,373.82,0,3313,2287,1651,0,2634,391,0,1676,1702,0,0,12090.34,89.90,310.00,"agriculture:1.00/0.70;education_culture:1.00/0.70;engineering_bay:1.00/0.70;life_support_habitat:1.00/0.70;medical_bay:1.00/0.70;security:1.00/0.70","agriculture:0.74/0.58;education_culture:1.00/0.84;engineering_bay:0.71/0.40;life_support_habitat:1.00/0.65;medical_bay:1.00/0.52;security:0.35/0.00"
hollow_fleet,wanderers,starter,first-choice,50,3,26,21,0,0,0.7748,0.9987,1715,0,0.0000,49,0.4473,0.4750,0.0351,0.4222,713.28,98,3575,2180,1378,2592,488,360,0,622,1561,5,5,12089.54,77.48,310.08,"agriculture:1.00/0.70;education_culture:1.00/0.70;engineering_bay:1.00/0.70;life_support_habitat:1.00/0.70;medical_bay:1.00/0.70;security:1.00/0.70","agriculture:0.52/0.34;education_culture:0.53/0.00;engineering_bay:0.35/0.22;life_support_habitat:1.00/0.59;medical_bay:0.41/0.15;security:0.46/0.00"
hollow_fleet,wanderers,starter,objective-first,50,23,27,0,0,0,0.9037,0.9969,9230,9222,0.0010,94,0.4474,0.4490,0.1828,0.2968,342.76,0,3559,2274,1546,2505,414,368,0,410,486,0,0,25919.78,90.36,310.02,"agriculture:1.00/0.70;education_culture:1.00/0.70;engineering_bay:1.00/0.70;life_support_habitat:1.00/0.70;medical_bay:1.00/0.70;security:1.00/0.70","agriculture:0.09/0.00;education_culture:1.00/0.94;engineering_bay:0.49/0.55;life_support_habitat:1.00/0.38;medical_bay:1.00/0.42;security:0.50/0.00"
seedfall,adaptors,cargo,conservative,50,32,18,0,0,0,0.9188,1.0000,3533,10984,0.0000,0,0.5951,0.6025,0.5669,0.3989,351.28,0,3351,3359,2785,0,3895,527,0,2095,1612,0,0,22596.96,91.90,420.46,"agriculture:1.00/0.70;education_culture:1.00/0.70;engineering_bay:1.00/0.70;life_support_habitat:1.00/0.70;medical_bay:1.00/0.70;security:1.00/0.70","agriculture:0.73/0.58;education_culture:1.00/1.00;engineering_bay:0.68/0.40;life_support_habitat:1.00/0.68;medical_bay:1.00/0.47;security:0.22/0.00"
seedfall,adaptors,cargo,first-choice,50,15,25,10,0,0,0.8479,1.0000,316,0,0.0000,0,0.4231,0.4490,0.4410,0.4870,567.36,97,4016,3344,2066,3672,770,524,0,845,992,6,6,22424.16,84.78,420.90,"agriculture:1.00/0.70;education_culture:1.00/0.70;engineering_bay:1.00/0.70;life_support_habitat:1.00/0.70;medical_bay:1.00/0.70;security:1.00/0.70","agriculture:0.51/0.54;education_culture:0.50/0.04;engineering_bay:0.00/0.00;life_support_habitat:1.00/0.45;medical_bay:0.63/0.00;security:0.36/0.00"
seedfall,adaptors,cargo,objective-first,50,16,33,1,0,0,0.8838,1.0000,3533,10892,0.0000,85,0.4469,0.4495,0.5669,0.4752,459.22,0,3988,3204,2625,3579,667,511,0,183,0,0,0,40543.96,88.36,420.54,"agriculture:1.00/0.70;education_culture:1.00/0.70;engineering_bay:1.00/0.70;life_support_habitat:1.00/0.70;medical_bay:1.00/0.70;security:1.00/0.70","agriculture:0.45/0.00;education_culture:1.00/0.89;engineering_bay:0.00/0.00;life_support_habitat:1.00/0.63;medical_bay:1.00/0.37;security:0.49/0.00"
seedfall,adaptors,combat,conservative,50,35,15,0,0,0,0.9171,1.0000,2533,10761,0.0000,0,0.6290,0.6990,0.5600,0.4877,357.12,0,3291,3365,2745,0,3928,511,0,2082,1519,0,0,22571.76,91.72,420.32,"agriculture:1.00/0.70;education_culture:1.00/0.70;engineering_bay:1.00/0.70;life_support_habitat:1.00/0.70;medical_bay:1.00/0.70;security:1.00/0.70","agriculture:0.72/0.58;education_culture:1.00/0.98;engineering_bay:0.47/0.40;life_support_habitat:1.00/0.70;medical_bay:1.00/0.50;security:0.41/0.00"
seedfall,adaptors,combat,first-choice,50,10,31,9,0,0,0.8394,1.0000,516,0,0.0000,0,0.3957,0.4490,0.4410,0.4870,596.26,99,3975,3332,2061,3727,761,531,0,843,934,8,8,22430.10,83.92,420.80,"agriculture:1.00/0.70;education_culture:1.00/0.70;engineering_bay:1.00/0.70;life_support_habitat:1.00/0.70;medical_bay:1.00/0.70;security:1.00/0.70","agriculture:0.50/0.41;education_culture:0.53/0.47;engineering_bay:0.00/0.00;life_support_habitat:1.00/0.55;medical_bay:0.21/0.00;security:0.47/0.00"
seedfall,adaptors,combat,objective-first,50,15,34,1,0,0,0.8843,1.0000,2533,10892,0.0000,85,0.4469,0.4495,0.5669,0.4752,457.48,0,3987,3199,2623,3574,670,510,0,180,0,0,0,39654.36,88.42,420.54,"agriculture:1.00/0.70;education_culture:1.00/0.70;engineering_bay:1.00/0.70;life_support_habitat:1.00/0.70;medical_bay:1.00/0.70;security:1.00/0.70","agriculture:0.45/0.00;education_culture:1.00/0.89;engineering_bay:0.00/0.00;life_support_habitat:1.00/0.63;medical_bay:1.00/0.37;security:0.49/0.00"
seedfall,adaptors,fuel,conservative,50,30,20,0,0,0,0.9213,1.0000,6738,10125,0.8540,0,0.4811,0.6480,0.5669,0.5241,341.68,0,3296,3352,2743,0,3925,500,0,2063,1702,0,0,22591.76,92.06,420.00,"agriculture:1.00/0.70;education_culture:1.00/0.70;engineering_bay:1.00/0.70;life_support_habitat:1.00/0.70;medical_bay:1.00/0.70;security:1.00/0.70","agriculture:0.73/0.56;education_culture:1.00/0.87;engineering_bay:0.00/0.15;life_support_habitat:1.00/0.57;medical_bay:1.00/0.37;security:0.39/0.00"
seedfall,adaptors,fuel,first-choice,50,18,26,6,0,0,0.8649,1.0000,111,0,0.8500,0,0.3816,0.4490,0.3663,0.4870,513.78,98,3915,3275,2037,3701,753,496,0,764,1083,11,11,22123.94,86.52,420.00,"agriculture:1.00/0.70;education_culture:1.00/0.70;engineering_bay:1.00/0.70;life_support_habitat:1.00/0.70;medical_bay:1.00/0.70;security:1.00/0.70","agriculture:0.48/0.27;education_culture:0.64/0.00;engineering_bay:0.55/0.35;life_support_habitat:1.00/0.40;medical_bay:0.47/0.60;security:0.00/0.00"
seedfall,adaptors,fuel,objective-first,50,22,28,0,0,0,0.8902,1.0000,6738,10892,0.8562,27,0.4469,0.4495,0.5546,0.5189,440.78,0,3962,3134,2562,3581,689,515,0,174,0,0,0,41771.16,89.06,420.00,"agriculture:1.00/0.70;education_culture:1.00/0.70;engineering_bay:1.00/0.70;life_support_habitat:1.00/0.70;medical_bay:1.00/0.70;security:1.00/0.70","agriculture:0.10/0.00;education_culture:1.00/0.86;engineering_bay:0.00/0.00;life_support_habitat:1.00/0.63;medical_bay:1.00/0.37;security:0.50/0.00"
seedfall,adaptors,speed,conservative,50,36,14,0,0,0,0.9203,1.0000,4153,10655,0.0000,0,0.6526,0.6820,0.5669,0.5241,347.30,0,3222,3380,2761,0,3931,531,0,2311,2156,0,0,22717.86,92.00,420.30,"agriculture:1.00/0.70;education_culture:1.00/0.70;engineering_bay:1.00/0.70;life_support_habitat:1.00/0.70;medical_bay:1.00/0.70;security:1.00/0.70","agriculture:0.73/0.58;education_culture:1.00/0.95;engineering_bay:0.72/0.48;life_support_habitat:1.00/0.62;medical_bay:1.00/0.44;security:0.52/0.00"
seedfall,adaptors,speed,first-choice,50,11,34,5,0,0,0.8416,1.0000,260,9,0.0000,0,0.2235,0.3720,0.4410,0.4870,587.54,99,3947,3324,2025,3661,710,512,0,907,1548,11,11,22489.96,84.10,420.70,"agriculture:1.00/0.70;education_culture:1.00/0.70;engineering_bay:1.00/0.70;life_support_habitat:1.00/0.70;medical_bay:1.00/0.70;security:1.00/0.70","agriculture:0.48/0.53;education_culture:0.99/0.96;engineering_bay:0.24/0.00;life_support_habitat:1.00/0.53;medical_bay:0.59/0.00;security:0.26/0.00"
seedfall,adaptors,speed,objective-first,50,19,31,0,0,0,0.8876,1.0000,4153,10892,0.0000,63,0.4469,0.4495,0.5669,0.5241,448.98,0,3968,3134,2642,3617,666,522,0,184,0,0,0,47500.66,88.74,420.54,"agriculture:1.00/0.70;education_culture:1.00/0.70;engineering_bay:1.00/0.70;life_support_habitat:1.00/0.70;medical_bay:1.00/0.70;security:1.00/0.70","agriculture:0.44/0.00;education_culture:1.00/0.97;engineering_bay:0.00/0.00;life_support_habitat:1.00/0.48;medical_bay:1.00/0.37;security:0.07/0.00"
seedfall,adaptors,starter,conservative,50,37,13,0,0,0,0.9204,1.0000,7801,9906,0.1152,0,0.6241,0.6750,0.5669,0.4991,345.20,0,3242,3421,2597,0,3925,509,0,2105,2114,0,0,22676.96,92.06,420.00,"agriculture:1.00/0.70;education_culture:1.00/0.70;engineering_bay:1.00/0.70;life_support_habitat:1.00/0.70;medical_bay:1.00/0.70;security:1.00/0.70","agriculture:0.72/0.58;education_culture:1.00/0.95;engineering_bay:0.70/0.30;life_support_habitat:1.00/0.53;medical_bay:1.00/0.37;security:0.46/0.00"
seedfall,adaptors,starter,first-choice,50,14,28,8,0,0,0.8433,1.0000,2119,578,0.0000,0,0.4417,0.4490,0.3069,0.3502,584.44,98,4010,3266,2047,3688,749,522,0,847,1509,5,5,22465.78,84.36,420.14,"agriculture:1.00/0.70;education_culture:1.00/0.70;engineering_bay:1.00/0.70;life_support_habitat:1.00/0.70;medical_bay:1.00/0.70;security:1.00/0.70","agriculture:0.45/0.52;education_culture:0.22/0.03;engineering_bay:0.00/0.00;life_support_habitat:1.00/0.53;medical_bay:0.18/0.00;security:0.12/0.00"
seedfall,adaptors,starter,objective-first,50,19,30,1,0,0,0.8838,1.0000,9783,10260,0.0000,73,0.4469,0.4495,0.5669,0.4344,458.96,0,3990,3225,2628,3574,673,515,0,184,0,0,0,47173.36,88.40,420.54,"agriculture:1.00/0.70;education_culture:1.00/0.70;engineering_bay:1.00/0.70;life_support_habitat:1.00/0.70;medical_bay:1.00/0.70;security:1.00/0.70","agriculture:0.09/0.00;education_culture:1.00/0.86;engineering_bay:0.00/0.00;life_support_habitat:1.00/0.63;medical_bay:1.00/0.37;security:0.49/0.00"
seedfall,preservers,cargo,conservative,50,33,17,0,0,0,0.9161,1.0000,3498,9729,0.0000,0,0.6689,0.6880,0.5669,0.5241,358.88,0,3274,3339,2628,0,3917,535,0,2134,1596,0,0,22656.06,91.64,420.94,"agriculture:1.00/0.70;education_culture:1.00/0.70;engineering_bay:1.00/0.70;life_support_habitat:1.00/0.70;medical_bay:1.00/0.70;security:1.00/0.70","agriculture:0.71/0.58;education_culture:1.00/0.92;engineering_bay:0.02/0.10;life_support_habitat:1.00/0.56;medical_bay:1.00/0.34;security:0.37/0.00"
seedfall,preservers,cargo,first-choice,50,12,32,6,0,0,0.8560,1.0000,0,0,0.0000,0,0.3285,0.4450,0.0000,0.4587,537.62,99,3909,3426,2064,3700,747,539,0,740,1026,6,6,22539.62,85.58,421.06,"agriculture:1.00/0.70;education_culture:1.00/0.70;engineering_bay:1.00/0.70;life_support_habitat:1.00/0.70;medical_bay:1.00/0.70;security:1.00/0.70","agriculture:0.53/0.14;education_culture:0.41/0.04;engineering_bay:0.33/0.15;life_support_habitat:1.00/0.59;medical_bay:0.23/0.30;security:0.37/0.00"
seedfall,preservers,cargo,objective-first,50,14,35,1,0,0,0.8661,1.0000,3498,9597,0.0000,38,0.4451,0.4495,0.4832,0.5241,514.78,0,4071,3153,2545,3611,669,521,0,218,0,0,0,41590.26,86.58,421.14,"agriculture:1.00/0.70;education_culture:1.00/0.70;engineering_bay:1.00/0.70;life_support_habitat:1.00/0.70;medical_bay:1.00/0.70;security:1.00/0.70","agriculture:0.27/0.00;education_culture:1.00/0.76;engineering_bay:0.00/0.00;life_support_habitat:1.00/0.53;medical_bay:1.00/0.34;security:0.44/0.00"
seedfall,preservers,combat,conservative,50,32,18,0,0,0,0.9166,1.0000,2498,9904,0.0000,0,0.6149,0.6680,0.4910,0.5241,355.08,0,3270,3295,2597,0,3947,526,0,2150,1563,0,0,22633.26,91.70,420.96,"agriculture:1.00/0.70;education_culture:1.00/0.70;engineering_bay:1.00/0.70;life_support_habitat:1.00/0.70;medical_bay:1.00/0.70;security:1.00/0.70","agriculture:0.72/0.60;education_culture:1.00/0.92;engineering_bay:0.02/0.10;life_support_habitat:1.00/0.56;medical_bay:1.00/0.34;security:0.37/0.00"
seedfall,preservers,combat,first-choice,50,12,29,9,0,0,0.8430,1.0000,33,0,0.0000,0,0.3285,0.4480,0.0612,0.4587,581.22,99,3974,3399,2070,3731,754,533,0,780,939,4,4,22686.76,84.26,421.06,"agriculture:1.00/0.70;education_culture:1.00/0.70;engineering_bay:1.00/0.70;life_support_habitat:1.00/0.70;medical_bay:1.00/0.70;security:1.00/0.70","agriculture:0.53/0.07;education_culture:0.41/0.04;engineering_bay:0.33/0.15;life_support_habitat:1.00/0.59;medical_bay:0.23/0.30;security:0.37/0.00"
seedfall,preservers,combat,objective-first,50,14,34,2,0,0,0.8649,1.0000,2498,9597,0.0000,38,0.4451,0.4495,0.4832,0.5241,518.68,0,4072,3161,2542,3608,667,520,0,218,0,0,0,40570.06,86.46,421.14,"agriculture:1.00/0.70;education_culture:1.00/0.70;engineering_bay:1.00/0.70;life_support_habitat:1.00/0.70;medical_bay:1.00/0.70;security:1.00/0.70","agriculture:0.27/0.00;education_culture:1.00/0.76;engineering_bay:0.00/0.00;life_support_habitat:1.00/0.53;medical_bay:1.00/0.34;security:0.44/0.00"
seedfall,preservers,fuel,conservative,50,34,16,0,0,0,0.9208,1.0000,6728,10111,0.8519,0,0.5182,0.6870,0.5669,0.5241,344.58,0,3231,3410,2707,0,3822,537,0,2085,1720,0,0,22638.26,92.12,420.00,"agriculture:1.00/0.70;education_culture:1.00/0.70;engineering_bay:1.00/0.70;life_support_habitat:1.00/0.70;medical_bay:1.00/0.70;security:1.00/0.70","agriculture:0.73/0.56;education_culture:1.00/0.90;engineering_bay:0.49/0.40;life_support_habitat:1.00/0.57;medical_bay:1.00/0.34;security:0.08/0.00"
seedfall,preservers,fuel,first-choice,50,7,36,7,0,0,0.8196,1.0000,2513,584,0.8500,0,0.3468,0.4490,0.4282,0.4587,656.68,99,3982,3423,2008,3708,770,527,0,754,1118,5,5,22500.68,81.96,420.00,"agriculture:1.00/0.70;education_culture:1.00/0.70;engineering_bay:1.00/0.70;life_support_habitat:1.00/0.70;medical_bay:1.00/0.70;security:1.00/0.70","agriculture:0.51/0.51;education_culture:0.60/0.13;engineering_bay:0.09/0.00;life_support_habitat:1.00/0.63;medical_bay:0.00/0.30;security:0.43/0.00"
seedfall,preservers,fuel,objective-first,50,18,31,1,0,0,0.8703,1.0000,6728,8473,0.8528,38,0.4469,0.4490,0.5669,0.5241,500.40,0,4007,3165,2528,3677,654,525,0,198,0,0,0,42237.06,86.98,420.00,"agriculture:1.00/0.70;education_culture:1.00/0.70;engineering_bay:1.00/0.70;life_support_habitat:1.00/0.70;medical_bay:1.00/0.70;security:1.00/0.70","agriculture:0.27/0.00;education_culture:1.00/0.85;engineering_bay:0.00/0.00;life_support_habitat:1.00/0.53;medical_bay:1.00/0.34;security:0.44/0.00"
seedfall,preservers,speed,conservative,50,29,21,0,0,0,0.9154,1.0000,4058,9841,0.0000,0,0.5981,0.6985,0.5669,0.5241,359.80,0,3296,3457,2732,0,3946,545,0,2321,2196,0,0,22736.86,91.54,420.40,"agriculture:1.00/0.70;education_culture:1.00/0.70;engineering_bay:1.00/0.70;life_support_habitat:1.00/0.70;medical_bay:1.00/0.70;security:1.00/0.70","agriculture:0.74/0.56;education_culture:1.00/1.00;engineering_bay:0.00/0.10;life_support_habitat:1.00/0.52;medical_bay:1.00/0.34;security:0.42/0.00"
seedfall,preservers,speed,first-choice,50,12,33,5,0,0,0.8402,1.0000,64,329,0.0000,0,0.4469,0.4490,0.4282,0.4587,590.00,97,3880,3394,2080,3775,769,535,0,932,1570,13,13,22383.16,84.08,421.26,"agriculture:1.00/0.70;education_culture:1.00/0.70;engineering_bay:1.00/0.70;life_support_habitat:1.00/0.70;medical_bay:1.00/0.70;security:1.00/0.70","agriculture:0.47/0.60;education_culture:0.50/0.38;engineering_bay:0.00/0.00;life_support_habitat:1.00/0.58;medical_bay:0.45/0.00;security:0.11/0.00"
seedfall,preservers,speed,objective-first,50,19,31,0,0,0,0.8836,1.0000,4058,9404,0.0000,54,0.4451,0.4495,0.5669,0.4303,459.36,0,4039,3188,2533,3607,675,530,0,202,0,0,0,47657.76,88.40,421.14,"agriculture:1.00/0.70;education_culture:1.00/0.70;engineering_bay:1.00/0.70;life_support_habitat:1.00/0.70;medical_bay:1.00/0.70;security:1.00/0.70","agriculture:0.32/0.00;education_culture:1.00/0.72;engineering_bay:0.00/0.00;life_support_habitat:1.00/0.53;medical_bay:1.00/0.37;security:0.36/0.00"
seedfall,preservers,starter,conservative,50,38,12,0,0,0,0.9244,1.0000,7384,10262,0.2918,0,0.6969,0.6990,0.5669,0.5241,331.22,0,3190,3387,2670,0,4002,532,0,2167,2117,0,0,22646.86,92.44,420.00,"agriculture:1.00/0.70;education_culture:1.00/0.70;engineering_bay:1.00/0.70;life_support_habitat:1.00/0.70;medical_bay:1.00/0.70;security:1.00/0.70","agriculture:0.71/0.56;education_culture:1.00/1.00;engineering_bay:0.45/0.20;life_support_habitat:1.00/0.47;medical_bay:1.00/0.34;security:0.47/0.00"
seedfall,preservers,starter,first-choice,50,15,27,8,0,0,0.8457,1.0000,274,0,0.0000,0,0.4464,0.4490,0.4282,0.4588,578.84,99,3954,3265,2113,3778,768,525,0,834,1551,7,7,22521.60,84.52,420.92,"agriculture:1.00/0.70;education_culture:1.00/0.70;engineering_bay:1.00/0.70;life_support_habitat:1.00/0.70;medical_bay:1.00/0.70;security:1.00/0.70","agriculture:0.52/0.49;education_culture:0.94/0.51;engineering_bay:0.46/0.42;life_support_habitat:1.00/0.43;medical_bay:0.39/0.15;security:0.45/0.34"
seedfall,preservers,starter,objective-first,50,19,30,1,0,0,0.8759,1.0000,9748,9597,0.0000,68,0.4451,0.4495,0.4832,0.5241,483.30,0,4101,3116,2568,3629,679,515,0,218,0,0,0,47315.86,87.62,421.14,"agriculture:1.00/0.70;education_culture:1.00/0.70;engineering_bay:1.00/0.70;life_support_habitat:1.00/0.70;medical_bay:1.00/0.70;security:1.00/0.70","agriculture:0.00/0.00;education_culture:1.00/0.64;engineering_bay:0.00/0.30;life_support_habitat:1.00/0.48;medical_bay:1.00/0.37;security:0.56/0.00"
seedfall,wanderers,cargo,conservative,50,24,26,0,0,0,0.8987,1.0000,3533,10752,0.0000,0,0.5959,0.6490,0.5845,0.5333,414.40,0,3378,3372,2709,0,3834,527,0,2139,1486,0,0,22614.20,89.86,420.40,"agriculture:1.00/0.70;education_culture:1.00/0.70;engineering_bay:1.00/0.70;life_support_habitat:1.00/0.70;medical_bay:1.00/0.70;security:1.00/0.70","agriculture:0.74/0.58;education_culture:1.00/0.95;engineering_bay:0.36/0.35;life_support_habitat:1.00/0.43;medical_bay:1.00/0.50;security:0.53/0.00"
seedfall,wanderers,cargo,first-choice,50,9,26,15,0,0,0.8137,1.0000,2206,493,0.0000,0,0.4141,0.4490,0.2511,0.4753,674.10,100,4054,3363,2045,3712,734,517,0,870,1178,2,2,22240.68,81.40,421.60,"agriculture:1.00/0.70;education_culture:1.00/0.70;engineering_bay:1.00/0.70;life_support_habitat:1.00/0.70;medical_bay:1.00/0.70;security:1.00/0.70","agriculture:0.35/0.14;education_culture:0.56/0.31;engineering_bay:0.00/0.00;life_support_habitat:1.00/0.60;medical_bay:0.30/0.00;security:0.48/0.30"
seedfall,wanderers,cargo,objective-first,50,12,38,0,0,0,0.8707,1.0000,3533,9282,0.0000,17,0.4469,0.4490,0.4462,0.5015,501.22,0,4054,3206,2620,3548,659,516,0,215,0,0,0,40574.80,87.04,420.80,"agriculture:1.00/0.70;education_culture:1.00/0.70;engineering_bay:1.00/0.70;life_support_habitat:1.00/0.70;medical_bay:1.00/0.70;security:1.00/0.70","agriculture:0.00/0.00;education_culture:1.00/0.97;engineering_bay:0.00/0.00;life_support_habitat:1.00/0.43;medical_bay:1.00/0.34;security:0.08/0.00"
seedfall,wanderers,combat,conservative,50,24,26,0,0,0,0.8982,1.0000,2533,10718,0.0000,0,0.4832,0.6225,0.5845,0.5333,415.80,0,3410,3432,2768,0,3919,527,0,2089,1434,0,0,22517.00,89.84,420.60,"agriculture:1.00/0.70;education_culture:1.00/0.70;engineering_bay:1.00/0.70;life_support_habitat:1.00/0.70;medical_bay:1.00/0.70;security:1.00/0.70","agriculture:0.70/0.50;education_culture:1.00/0.92;engineering_bay:0.31/0.00;life_support_habitat:1.00/0.45;medical_bay:1.00/0.34;security:0.00/0.00"
seedfall,wanderers,combat,first-choice,50,11,29,10,0,0,0.8311,1.0000,426,71,0.0000,0,0.4325,0.4440,0.2511,0.5016,621.88,97,3981,3296,2039,3637,748,526,0,840,1245,4,4,22203.72,83.10,421.18,"agriculture:1.00/0.70;education_culture:1.00/0.70;engineering_bay:1.00/0.70;life_support_habitat:1.00/0.70;medical_bay:1.00/0.70;security:1.00/0.70","agriculture:0.46/0.47;education_culture:0.86/0.41;engineering_bay:0.40/0.26;life_support_habitat:1.00/0.68;medical_bay:0.13/0.30;security:0.35/0.00"
seedfall,wanderers,combat,objective-first,50,12,38,0,0,0,0.8690,1.0000,2533,9282,0.0000,35,0.4469,0.4490,0.4462,0.5015,506.40,0,4055,3186,2637,3557,655,517,0,217,0,0,0,39730.80,86.88,420.88,"agriculture:1.00/0.70;education_culture:1.00/0.70;engineering_bay:1.00/0.70;life_support_habitat:1.00/0.70;medical_bay:1.00/0.70;security:1.00/0.70","agriculture:0.00/0.00;education_culture:1.00/0.97;engineering_bay:0.00/0.00;life_support_habitat:1.00/0.43;medical_bay:1.00/0.34;security:0.08/0.00"
seedfall,wanderers,fuel,conservative,50,25,25,0,0,0,0.8998,1.0000,6738,10550,0.8543,0,0.6452,0.6710,0.5845,0.5564,410.32,0,3373,3436,2705,0,3812,539,0,2101,1694,0,0,22525.40,89.98,420.00,"agriculture:1.00/0.70;education_culture:1.00/0.70;engineering_bay:1.00/0.70;life_support_habitat:1.00/0.70;medical_bay:1.00/0.70;security:1.00/0.70","agriculture:0.50/0.00;education_culture:1.00/0.98;engineering_bay:0.30/0.05;life_support_habitat:1.00/0.58;medical_bay:1.00/0.34;security:0.00/0.00"
seedfall,wanderers,fuel,first-choice,50,14,26,10,0,0,0.8310,1.0000,65,10,0.8496,0,0.4469,0.4490,0.2511,0.4753,618.50,98,3982,3241,2024,3634,748,515,0,833,1309,7,7,21883.78,83.12,420.00,"agriculture:1.00/0.70;education_culture:1.00/0.70;engineering_bay:1.00/0.70;life_support_habitat:1.00/0.70;medical_bay:1.00/0.70;security:1.00/0.70","agriculture:0.50/0.37;education_culture:0.63/0.27;engineering_bay:0.02/0.00;life_support_habitat:1.00/0.68;medical_bay:0.38/0.15;security:0.32/0.00"
seedfall,wanderers,fuel,objective-first,50,11,38,1,0,0,0.8685,1.0000,6738,9481,0.8543,25,0.4469,0.4495,0.4662,0.5333,508.16,0,3973,3180,2599,3669,681,538,0,199,0,0,0,41565.40,86.88,420.00,"agriculture:1.00/0.70;education_culture:1.00/0.70;engineering_bay:1.00/0.70;life_support_habitat:1.00/0.70;medical_bay:1.00/0.70;security:1.00/0.70","agriculture:0.00/0.00;education_culture:1.00/0.89;engineering_bay:0.00/0.35;life_support_habitat:1.00/0.48;medical_bay:1.00/0.34;security:0.00/0.00"
seedfall,wanderers,speed,conservative,50,27,22,1,0,0,0.9009,1.0000,4153,9954,0.0000,0,0.5293,0.6035,0.5550,0.5564,407.50,0,3257,3379,2734,0,4017,535,0,2413,2189,0,0,22655.40,90.08,420.32,"agriculture:1.00/0.70;education_culture:1.00/0.70;engineering_bay:1.00/0.70;life_support_habitat:1.00/0.70;medical_bay:1.00/0.70;security:1.00/0.70","agriculture:0.72/0.58;education_culture:1.00/0.95;engineering_bay:0.71/0.58;life_support_habitat:1.00/0.60;medical_bay:1.00/0.54;security:0.00/0.00"
seedfall,wanderers,speed,first-choice,50,6,31,13,0,0,0.8215,1.0000,1835,698,0.0000,0,0.4462,0.4490,0.2511,0.4753,649.38,100,3979,3386,2048,3719,730,539,0,957,1658,1,1,22542.16,82.18,421.42,"agriculture:1.00/0.70;education_culture:1.00/0.70;engineering_bay:1.00/0.70;life_support_habitat:1.00/0.70;medical_bay:1.00/0.70;security:1.00/0.70","agriculture:0.49/0.40;education_culture:0.47/0.00;engineering_bay:0.19/0.00;life_support_habitat:1.00/0.52;medical_bay:0.42/0.30;security:0.26/0.00"
seedfall,wanderers,speed,objective-first,50,11,39,0,0,0,0.8713,1.0000,4153,9744,0.0000,36,0.4469,0.4495,0.4662,0.5178,499.44,0,4037,3258,2635,3530,638,526,0,216,0,0,0,47230.40,87.12,420.80,"agriculture:1.00/0.70;education_culture:1.00/0.70;engineering_bay:1.00/0.70;life_support_habitat:1.00/0.70;medical_bay:1.00/0.70;security:1.00/0.70","agriculture:0.00/0.00;education_culture:1.00/0.97;engineering_bay:0.14/0.35;life_support_habitat:1.00/0.48;medical_bay:1.00/0.64;security:0.00/0.00"
seedfall,wanderers,starter,conservative,50,21,28,1,0,0,0.8910,1.0000,6217,9977,0.1271,0,0.6301,0.6930,0.5845,0.3519,434.80,0,3276,3406,2758,0,3865,538,0,2192,2172,0,0,22568.60,89.10,420.00,"agriculture:1.00/0.70;education_culture:1.00/0.70;engineering_bay:1.00/0.70;life_support_habitat:1.00/0.70;medical_bay:1.00/0.70;security:1.00/0.70","agriculture:0.70/0.58;education_culture:1.00/0.99;engineering_bay:0.47/0.20;life_support_habitat:1.00/0.38;medical_bay:1.00/0.34;security:0.47/0.00"
seedfall,wanderers,starter,first-choice,50,9,31,10,0,0,0.8263,1.0000,979,9,0.0000,0,0.3393,0.4490,0.3539,0.4753,637.16,98,4028,3395,2021,3616,767,507,0,809,1635,10,10,22221.36,82.68,420.68,"agriculture:1.00/0.70;education_culture:1.00/0.70;engineering_bay:1.00/0.70;life_support_habitat:1.00/0.70;medical_bay:1.00/0.70;security:1.00/0.70","agriculture:0.50/0.55;education_culture:0.72/0.31;engineering_bay:0.00/0.00;life_support_habitat:1.00/0.69;medical_bay:0.39/0.15;security:0.09/0.00"
seedfall,wanderers,starter,objective-first,50,15,34,1,0,0,0.8698,1.0000,9783,9282,0.0000,33,0.4469,0.4490,0.4462,0.4539,503.96,0,4088,3254,2619,3495,681,528,0,200,0,0,0,46331.20,86.90,420.80,"agriculture:1.00/0.70;education_culture:1.00/0.70;engineering_bay:1.00/0.70;life_support_habitat:1.00/0.70;medical_bay:1.00/0.70;security:1.00/0.70","agriculture:0.00/0.00;education_culture:1.00/0.92;engineering_bay:0.00/0.00;life_support_habitat:1.00/0.43;medical_bay:1.00/0.37;security:0.08/0.00"
starfall_beacon,adaptors,cargo,conservative,50,40,10,0,0,0,0.9227,1.0000,3514,10027,0.0000,0,0.6094,0.6990,0.5490,0.5677,322.02,0,3082,3326,2473,0,3676,483,0,1993,1662,0,0,27640.66,92.26,400.04,"agriculture:1.00/0.70;education_culture:1.00/0.70;engineering_bay:1.00/0.70;life_support_habitat:1.00/0.70;medical_bay:1.00/0.70;security:1.00/0.70","agriculture:0.71/0.28;education_culture:1.00/0.82;engineering_bay:0.55/0.10;life_support_habitat:1.00/0.48;medical_bay:1.00/0.40;security:0.21/0.00"
starfall_beacon,adaptors,cargo,first-choice,50,3,35,12,0,0,0.7777,0.8438,628,460,0.0000,0,0.4352,0.4495,0.3510,0.4901,502.26,92,3338,3031,1847,3264,699,460,18,687,1073,15,15,22678.58,77.76,372.80,"agriculture:1.00/0.70;education_culture:1.00/0.70;engineering_bay:1.00/0.70;life_support_habitat:1.00/0.70;medical_bay:1.00/0.70;security:1.00/0.70","agriculture:0.49/0.18;education_culture:0.45/0.01;engineering_bay:0.52/0.28;life_support_habitat:1.00/0.37;medical_bay:0.43/0.00;security:0.17/0.00"
starfall_beacon,adaptors,cargo,objective-first,50,11,39,0,0,0,0.8667,1.0000,3514,7768,0.0399,72,0.4469,0.4490,0.5656,0.5330,440.62,0,3697,3068,2441,3358,679,493,0,172,0,0,0,46473.26,86.66,400.00,"agriculture:1.00/0.70;education_culture:1.00/0.70;engineering_bay:1.00/0.70;life_support_habitat:1.00/0.70;medical_bay:1.00/0.70;security:1.00/0.70","agriculture:0.43/0.00;education_culture:1.00/0.77;engineering_bay:0.00/0.00;life_support_habitat:1.00/0.48;medical_bay:1.00/0.33;security:0.36/0.00"
starfall_beacon,adaptors,combat,conservative,50,34,16,0,0,0,0.9181,1.0000,2514,10026,0.0000,0,0.6897,0.6990,0.5490,0.5677,327.88,0,3164,3271,2494,0,3674,476,0,1918,1545,0,0,27746.06,91.84,400.04,"agriculture:1.00/0.70;education_culture:1.00/0.70;engineering_bay:1.00/0.70;life_support_habitat:1.00/0.70;medical_bay:1.00/0.70;security:1.00/0.70","agriculture:0.71/0.48;education_culture:1.00/0.85;engineering_bay:0.73/0.40;life_support_habitat:1.00/0.50;medical_bay:1.00/0.40;security:0.53/0.00"
starfall_beacon,adaptors,combat,first-choice,50,2,33,15,0,0,0.7694,0.8528,94,7,0.0000,0,0.4469,0.4495,0.5181,0.4901,534.92,95,3342,3055,1849,3228,684,457,19,656,973,12,12,23114.10,76.90,372.68,"agriculture:1.00/0.70;education_culture:1.00/0.70;engineering_bay:1.00/0.70;life_support_habitat:1.00/0.70;medical_bay:1.00/0.70;security:1.00/0.70","agriculture:0.49/0.25;education_culture:0.45/0.01;engineering_bay:0.52/0.28;life_support_habitat:1.00/0.37;medical_bay:0.43/0.00;security:0.17/0.00"
starfall_beacon,adaptors,combat,objective-first,50,11,39,0,0,0,0.8666,1.0000,2514,7768,0.0399,72,0.4469,0.4490,0.5656,0.5330,440.52,0,3697,3069,2442,3357,678,493,0,173,0,0,0,45502.26,86.66,400.00,"agriculture:1.00/0.70;education_culture:1.00/0.70;engineering_bay:1.00/0.70;life_support_habitat:1.00/0.70;medical_bay:1.00/0.70;security:1.00/0.70","agriculture:0.43/0.00;education_culture:1.00/0.77;engineering_bay:0.00/0.00;life_support_habitat:1.00/0.48;medical_bay:1.00/0.33;security:0.36/0.00"
starfall_beacon,adaptors,fuel,conservative,50,43,7,0,0,0,0.9228,1.0000,6744,9949,0.8626,0,0.6882,0.6560,0.6145,0.5288,310.02,0,3066,3298,2574,0,3644,509,0,1934,1707,0,0,27636.26,92.26,400.00,"agriculture:1.00/0.70;education_culture:1.00/0.70;engineering_bay:1.00/0.70;life_support_habitat:1.00/0.70;medical_bay:1.00/0.70;security:1.00/0.70","agriculture:0.71/0.38;education_culture:1.00/0.85;engineering_bay:0.03/0.00;life_support_habitat:1.00/0.43;medical_bay:1.00/0.30;security:0.19/0.00"
starfall_beacon,adaptors,fuel,first-choice,50,1,37,12,0,0,0.7777,0.8732,95,0,0.8500,0,0.4469,0.4490,0.0527,0.4901,502.64,94,3438,3087,1819,3409,731,480,13,617,1149,11,11,23690.94,77.80,379.34,"agriculture:1.00/0.70;education_culture:1.00/0.70;engineering_bay:1.00/0.70;life_support_habitat:1.00/0.70;medical_bay:1.00/0.70;security:1.00/0.70","agriculture:0.21/0.00;education_culture:0.36/0.00;engineering_bay:0.21/0.00;life_support_habitat:1.00/0.25;medical_bay:0.10/0.00;security:0.42/0.00"
starfall_beacon,adaptors,fuel,objective-first,50,8,42,0,0,0,0.8699,1.0000,6744,9027,0.8513,72,0.4469,0.4495,0.6145,0.3356,435.08,0,3696,3124,2432,3338,660,492,0,178,0,0,0,47718.86,87.00,400.00,"agriculture:1.00/0.70;education_culture:1.00/0.70;engineering_bay:1.00/0.70;life_support_habitat:1.00/0.70;medical_bay:1.00/0.70;security:1.00/0.70","agriculture:0.39/0.00;education_culture:1.00/0.85;engineering_bay:0.00/0.00;life_support_habitat:1.00/0.38;medical_bay:1.00/0.33;security:0.36/0.00"
starfall_beacon,adaptors,speed,conservative,50,46,4,0,0,0,0.9385,1.0000,4074,9656,0.1419,5,0.6969,0.6990,0.5112,0.5851,287.32,0,3062,3223,2563,0,3711,510,0,2175,2204,0,0,27613.26,93.86,400.00,"agriculture:1.00/0.70;education_culture:1.00/0.70;engineering_bay:1.00/0.70;life_support_habitat:1.00/0.70;medical_bay:1.00/0.70;security:1.00/0.70","agriculture:0.73/0.48;education_culture:1.00/0.82;engineering_bay:0.75/0.43;life_support_habitat:1.00/0.58;medical_bay:1.00/0.44;security:0.35/0.00"
starfall_beacon,adaptors,speed,first-choice,50,7,36,7,0,0,0.8110,0.9226,85,0,0.0056,0,0.4469,0.4490,0.2492,0.4901,507.18,96,3444,3117,1897,3316,705,468,14,767,1541,13,13,25387.18,81.06,382.38,"agriculture:1.00/0.70;education_culture:1.00/0.70;engineering_bay:1.00/0.70;life_support_habitat:1.00/0.70;medical_bay:1.00/0.70;security:1.00/0.70","agriculture:0.50/0.29;education_culture:0.48/0.23;engineering_bay:0.28/0.00;life_support_habitat:1.00/0.38;medical_bay:0.11/0.00;security:0.38/0.00"
starfall_beacon,adaptors,speed,objective-first,50,9,41,0,0,0,0.8710,1.0000,4074,9027,0.0399,71,0.4469,0.4495,0.4546,0.5307,426.34,0,3736,3099,2455,3400,666,487,0,176,0,0,0,53247.26,87.06,400.00,"agriculture:1.00/0.70;education_culture:1.00/0.70;engineering_bay:1.00/0.70;life_support_habitat:1.00/0.70;medical_bay:1.00/0.70;security:1.00/0.70","agriculture:0.00/0.00;education_culture:1.00/0.83;engineering_bay:0.47/0.00;life_support_habitat:1.00/0.33;medical_bay:1.00/0.30;security:0.40/0.00"
starfall_beacon,adaptors,starter,conservative,50,41,9,0,0,0,0.9250,1.0000,7806,9404,0.5222,0,0.6265,0.6720,0.6145,0.5851,317.54,0,3061,3249,2480,0,3617,499,0,2012,2163,0,0,27712.46,92.46,400.00,"agriculture:1.00/0.70;education_culture:1.00/0.70;engineering_bay:1.00/0.70;life_support_habitat:1.00/0.70;medical_bay:1.00/0.70;security:1.00/0.70","agriculture:0.72/0.48;education_culture:1.00/0.85;engineering_bay:0.66/0.23;life_support_habitat:1.00/0.43;medical_bay:1.00/0.44;security:0.21/0.00"
starfall_beacon,adaptors,starter,first-choice,50,3,33,14,0,0,0.7880,0.8706,1131,535,0.0000,0,0.4469,0.4490,0.3487,0.4901,499.16,91,3317,3082,1816,3229,740,459,19,667,1637,8,8,23679.18,78.76,374.76,"agriculture:1.00/0.70;education_culture:1.00/0.70;engineering_bay:1.00/0.70;life_support_habitat:1.00/0.70;medical_bay:1.00/0.70;security:1.00/0.70","agriculture:0.41/0.15;education_culture:0.25/0.00;engineering_bay:0.08/0.20;life_support_habitat:1.00/0.35;medical_bay:0.36/0.00;security:0.46/0.00"
starfall_beacon,adaptors,starter,objective-first,50,9,41,0,0,0,0.8644,1.0000,9764,7768,0.0399,71,0.4469,0.4490,0.5656,0.5220,451.88,0,3687,3074,2442,3367,664,494,0,180,0,0,0,52962.86,86.48,400.00,"agriculture:1.00/0.70;education_culture:1.00/0.70;engineering_bay:1.00/0.70;life_support_habitat:1.00/0.70;medical_bay:1.00/0.70;security:1.00/0.70","agriculture:0.09/0.00;education_culture:1.00/0.85;engineering_bay:0.00/0.00;life_support_habitat:1.00/0.48;medical_bay:1.00/0.30;security:0.36/0.00"
starfall_beacon,preservers,cargo,conservative,50,38,12,0,0,0,0.9186,1.0000,3404,10885,0.0295,0,0.6207,0.6595,0.6168,0.5283,339.56,0,3143,3287,2522,0,3601,510,0,2034,1662,0,0,27585.64,91.84,400.00,"agriculture:1.00/0.70;education_culture:1.00/0.70;engineering_bay:1.00/0.70;life_support_habitat:1.00/0.70;medical_bay:1.00/0.70;security:1.00/0.70","agriculture:0.72/0.48;education_culture:1.00/0.85;engineering_bay:0.00/0.00;life_support_habitat:1.00/0.49;medical_bay:1.00/0.37;security:0.36/0.00"
starfall_beacon,preservers,cargo,first-choice,50,2,35,13,0,0,0.7920,0.9232,123,0,0.0000,43,0.4469,0.4490,0.5033,0.4479,554.02,96,3414,3063,1907,3376,720,461,13,655,1095,6,6,25250.00,79.14,383.80,"agriculture:1.00/0.70;education_culture:1.00/0.70;engineering_bay:1.00/0.70;life_support_habitat:1.00/0.70;medical_bay:1.00/0.70;security:1.00/0.70","agriculture:0.54/0.24;education_culture:0.55/0.00;engineering_bay:0.50/0.25;life_support_habitat:1.00/0.32;medical_bay:0.42/0.15;security:0.00/0.00"
starfall_beacon,preservers,cargo,objective-first,50,9,41,0,0,0,0.8711,1.0000,3404,9029,0.1342,61,0.4469,0.4495,0.6168,0.4012,433.56,0,3835,3095,2368,3234,605,488,0,175,0,0,0,46733.44,87.06,400.00,"agriculture:1.00/0.70;education_culture:1.00/0.70;engineering_bay:1.00/0.70;life_support_habitat:1.00/0.70;medical_bay:1.00/0.70;security:1.00/0.70","agriculture:0.00/0.00;education_culture:1.00/0.85;engineering_bay:0.21/0.00;life_support_habitat:1.00/0.35;medical_bay:1.00/0.57;security:0.14/0.00"
starfall_beacon,preservers,combat,conservative,50,40,10,0,0,0,0.9195,1.0000,2404,10836,0.0295,0,0.6970,0.6990,0.6168,0.5341,340.82,0,3160,3282,2539,0,3588,497,0,1954,1562,0,0,27634.24,92.00,400.00,"agriculture:1.00/0.70;education_culture:1.00/0.70;engineering_bay:1.00/0.70;life_support_habitat:1.00/0.70;medical_bay:1.00/0.70;security:1.00/0.70","agriculture:0.67/0.38;education_culture:1.00/0.85;engineering_bay:0.54/0.10;life_support_habitat:1.00/0.52;medical_bay:1.00/0.40;security:0.40/0.00"
starfall_beacon,preservers,combat,first-choice,50,4,36,10,0,0,0.8031,0.9525,130,0,0.0000,11,0.4469,0.4490,0.0035,0.4963,553.58,91,3375,3159,1951,3389,740,473,12,653,1037,5,5,26074.34,80.26,388.18,"agriculture:1.00/0.70;education_culture:1.00/0.70;engineering_bay:1.00/0.70;life_support_habitat:1.00/0.70;medical_bay:1.00/0.70;security:1.00/0.70","agriculture:0.50/0.43;education_culture:0.58/0.00;engineering_bay:0.54/0.25;life_support_habitat:1.00/0.32;medical_bay:0.12/0.00;security:0.00/0.00"
starfall_beacon,preservers,combat,objective-first,50,9,41,0,0,0,0.8698,1.0000,2404,9029,0.1342,61,0.4469,0.4495,0.6168,0.2759,435.36,0,3839,3097,2372,3232,605,488,0,176,0,0,0,45684.84,86.92,400.00,"agriculture:1.00/0.70;education_culture:1.00/0.70;engineering_bay:1.00/0.70;life_support_habitat:1.00/0.70;medical_bay:1.00/0.70;security:1.00/0.70","agriculture:0.00/0.00;education_culture:1.00/0.85;engineering_bay:0.21/0.00;life_support_habitat:1.00/0.35;medical_bay:1.00/0.57;security:0.14/0.00"
starfall_beacon,preservers,fuel,conservative,50,37,13,0,0,0,0.9149,1.0000,6509,11017,0.8600,0,0.6212,0.6460,0.6168,0.5341,353.96,0,3173,3268,2558,0,3672,473,0,2009,1802,0,0,27528.04,91.48,400.00,"agriculture:1.00/0.70;education_culture:1.00/0.70;engineering_bay:1.00/0.70;life_support_habitat:1.00/0.70;medical_bay:1.00/0.70;security:1.00/0.70","agriculture:0.75/0.38;education_culture:1.00/0.85;engineering_bay:0.66/0.15;life_support_habitat:1.00/0.48;medical_bay:1.00/0.44;security:0.23/0.00"
starfall_beacon,preservers,fuel,first-choice,50,2,32,14,2,0,0.7674,0.8717,3306,670,0.8500,19,0.4469,0.4495,0.4288,0.5016,576.16,96,3387,3180,1835,3326,728,458,12,663,1235,2,2,23936.96,76.74,378.88,"agriculture:1.00/0.70;education_culture:1.00/0.70;engineering_bay:1.00/0.70;life_support_habitat:1.00/0.70;medical_bay:1.00/0.70;security:1.00/0.70","agriculture:0.47/0.42;education_culture:0.63/0.41;engineering_bay:0.01/0.00;life_support_habitat:1.00/0.30;medical_bay:0.12/0.00;security:0.41/0.00"
starfall_beacon,preservers,fuel,objective-first,50,8,42,0,0,0,0.8711,1.0000,6509,8844,0.8600,32,0.4469,0.4495,0.6168,0.4620,429.18,0,3790,3133,2327,3293,601,494,0,182,0,0,0,48254.44,87.10,400.00,"agriculture:1.00/0.70;education_culture:1.00/0.70;engineering_bay:1.00/0.70;life_support_habitat:1.00/0.70;medical_bay:1.00/0.70;security:1.00/0.70","agriculture:0.37/0.15;education_culture:1.00/0.80;engineering_bay:0.00/0.00;life_support_habitat:1.00/0.44;medical_bay:1.00/0.27;security:0.12/0.00"
starfall_beacon,preservers,speed,conservative,50,44,6,0,0,0,0.9301,1.0000,4074,10668,0.0000,0,0.6435,0.6855,0.6168,0.4986,334.80,0,3142,3253,2472,0,3663,517,0,2154,2233,0,0,27608.04,93.04,400.08,"agriculture:1.00/0.70;education_culture:1.00/0.70;engineering_bay:1.00/0.70;life_support_habitat:1.00/0.70;medical_bay:1.00/0.70;security:1.00/0.70","agriculture:0.74/0.48;education_culture:1.00/0.85;engineering_bay:0.70/0.48;life_support_habitat:1.00/0.48;medical_bay:1.00/0.40;security:0.54/0.00"
starfall_beacon,preservers,speed,first-choice,50,3,35,11,1,0,0.7921,0.9097,1669,882,0.0000,0,0.4469,0.4140,0.4941,0.5016,599.66,97,3351,3036,1859,3360,716,471,17,788,1641,2,2,25101.20,79.16,378.64,"agriculture:1.00/0.70;education_culture:1.00/0.70;engineering_bay:1.00/0.70;life_support_habitat:1.00/0.70;medical_bay:1.00/0.70;security:1.00/0.70","agriculture:0.44/0.13;education_culture:0.62/0.23;engineering_bay:0.39/0.13;life_support_habitat:1.00/0.49;medical_bay:0.10/0.00;security:0.54/0.00"
starfall_beacon,preservers,speed,objective-first,50,8,42,0,0,0,0.8696,1.0000,4074,9744,0.1342,34,0.4469,0.4495,0.6168,0.3476,446.48,0,3801,3123,2310,3303,593,496,0,173,0,0,0,53264.24,86.92,400.00,"agriculture:1.00/0.70;education_culture:1.00/0.70;engineering_bay:1.00/0.70;life_support_habitat:1.00/0.70;medical_bay:1.00/0.70;security:1.00/0.70","agriculture:0.00/0.00;education_culture:1.00/0.85;engineering_bay:0.21/0.00;life_support_habitat:1.00/0.35;medical_bay:1.00/0.57;security:0.14/0.00"
starfall_beacon,preservers,starter,conservative,50,39,11,0,0,0,0.9226,1.0000,7366,10694,0.4320,0,0.6650,0.6990,0.6168,0.5341,332.36,0,3107,3190,2538,0,3692,484,0,2042,2205,0,0,27593.44,92.28,400.00,"agriculture:1.00/0.70;education_culture:1.00/0.70;engineering_bay:1.00/0.70;life_support_habitat:1.00/0.70;medical_bay:1.00/0.70;security:1.00/0.70","agriculture:0.74/0.48;education_culture:1.00/0.85;engineering_bay:0.51/0.00;life_support_habitat:1.00/0.43;medical_bay:1.00/0.34;security:0.42/0.00"
starfall_beacon,preservers,starter,first-choice,50,5,34,10,1,0,0.7892,0.8822,2055,859,0.0214,19,0.4469,0.4490,0.0607,0.4988,498.12,95,3303,3132,1914,3328,723,490,12,662,1621,5,5,24293.86,78.92,379.76,"agriculture:1.00/0.70;education_culture:1.00/0.70;engineering_bay:1.00/0.70;life_support_habitat:1.00/0.70;medical_bay:1.00/0.70;security:1.00/0.70","agriculture:0.51/0.38;education_culture:0.48/0.13;engineering_bay:0.41/0.00;life_support_habitat:1.00/0.49;medical_bay:0.44/0.00;security:0.10/0.00"
starfall_beacon,preservers,starter,objective-first,50,6,44,0,0,0,0.8698,1.0000,9654,8985,0.1342,83,0.4469,0.4490,0.5668,0.4767,441.38,0,3878,3059,2355,3269,599,487,0,186,0,0,0,52802.84,86.92,400.00,"agriculture:1.00/0.70;education_culture:1.00/0.70;engineering_bay:1.00/0.70;life_support_habitat:1.00/0.70;medical_bay:1.00/0.70;security:1.00/0.70","agriculture:0.22/0.00;education_culture:1.00/0.81;engineering_bay:0.27/0.00;life_support_habitat:1.00/0.40;medical_bay:1.00/0.27;security:0.14/0.00"
starfall_beacon,wanderers,cargo,conservative,50,29,21,0,0,0,0.9055,1.0000,2944,8501,0.0000,0,0.5661,0.6255,0.6266,0.5363,407.16,0,3148,3358,2570,0,3535,500,0,2041,1624,0,0,27612.36,90.52,400.14,"agriculture:1.00/0.70;education_culture:1.00/0.70;engineering_bay:1.00/0.70;life_support_habitat:1.00/0.70;medical_bay:1.00/0.70;security:1.00/0.70","agriculture:0.73/0.48;education_culture:1.00/0.78;engineering_bay:0.74/0.40;life_support_habitat:1.00/0.57;medical_bay:1.00/0.47;security:0.35/0.00"
starfall_beacon,wanderers,cargo,first-choice,50,3,27,20,0,0,0.7574,0.7917,0,0,0.0000,19,0.4471,0.4490,0.0321,0.4917,494.94,90,3301,3017,1879,3134,692,441,22,627,1176,19,19,21207.10,75.74,363.84,"agriculture:1.00/0.70;education_culture:1.00/0.70;engineering_bay:1.00/0.70;life_support_habitat:1.00/0.70;medical_bay:1.00/0.70;security:1.00/0.70","agriculture:0.51/0.42;education_culture:0.53/0.11;engineering_bay:0.39/0.07;life_support_habitat:1.00/0.32;medical_bay:0.44/0.00;security:0.15/0.00"
starfall_beacon,wanderers,cargo,objective-first,50,4,46,0,0,0,0.8522,1.0000,2874,8432,0.0236,72,0.4469,0.4495,0.5300,0.5363,511.56,0,3760,3116,2382,3309,609,493,0,196,0,0,0,46327.56,85.22,400.00,"agriculture:1.00/0.70;education_culture:1.00/0.70;engineering_bay:1.00/0.70;life_support_habitat:1.00/0.70;medical_bay:1.00/0.70;security:1.00/0.70","agriculture:0.00/0.00;education_culture:1.00/0.74;engineering_bay:0.12/0.00;life_support_habitat:1.00/0.43;medical_bay:1.00/0.24;security:0.22/0.00"
starfall_beacon,wanderers,combat,conservative,50,26,24,0,0,0,0.9030,1.0000,1944,8935,0.0000,0,0.6969,0.6990,0.5350,0.5363,412.34,0,3111,3339,2588,0,3543,484,0,2026,1571,0,0,27554.76,90.20,400.12,"agriculture:1.00/0.70;education_culture:1.00/0.70;engineering_bay:1.00/0.70;life_support_habitat:1.00/0.70;medical_bay:1.00/0.70;security:1.00/0.70","agriculture:0.53/0.00;education_culture:1.00/0.82;engineering_bay:0.50/0.00;life_support_habitat:1.00/0.53;medical_bay:1.00/0.40;security:0.45/0.00"
starfall_beacon,wanderers,combat,first-choice,50,1,32,17,0,0,0.7613,0.8359,0,0,0.0000,11,0.4469,0.4495,0.0133,0.4981,571.74,93,3333,3042,1822,3153,728,447,20,695,1288,11,11,22726.26,76.14,369.74,"agriculture:1.00/0.70;education_culture:1.00/0.70;engineering_bay:1.00/0.70;life_support_habitat:1.00/0.70;medical_bay:1.00/0.70;security:1.00/0.70","agriculture:0.21/0.00;education_culture:0.45/0.00;engineering_bay:0.30/0.00;life_support_habitat:1.00/0.48;medical_bay:0.48/0.00;security:0.21/0.00"
starfall_beacon,wanderers,combat,objective-first,50,4,46,0,0,0,0.8513,1.0000,1874,8432,0.0236,88,0.4469,0.4495,0.5300,0.5363,515.46,0,3770,3120,2368,3312,607,497,0,192,0,0,0,45440.36,85.14,400.00,"agriculture:1.00/0.70;education_culture:1.00/0.70;engineering_bay:1.00/0.70;life_support_habitat:1.00/0.70;medical_bay:1.00/0.70;security:1.00/0.70","agriculture:0.00/0.00;education_culture:1.00/0.74;engineering_bay:0.12/0.00;life_support_habitat:1.00/0.43;medical_bay:1.00/0.24;security:0.22/0.00"
starfall_beacon,wanderers,fuel,conservative,50,34,16,0,0,0,0.9113,1.0000,5939,10719,0.8541,0,0.6428,0.6990,0.6287,0.5363,370.16,0,3237,3331,2683,0,3596,483,0,1947,1710,0,0,27545.16,91.18,400.00,"agriculture:1.00/0.70;education_culture:1.00/0.70;engineering_bay:1.00/0.70;life_support_habitat:1.00/0.70;medical_bay:1.00/0.70;security:1.00/0.70","agriculture:0.71/0.38;education_culture:1.00/0.85;engineering_bay:0.43/0.00;life_support_habitat:1.00/0.52;medical_bay:1.00/0.44;security:0.58/0.00"
starfall_beacon,wanderers,fuel,first-choice,50,3,32,13,2,0,0.7673,0.8767,110,0,0.8500,17,0.4469,0.4490,0.0000,0.4917,573.48,93,3480,2991,1822,3245,750,464,14,658,1340,13,13,23689.30,76.76,378.14,"agriculture:1.00/0.70;education_culture:1.00/0.70;engineering_bay:1.00/0.70;life_support_habitat:1.00/0.70;medical_bay:1.00/0.70;security:1.00/0.70","agriculture:0.22/0.00;education_culture:0.55/0.00;engineering_bay:0.20/0.20;life_support_habitat:1.00/0.47;medical_bay:0.09/0.00;security:0.27/0.00"
starfall_beacon,wanderers,fuel,objective-first,50,1,49,0,0,0,0.8507,1.0000,5874,10032,0.8525,24,0.4469,0.4495,0.5648,0.5363,525.10,0,3783,3091,2453,3338,605,494,0,191,0,0,0,47770.16,85.06,400.00,"agriculture:1.00/0.70;education_culture:1.00/0.70;engineering_bay:1.00/0.70;life_support_habitat:1.00/0.70;medical_bay:1.00/0.70;security:1.00/0.70","agriculture:0.38/0.00;education_culture:1.00/0.82;engineering_bay:0.00/0.00;life_support_habitat:1.00/0.53;medical_bay:1.00/0.24;security:0.39/0.00"
starfall_beacon,wanderers,speed,conservative,50,39,11,0,0,0,0.9202,1.0000,4153,10577,0.0277,0,0.6878,0.6920,0.6287,0.5363,391.14,0,3191,3321,2595,0,3593,494,0,2264,2166,0,0,27683.86,92.06,400.02,"agriculture:1.00/0.70;education_culture:1.00/0.70;engineering_bay:1.00/0.70;life_support_habitat:1.00/0.70;medical_bay:1.00/0.70;security:1.00/0.70","agriculture:0.73/0.48;education_culture:1.00/0.75;engineering_bay:0.72/0.43;life_support_habitat:1.00/0.49;medical_bay:1.00/0.47;security:0.53/0.00"
starfall_beacon,wanderers,speed,first-choice,50,4,37,8,1,0,0.7862,0.8889,127,0,0.0000,0,0.4469,0.4490,0.0537,0.4917,588.72,94,3425,3040,1843,3253,716,457,17,790,1683,13,13,24508.70,78.62,375.10,"agriculture:1.00/0.70;education_culture:1.00/0.70;engineering_bay:1.00/0.70;life_support_habitat:1.00/0.70;medical_bay:1.00/0.70;security:1.00/0.70","agriculture:0.47/0.44;education_culture:0.33/0.01;engineering_bay:0.61/0.31;life_support_habitat:1.00/0.62;medical_bay:0.14/0.00;security:0.11/0.00"
starfall_beacon,wanderers,speed,objective-first,50,2,48,0,0,0,0.8529,1.0000,4124,10338,0.0236,76,0.4469,0.4490,0.1740,0.3199,509.94,0,3758,3151,2405,3301,608,495,0,202,0,0,0,53090.36,85.32,400.00,"agriculture:1.00/0.70;education_culture:1.00/0.70;engineering_bay:1.00/0.70;life_support_habitat:1.00/0.70;medical_bay:1.00/0.70;security:1.00/0.70","agriculture:0.35/0.00;education_culture:1.00/0.66;engineering_bay:0.00/0.20;life_support_habitat:1.00/0.53;medical_bay:1.00/0.24;security:0.08/0.00"
starfall_beacon,wanderers,starter,conservative,50,30,20,0,0,0,0.9099,1.0000,7315,10889,0.4485,0,0.5709,0.6710,0.6287,0.5380,380.94,0,3161,3252,2611,0,3594,496,0,2044,2146,0,0,27642.16,90.98,400.00,"agriculture:1.00/0.70;education_culture:1.00/0.70;engineering_bay:1.00/0.70;life_support_habitat:1.00/0.70;medical_bay:1.00/0.70;security:1.00/0.70","agriculture:0.74/0.48;education_culture:1.00/0.85;engineering_bay:0.68/0.23;life_support_habitat:1.00/0.47;medical_bay:1.00/0.34;security:0.32/0.15"
starfall_beacon,wanderers,starter,first-choice,50,4,32,14,0,0,0.7907,0.9049,112,287,0.0000,0,0.4104,0.4490,0.4986,0.4981,556.36,95,3529,3055,1869,3318,747,452,14,725,1767,10,10,24685.78,79.00,380.96,"agriculture:1.00/0.70;education_culture:1.00/0.70;engineering_bay:1.00/0.70;life_support_habitat:1.00/0.70;medical_bay:1.00/0.70;security:1.00/0.70","agriculture:0.48/0.58;education_culture:1.00/0.82;engineering_bay:0.48/0.27;life_support_habitat:1.00/0.57;medical_bay:0.50/0.01;security:0.27/0.00"
starfall_beacon,wanderers,starter,objective-first,50,4,46,0,0,0,0.8510,1.0000,9124,8769,0.0236,58,0.4469,0.4495,0.5648,0.5363,519.92,0,3771,3136,2403,3290,592,485,0,201,0,0,0,52545.16,85.08,400.00,"agriculture:1.00/0.70;education_culture:1.00/0.70;engineering_bay:1.00/0.70;life_support_habitat:1.00/0.70;medical_bay:1.00/0.70;security:1.00/0.70","agriculture:0.05/0.00;education_culture:1.00/0.67;engineering_bay:0.24/0.00;life_support_habitat:1.00/0.43;medical_bay:1.00/0.24;security:0.52/0.00"
tarssen_relief,adaptors,cargo,conservative,50,46,4,0,0,0,0.9413,1.0000,3526,11370,0.0000,62,0.6971,0.6990,0.5768,0.5588,257.90,0,2302,2460,1840,0,2827,355,0,1226,1193,0,0,11592.66,94.22,300.06,"agriculture:1.00/0.70;education_culture:1.00/0.70;engineering_bay:1.00/0.70;life_support_habitat:1.00/0.70;medical_bay:1.00/0.70;security:1.00/0.70","agriculture:0.72/0.48;education_culture:1.00/0.82;engineering_bay:0.74/0.40;life_support_habitat:1.00/0.48;medical_bay:1.00/0.50;security:0.19/0.00"
tarssen_relief,adaptors,cargo,first-choice,50,15,26,9,0,0,0.8371,1.0000,3385,1151,0.0201,107,0.4469,0.4495,0.2987,0.3960,532.04,88,2558,2659,1521,2651,547,371,0,334,817,0,0,11629.20,83.68,300.00,"agriculture:1.00/0.70;education_culture:1.00/0.70;engineering_bay:1.00/0.70;life_support_habitat:1.00/0.70;medical_bay:1.00/0.70;security:1.00/0.70","agriculture:0.50/0.25;education_culture:0.75/0.03;engineering_bay:0.36/0.00;life_support_habitat:1.00/0.65;medical_bay:0.52/0.00;security:0.22/0.00"
tarssen_relief,adaptors,cargo,objective-first,50,39,11,0,0,0,0.9431,1.0000,3526,8417,0.0000,117,0.4471,0.4490,0.5823,0.5312,246.20,0,2666,2484,1807,2641,503,371,0,71,0,0,0,25919.26,94.42,300.06,"agriculture:1.00/0.70;education_culture:1.00/0.70;engineering_bay:1.00/0.70;life_support_habitat:1.00/0.70;medical_bay:1.00/0.70;security:1.00/0.70","agriculture:0.12/0.00;education_culture:1.00/0.77;engineering_bay:0.02/0.00;life_support_habitat:1.00/0.43;medical_bay:1.00/0.40;security:0.45/0.00"
tarssen_relief,adaptors,combat,conservative,50,39,11,0,0,0,0.9408,1.0000,2526,11071,0.0000,64,0.6969,0.6990,0.5768,0.5588,258.56,0,2275,2505,1867,0,2828,368,0,1194,1109,0,0,11656.06,94.10,300.06,"agriculture:1.00/0.70;education_culture:1.00/0.70;engineering_bay:1.00/0.70;life_support_habitat:1.00/0.70;medical_bay:1.00/0.70;security:1.00/0.70","agriculture:0.71/0.48;education_culture:1.00/0.82;engineering_bay:0.74/0.40;life_support_habitat:1.00/0.48;medical_bay:1.00/0.50;security:0.19/0.00"
tarssen_relief,adaptors,combat,first-choice,50,13,26,11,0,0,0.8293,1.0000,2385,1151,0.0201,104,0.4470,0.4495,0.2987,0.3960,553.40,93,2580,2618,1513,2661,547,372,0,357,712,1,1,11614.84,82.96,300.00,"agriculture:1.00/0.70;education_culture:1.00/0.70;engineering_bay:1.00/0.70;life_support_habitat:1.00/0.70;medical_bay:1.00/0.70;security:1.00/0.70","agriculture:0.48/0.43;education_culture:0.69/0.13;engineering_bay:0.45/0.15;life_support_habitat:1.00/0.37;medical_bay:0.48/0.00;security:0.52/0.00"
tarssen_relief,adaptors,combat,objective-first,50,39,11,0,0,0,0.9431,1.0000,2526,8417,0.0000,117,0.4471,0.4490,0.5823,0.5312,246.20,0,2667,2484,1806,2641,503,371,0,71,0,0,0,24937.26,94.42,300.06,"agriculture:1.00/0.70;education_culture:1.00/0.70;engineering_bay:1.00/0.70;life_support_habitat:1.00/0.70;medical_bay:1.00/0.70;security:1.00/0.70","agriculture:0.12/0.00;education_culture:1.00/0.77;engineering_bay:0.02/0.00;life_support_habitat:1.00/0.43;medical_bay:1.00/0.40;security:0.45/0.00"
tarssen_relief,adaptors,fuel,conservative,50,47,3,0,0,0,0.9524,1.0000,6766,11452,0.8555,80,0.6969,0.6990,0.5823,0.5588,226.30,0,2270,2565,1820,0,2833,376,0,1278,1364,0,0,11552.06,95.26,300.00,"agriculture:1.00/0.70;education_culture:1.00/0.70;engineering_bay:1.00/0.70;life_support_habitat:1.00/0.70;medical_bay:1.00/0.70;security:1.00/0.70","agriculture:0.70/0.38;education_culture:1.00/0.85;engineering_bay:0.74/0.40;life_support_habitat:1.00/0.47;medical_bay:1.00/0.40;security:0.49/0.00"
tarssen_relief,adaptors,fuel,first-choice,50,17,26,7,0,0,0.8522,1.0000,257,0,0.8500,100,0.4469,0.4595,0.4283,0.4238,484.18,88,2540,2570,1524,2698,559,375,0,322,923,8,8,11412.64,85.20,300.00,"agriculture:1.00/0.70;education_culture:1.00/0.70;engineering_bay:1.00/0.70;life_support_habitat:1.00/0.70;medical_bay:1.00/0.70;security:1.00/0.70","agriculture:0.50/0.47;education_culture:0.90/0.34;engineering_bay:0.14/0.00;life_support_habitat:1.00/0.47;medical_bay:0.57/0.15;security:0.51/0.00"
tarssen_relief,adaptors,fuel,objective-first,50,39,11,0,0,0,0.9495,1.0000,6766,8215,0.8555,145,0.4469,0.4490,0.5823,0.5557,214.42,0,2637,2453,1807,2640,505,354,0,71,0,0,0,27365.66,94.98,300.00,"agriculture:1.00/0.70;education_culture:1.00/0.70;engineering_bay:1.00/0.70;life_support_habitat:1.00/0.70;medical_bay:1.00/0.70;security:1.00/0.70","agriculture:0.42/0.00;education_culture:1.00/0.80;engineering_bay:0.00/0.00;life_support_habitat:1.00/0.48;medical_bay:1.00/0.43;security:0.56/0.00"
tarssen_relief,adaptors,speed,conservative,50,46,4,0,0,0,0.9562,1.0000,4054,10351,0.0000,63,0.6972,0.6990,0.5823,0.5588,209.94,0,2213,2565,1850,0,2825,372,0,1371,1663,0,0,11755.26,95.62,300.04,"agriculture:1.00/0.70;education_culture:1.00/0.70;engineering_bay:1.00/0.70;life_support_habitat:1.00/0.70;medical_bay:1.00/0.70;security:1.00/0.70","agriculture:0.73/0.48;education_culture:1.00/0.81;engineering_bay:0.75/0.28;life_support_habitat:1.00/0.57;medical_bay:1.00/0.53;security:0.50/0.00"
tarssen_relief,adaptors,speed,first-choice,50,14,26,10,0,0,0.8336,1.0000,436,0,0.0000,112,0.4469,0.4495,0.5456,0.4260,534.84,92,2534,2617,1474,2768,520,378,0,364,1193,5,5,11518.54,83.36,300.00,"agriculture:1.00/0.70;education_culture:1.00/0.70;engineering_bay:1.00/0.70;life_support_habitat:1.00/0.70;medical_bay:1.00/0.70;security:1.00/0.70","agriculture:0.52/0.47;education_culture:0.70/0.31;engineering_bay:0.53/0.28;life_support_habitat:1.00/0.42;medical_bay:0.47/0.00;security:0.52/0.00"
tarssen_relief,adaptors,speed,objective-first,50,42,8,0,0,0,0.9451,1.0000,4054,8315,0.0000,134,0.4470,0.4490,0.5823,0.5361,231.52,0,2672,2484,1824,2651,508,371,0,70,0,0,0,30471.36,94.48,300.06,"agriculture:1.00/0.70;education_culture:1.00/0.70;engineering_bay:1.00/0.70;life_support_habitat:1.00/0.70;medical_bay:1.00/0.70;security:1.00/0.70","agriculture:0.12/0.00;education_culture:1.00/0.77;engineering_bay:0.02/0.00;life_support_habitat:1.00/0.43;medical_bay:1.00/0.40;security:0.45/0.00"
tarssen_relief,adaptors,starter,conservative,50,45,5,0,0,0,0.9437,1.0000,7130,11452,0.5698,60,0.6970,0.6990,0.5823,0.5668,250.46,0,2222,2551,1982,0,2783,361,0,1331,1745,0,0,11614.06,94.32,300.00,"agriculture:1.00/0.70;education_culture:1.00/0.70;engineering_bay:1.00/0.70;life_support_habitat:1.00/0.70;medical_bay:1.00/0.70;security:1.00/0.70","agriculture:0.73/0.38;education_culture:1.00/0.81;engineering_bay:0.71/0.25;life_support_habitat:1.00/0.55;medical_bay:1.00/0.50;security:0.33/0.00"
tarssen_relief,adaptors,starter,first-choice,50,13,29,8,0,0,0.8329,1.0000,765,317,0.0000,113,0.4472,0.5000,0.4284,0.4659,544.88,92,2482,2609,1531,2764,573,370,0,387,1332,4,4,11578.12,83.24,300.00,"agriculture:1.00/0.70;education_culture:1.00/0.70;engineering_bay:1.00/0.70;life_support_habitat:1.00/0.70;medical_bay:1.00/0.70;security:1.00/0.70","agriculture:0.52/0.42;education_culture:0.58/0.13;engineering_bay:0.51/0.29;life_support_habitat:1.00/0.64;medical_bay:0.44/0.00;security:0.48/0.00"
tarssen_relief,adaptors,starter,objective-first,50,40,10,0,0,0,0.9433,1.0000,9776,8417,0.0000,139,0.4469,0.4490,0.5823,0.5312,244.86,0,2678,2491,1790,2649,498,375,0,74,0,0,0,32117.46,94.42,300.06,"agriculture:1.00/0.70;education_culture:1.00/0.70;engineering_bay:1.00/0.70;life_support_habitat:1.00/0.70;medical_bay:1.00/0.70;security:1.00/0.70","agriculture:0.13/0.00;education_culture:1.00/0.77;engineering_bay:0.00/0.00;life_support_habitat:1.00/0.43;medical_bay:1.00/0.40;security:0.45/0.00"
tarssen_relief,preservers,cargo,conservative,50,40,10,0,0,0,0.9385,1.0000,3380,10682,0.0000,62,0.6945,0.6990,0.5130,0.5128,262.24,0,2266,2590,1874,0,2783,368,0,1304,1201,0,0,11577.50,93.86,300.10,"agriculture:1.00/0.70;education_culture:1.00/0.70;engineering_bay:1.00/0.70;life_support_habitat:1.00/0.70;medical_bay:1.00/0.70;security:1.00/0.70","agriculture:0.72/0.48;education_culture:1.00/0.85;engineering_bay:0.72/0.35;life_support_habitat:1.00/0.58;medical_bay:1.00/0.47;security:0.25/0.00"
tarssen_relief,preservers,cargo,first-choice,50,11,29,10,0,0,0.8381,1.0000,1804,0,0.0000,83,0.4469,0.4600,0.5456,0.3930,522.98,88,2513,2607,1548,2709,507,336,0,384,811,9,9,11326.08,83.80,300.08,"agriculture:1.00/0.70;education_culture:1.00/0.70;engineering_bay:1.00/0.70;life_support_habitat:1.00/0.70;medical_bay:1.00/0.70;security:1.00/0.70","agriculture:0.48/0.42;education_culture:0.83/0.32;engineering_bay:0.40/0.04;life_support_habitat:1.00/0.58;medical_bay:0.49/0.15;security:0.51/0.00"
tarssen_relief,preservers,cargo,objective-first,50,36,14,0,0,0,0.9391,1.0000,3380,9326,0.0000,144,0.4469,0.4490,0.5902,0.5355,249.80,0,2724,2527,1745,2668,474,364,0,79,0,0,0,25305.10,93.92,300.10,"agriculture:1.00/0.70;education_culture:1.00/0.70;engineering_bay:1.00/0.70;life_support_habitat:1.00/0.70;medical_bay:1.00/0.70;security:1.00/0.70","agriculture:0.40/0.00;education_culture:1.00/0.85;engineering_bay:0.00/0.09;life_support_habitat:1.00/0.43;medical_bay:1.00/0.37;security:0.40/0.00"
tarssen_relief,preservers,combat,conservative,50,41,9,0,0,0,0.9407,1.0000,2380,10801,0.0000,57,0.6945,0.6990,0.6148,0.5128,255.68,0,2221,2587,1890,0,2820,357,0,1289,1122,0,0,11619.70,94.04,300.10,"agriculture:1.00/0.70;education_culture:1.00/0.70;engineering_bay:1.00/0.70;life_support_habitat:1.00/0.70;medical_bay:1.00/0.70;security:1.00/0.70","agriculture:0.72/0.50;education_culture:1.00/0.85;engineering_bay:0.72/0.25;life_support_habitat:1.00/0.58;medical_bay:1.00/0.47;security:0.25/0.00"
tarssen_relief,preservers,combat,first-choice,50,9,36,5,0,0,0.8338,1.0000,824,37,0.0000,89,0.4469,0.4600,0.5456,0.3930,534.64,90,2526,2590,1546,2712,503,337,0,385,749,5,5,11587.32,83.40,300.08,"agriculture:1.00/0.70;education_culture:1.00/0.70;engineering_bay:1.00/0.70;life_support_habitat:1.00/0.70;medical_bay:1.00/0.70;security:1.00/0.70","agriculture:0.46/0.32;education_culture:0.83/0.23;engineering_bay:0.40/0.04;life_support_habitat:1.00/0.58;medical_bay:0.49/0.15;security:0.52/0.00"
tarssen_relief,preservers,combat,objective-first,50,36,14,0,0,0,0.9391,1.0000,2380,9326,0.0000,144,0.4469,0.4490,0.5902,0.5355,249.80,0,2724,2527,1745,2668,474,364,0,79,0,0,0,24292.10,93.92,300.10,"agriculture:1.00/0.70;education_culture:1.00/0.70;engineering_bay:1.00/0.70;life_support_habitat:1.00/0.70;medical_bay:1.00/0.70;security:1.00/0.70","agriculture:0.40/0.00;education_culture:1.00/0.85;engineering_bay:0.00/0.09;life_support_habitat:1.00/0.43;medical_bay:1.00/0.37;security:0.40/0.00"
tarssen_relief,preservers,fuel,conservative,50,47,3,0,0,0,0.9500,1.0000,6605,11266,0.8673,59,0.6971,0.6990,0.6227,0.5618,229.42,0,2253,2586,1885,0,2874,352,0,1358,1349,0,0,11570.50,94.98,300.00,"agriculture:1.00/0.70;education_culture:1.00/0.70;engineering_bay:1.00/0.70;life_support_habitat:1.00/0.70;medical_bay:1.00/0.70;security:1.00/0.70","agriculture:0.70/0.38;education_culture:1.00/0.85;engineering_bay:0.76/0.25;life_support_habitat:1.00/0.48;medical_bay:1.00/0.47;security:0.50/0.00"
tarssen_relief,preservers,fuel,first-choice,50,13,28,9,0,0,0.8411,1.0000,275,0,0.8500,102,0.4472,0.4600,0.0034,0.3930,512.70,85,2590,2593,1508,2719,519,342,0,342,940,6,6,11442.46,84.16,300.00,"agriculture:1.00/0.70;education_culture:1.00/0.70;engineering_bay:1.00/0.70;life_support_habitat:1.00/0.70;medical_bay:1.00/0.70;security:1.00/0.70","agriculture:0.50/0.30;education_culture:0.75/0.28;engineering_bay:0.00/0.00;life_support_habitat:1.00/0.53;medical_bay:0.45/0.00;security:0.41/0.00"
tarssen_relief,preservers,fuel,objective-first,50,38,12,0,0,0,0.9446,1.0000,6605,10054,0.8608,108,0.4469,0.4490,0.4698,0.5569,238.76,0,2714,2492,1749,2673,471,376,0,74,0,0,0,27321.50,94.50,300.00,"agriculture:1.00/0.70;education_culture:1.00/0.70;engineering_bay:1.00/0.70;life_support_habitat:1.00/0.70;medical_bay:1.00/0.70;security:1.00/0.70","agriculture:0.10/0.00;education_culture:1.00/0.85;engineering_bay:0.00/0.00;life_support_habitat:1.00/0.43;medical_bay:1.00/0.34;security:0.40/0.00"
tarssen_relief,preservers,speed,conservative,50,45,5,0,0,0,0.9493,1.0000,3955,10547,0.0000,0,0.6945,0.6990,0.6227,0.5569,230.84,0,2202,2648,1783,0,2818,351,0,1482,1643,0,0,11686.70,94.92,300.08,"agriculture:1.00/0.70;education_culture:1.00/0.70;engineering_bay:1.00/0.70;life_support_habitat:1.00/0.70;medical_bay:1.00/0.70;security:1.00/0.70","agriculture:0.73/0.48;education_culture:1.00/0.85;engineering_bay:0.01/0.00;life_support_habitat:1.00/0.48;medical_bay:1.00/0.44;security:0.43/0.00"
tarssen_relief,preservers,speed,first-choice,50,20,22,8,0,0,0.8561,1.0000,404,20,0.0000,84,0.4470,0.4900,0.2468,0.3930,471.34,81,2502,2596,1552,2763,501,355,0,460,1217,5,5,11325.70,85.62,300.08,"agriculture:1.00/0.70;education_culture:1.00/0.70;engineering_bay:1.00/0.70;life_support_habitat:1.00/0.70;medical_bay:1.00/0.70;security:1.00/0.70","agriculture:0.53/0.40;education_culture:0.80/0.44;engineering_bay:0.45/0.16;life_support_habitat:1.00/0.53;medical_bay:0.49/0.00;security:0.30/0.00"
tarssen_relief,preservers,speed,objective-first,50,39,11,0,0,0,0.9416,1.0000,3955,8666,0.0000,144,0.4469,0.4490,0.5758,0.5275,240.42,0,2735,2515,1806,2684,480,366,0,80,0,0,0,30612.80,94.16,300.10,"agriculture:1.00/0.70;education_culture:1.00/0.70;engineering_bay:1.00/0.70;life_support_habitat:1.00/0.70;medical_bay:1.00/0.70;security:1.00/0.70","agriculture:0.40/0.00;education_culture:1.00/0.82;engineering_bay:0.00/0.00;life_support_habitat:1.00/0.48;medical_bay:1.00/0.34;security:0.40/0.00"
tarssen_relief,preservers,starter,conservative,50,44,6,0,0,0,0.9466,1.0000,7660,11172,0.4570,84,0.6972,0.6990,0.6227,0.5587,240.90,0,2261,2540,1891,0,2905,344,0,1327,1745,0,0,11626.10,94.66,300.00,"agriculture:1.00/0.70;education_culture:1.00/0.70;engineering_bay:1.00/0.70;life_support_habitat:1.00/0.70;medical_bay:1.00/0.70;security:1.00/0.70","agriculture:0.70/0.38;education_culture:1.00/0.85;engineering_bay:0.77/0.28;life_support_habitat:1.00/0.58;medical_bay:1.00/0.47;security:0.36/0.00"
tarssen_relief,preservers,starter,first-choice,50,14,29,7,0,0,0.8424,1.0000,474,553,0.0242,106,0.4471,0.4935,0.5184,0.3939,517.70,87,2505,2640,1544,2745,536,349,0,361,1310,3,3,11552.74,84.26,300.00,"agriculture:1.00/0.70;education_culture:1.00/0.70;engineering_bay:1.00/0.70;life_support_habitat:1.00/0.70;medical_bay:1.00/0.70;security:1.00/0.70","agriculture:0.52/0.43;education_culture:0.63/0.00;engineering_bay:0.50/0.26;life_support_habitat:1.00/0.42;medical_bay:0.50/0.00;security:0.46/0.00"
tarssen_relief,preservers,starter,objective-first,50,36,14,0,0,0,0.9396,1.0000,9630,9326,0.0000,144,0.4469,0.4495,0.5902,0.5569,249.34,0,2721,2543,1757,2655,474,362,0,77,0,0,0,31460.30,93.96,300.10,"agriculture:1.00/0.70;education_culture:1.00/0.70;engineering_bay:1.00/0.70;life_support_habitat:1.00/0.70;medical_bay:1.00/0.70;security:1.00/0.70","agriculture:0.40/0.00;education_culture:1.00/0.82;engineering_bay:0.00/0.00;life_support_habitat:1.00/0.48;medical_bay:1.00/0.40;security:0.40/0.00"
tarssen_relief,wanderers,cargo,conservative,50,42,8,0,0,0,0.9414,1.0000,3045,9761,0.0407,50,0.6969,0.6990,0.5728,0.5588,253.54,0,2213,2615,1904,0,2786,350,0,1225,1192,0,0,11608.00,94.14,300.00,"agriculture:1.00/0.70;education_culture:1.00/0.70;engineering_bay:1.00/0.70;life_support_habitat:1.00/0.70;medical_bay:1.00/0.70;security:1.00/0.70","agriculture:0.70/0.45;education_culture:1.00/0.82;engineering_bay:0.00/0.15;life_support_habitat:1.00/0.50;medical_bay:1.00/0.42;security:0.44/0.00"
tarssen_relief,wanderers,cargo,first-choice,50,14,25,11,0,0,0.8385,1.0000,70,325,0.0000,67,0.4473,0.4615,0.3890,0.4713,526.98,90,2555,2713,1566,2744,516,361,0,443,900,12,12,11447.60,83.86,300.02,"agriculture:1.00/0.70;education_culture:1.00/0.70;engineering_bay:1.00/0.70;life_support_habitat:1.00/0.70;medical_bay:1.00/0.70;security:1.00/0.70","agriculture:0.48/0.40;education_culture:1.00/0.82;engineering_bay:0.49/0.30;life_support_habitat:1.00/0.61;medical_bay:0.75/0.15;security:0.47/0.00"
tarssen_relief,wanderers,cargo,objective-first,50,44,6,0,0,0,0.9441,1.0000,3045,8781,0.2991,97,0.4469,0.4490,0.5406,0.5588,238.08,0,2673,2574,1744,2617,479,363,0,79,0,0,0,25144.40,94.40,300.00,"agriculture:1.00/0.70;education_culture:1.00/0.70;engineering_bay:1.00/0.70;life_support_habitat:1.00/0.70;medical_bay:1.00/0.70;security:1.00/0.70","agriculture:0.44/0.00;education_culture:1.00/0.80;engineering_bay:0.03/0.00;life_support_habitat:1.00/0.38;medical_bay:1.00/0.32;security:0.42/0.00"
tarssen_relief,wanderers,combat,conservative,50,41,9,0,0,0,0.9370,1.0000,2045,9820,0.0408,67,0.6970,0.6990,0.5608,0.5588,267.88,0,2278,2660,1838,0,2808,359,0,1211,1115,0,0,11604.60,93.66,300.00,"agriculture:1.00/0.70;education_culture:1.00/0.70;engineering_bay:1.00/0.70;life_support_habitat:1.00/0.70;medical_bay:1.00/0.70;security:1.00/0.70","agriculture:0.70/0.40;education_culture:1.00/0.82;engineering_bay:0.00/0.20;life_support_habitat:1.00/0.50;medical_bay:1.00/0.42;security:0.44/0.00"
tarssen_relief,wanderers,combat,first-choice,50,17,24,9,0,0,0.8527,1.0000,2168,589,0.0000,117,0.4470,0.5000,0.4444,0.4713,487.16,93,2496,2684,1584,2695,527,363,0,444,1010,9,9,11471.10,85.36,300.04,"agriculture:1.00/0.70;education_culture:1.00/0.70;engineering_bay:1.00/0.70;life_support_habitat:1.00/0.70;medical_bay:1.00/0.70;security:1.00/0.70","agriculture:0.49/0.40;education_culture:1.00/0.82;engineering_bay:0.18/0.25;life_support_habitat:1.00/0.51;medical_bay:0.75/0.15;security:0.47/0.00"
tarssen_relief,wanderers,combat,objective-first,50,43,7,0,0,0,0.9416,1.0000,2045,8781,0.2991,97,0.4469,0.4490,0.5406,0.5588,246.98,0,2690,2582,1738,2620,477,361,0,77,0,0,0,24309.40,94.14,300.00,"agriculture:1.00/0.70;education_culture:1.00/0.70;engineering_bay:1.00/0.70;life_support_habitat:1.00/0.70;medical_bay:1.00/0.70;security:1.00/0.70","agriculture:0.44/0.00;education_culture:1.00/0.80;engineering_bay:0.03/0.00;life_support_habitat:1.00/0.38;medical_bay:1.00/0.32;security:0.42/0.00"
tarssen_relief,wanderers,fuel,conservative,50,39,11,0,0,0,0.9387,1.0000,6170,9821,0.8555,63,0.6971,0.6990,0.5728,0.5588,261.00,0,2296,2653,1809,0,2832,367,0,1261,1309,0,0,11615.80,93.88,300.00,"agriculture:1.00/0.70;education_culture:1.00/0.70;engineering_bay:1.00/0.70;life_support_habitat:1.00/0.70;medical_bay:1.00/0.70;security:1.00/0.70","agriculture:0.74/0.28;education_culture:1.00/0.82;engineering_bay:0.00/0.00;life_support_habitat:1.00/0.58;medical_bay:1.00/0.42;security:0.43/0.00"
tarssen_relief,wanderers,fuel,first-choice,50,18,26,6,0,0,0.8605,1.0000,0,0,0.8486,102,0.4470,0.4995,0.3210,0.4713,457.30,87,2530,2688,1576,2737,537,360,0,377,1054,15,15,11098.22,86.10,300.00,"agriculture:1.00/0.70;education_culture:1.00/0.70;engineering_bay:1.00/0.70;life_support_habitat:1.00/0.70;medical_bay:1.00/0.70;security:1.00/0.70","agriculture:0.47/0.48;education_culture:0.94/0.49;engineering_bay:0.40/0.17;life_support_habitat:1.00/0.57;medical_bay:0.77/0.00;security:0.49/0.00"
tarssen_relief,wanderers,fuel,objective-first,50,43,7,0,0,0,0.9453,1.0000,6170,8459,0.8555,128,0.4469,0.4495,0.5106,0.5394,233.74,0,2678,2569,1723,2630,492,360,0,75,0,0,0,27106.00,94.46,300.00,"agriculture:1.00/0.70;education_culture:1.00/0.70;engineering_bay:1.00/0.70;life_support_habitat:1.00/0.70;medical_bay:1.00/0.70;security:1.00/0.70","agriculture:0.44/0.00;education_culture:1.00/0.80;engineering_bay:0.03/0.00;life_support_habitat:1.00/0.38;medical_bay:1.00/0.32;security:0.42/0.00"
tarssen_relief,wanderers,speed,conservative,50,42,8,0,0,0,0.9360,1.0000,3920,9821,0.0105,68,0.6969,0.6990,0.5909,0.5588,271.86,0,2292,2611,1802,0,2841,345,0,1345,1585,0,0,11669.80,93.58,300.00,"agriculture:1.00/0.70;education_culture:1.00/0.70;engineering_bay:1.00/0.70;life_support_habitat:1.00/0.70;medical_bay:1.00/0.70;security:1.00/0.70","agriculture:0.74/0.48;education_culture:1.00/0.79;engineering_bay:0.71/0.30;life_support_habitat:1.00/0.43;medical_bay:1.00/0.42;security:0.50/0.00"
tarssen_relief,wanderers,speed,first-choice,50,18,23,9,0,0,0.8627,1.0000,1550,0,0.0457,71,0.4474,0.4600,0.5352,0.4713,451.18,84,2575,2614,1525,2719,552,353,0,513,1375,7,7,11552.40,86.30,300.00,"agriculture:1.00/0.70;education_culture:1.00/0.70;engineering_bay:1.00/0.70;life_support_habitat:1.00/0.70;medical_bay:1.00/0.70;security:1.00/0.70","agriculture:0.52/0.34;education_culture:0.76/0.43;engineering_bay:0.52/0.30;life_support_habitat:1.00/0.59;medical_bay:0.58/0.00;security:0.24/0.00"
tarssen_relief,wanderers,speed,objective-first,50,38,12,0,0,0,0.9423,1.0000,3920,8839,0.2991,109,0.4469,0.4490,0.5360,0.5394,240.16,0,2690,2542,1739,2669,481,364,0,85,0,0,0,30702.00,94.26,300.00,"agriculture:1.00/0.70;education_culture:1.00/0.70;engineering_bay:1.00/0.70;life_support_habitat:1.00/0.70;medical_bay:1.00/0.70;security:1.00/0.70","agriculture:0.44/0.00;education_culture:1.00/0.80;engineering_bay:0.03/0.00;life_support_habitat:1.00/0.38;medical_bay:1.00/0.32;security:0.42/0.00"
tarssen_relief,wanderers,starter,conservative,50,40,10,0,0,0,0.9379,1.0000,5778,10180,0.5291,74,0.6973,0.6990,0.5909,0.5591,262.92,0,2205,2635,1816,0,2796,345,0,1317,1655,0,0,11527.60,93.78,300.00,"agriculture:1.00/0.70;education_culture:1.00/0.70;engineering_bay:1.00/0.70;life_support_habitat:1.00/0.70;medical_bay:1.00/0.70;security:1.00/0.70","agriculture:0.71/0.48;education_culture:1.00/0.85;engineering_bay:0.73/0.25;life_support_habitat:1.00/0.53;medical_bay:1.00/0.32;security:0.25/0.00"
tarssen_relief,wanderers,starter,first-choice,50,14,23,13,0,0,0.8277,1.0000,70,0,0.2727,99,0.4470,0.4595,0.3723,0.4713,556.76,90,2606,2586,1534,2684,522,343,0,384,1405,6,6,11393.64,82.84,300.00,"agriculture:1.00/0.70;education_culture:1.00/0.70;engineering_bay:1.00/0.70;life_support_habitat:1.00/0.70;medical_bay:1.00/0.70;security:1.00/0.70","agriculture:0.46/0.43;education_culture:0.73/0.31;engineering_bay:0.56/0.34;life_support_habitat:1.00/0.63;medical_bay:0.60/0.00;security:0.50/0.00"
tarssen_relief,wanderers,starter,objective-first,50,45,5,0,0,0,0.9438,1.0000,9295,8781,0.2991,97,0.4469,0.4490,0.5406,0.5394,237.64,0,2648,2565,1738,2603,482,366,0,79,0,0,0,31311.00,94.34,300.00,"agriculture:1.00/0.70;education_culture:1.00/0.70;engineering_bay:1.00/0.70;life_support_habitat:1.00/0.70;medical_bay:1.00/0.70;security:1.00/0.70","agriculture:0.44/0.00;education_culture:1.00/0.77;engineering_bay:0.00/0.00;life_support_habitat:1.00/0.38;medical_bay:1.00/0.32;security:0.42/0.00"
the_ark_run,adaptors,cargo,conservative,50,43,7,0,0,0,0.9405,0.8456,3340,9978,0.0000,0,0.6636,0.6975,0.5344,0.5557,286.12,0,3076,2627,2012,0,2843,396,0,1436,1168,0,0,11835.26,94.10,328.78,"agriculture:1.00/0.70;education_culture:1.00/0.70;engineering_bay:1.00/0.70;life_support_habitat:1.00/0.70;medical_bay:1.00/0.70;security:1.00/0.70","agriculture:0.71/0.58;education_culture:1.00/0.91;engineering_bay:0.69/0.33;life_support_habitat:1.00/0.53;medical_bay:1.00/0.57;security:0.17/0.00"
the_ark_run,adaptors,cargo,first-choice,50,11,33,6,0,0,0.8405,0.7807,2998,535,0.0000,16,0.4449,0.4490,0.5381,0.4462,593.90,96,3367,2717,1631,2807,583,430,0,419,664,4,4,10623.56,84.00,331.90,"agriculture:1.00/0.70;education_culture:1.00/0.70;engineering_bay:1.00/0.70;life_support_habitat:1.00/0.70;medical_bay:1.00/0.70;security:1.00/0.70","agriculture:0.33/0.17;education_culture:0.55/0.07;engineering_bay:0.35/0.40;life_support_habitat:1.00/0.55;medical_bay:0.33/0.30;security:0.65/0.00"
the_ark_run,adaptors,cargo,objective-first,50,40,10,0,0,0,0.9282,0.9407,3340,9334,0.0000,13,0.4443,0.4480,0.4325,0.5490,347.48,0,3532,2651,1948,2783,521,408,0,128,0,0,0,27578.32,92.86,335.70,"agriculture:1.00/0.70;education_culture:1.00/0.70;engineering_bay:1.00/0.70;life_support_habitat:1.00/0.70;medical_bay:1.00/0.70;security:1.00/0.70","agriculture:0.24/0.00;education_culture:1.00/0.88;engineering_bay:0.00/0.00;life_support_habitat:1.00/0.60;medical_bay:1.00/0.45;security:0.34/0.00"
the_ark_run,adaptors,combat,conservative,50,46,4,0,0,0,0.9512,0.8075,2340,10390,0.0000,0,0.5329,0.6045,0.4384,0.5557,222.70,0,2498,2795,2153,0,3027,405,0,1442,1090,0,0,11177.54,95.22,328.26,"agriculture:1.00/0.70;education_culture:1.00/0.70;engineering_bay:1.00/0.70;life_support_habitat:1.00/0.70;medical_bay:1.00/0.70;security:1.00/0.70","agriculture:0.70/0.43;education_culture:1.00/0.87;engineering_bay:0.69/0.30;life_support_habitat:1.00/0.48;medical_bay:1.00/0.36;security:0.37/0.00"
the_ark_run,adaptors,combat,first-choice,50,15,28,7,0,0,0.8623,0.7552,1998,855,0.0000,0,0.4450,0.4490,0.3422,0.4155,476.34,88,2961,2807,1742,2876,601,415,0,406,612,5,5,10339.64,86.12,331.44,"agriculture:1.00/0.70;education_culture:1.00/0.70;engineering_bay:1.00/0.70;life_support_habitat:1.00/0.70;medical_bay:1.00/0.70;security:1.00/0.70","agriculture:0.33/0.29;education_culture:0.88/0.60;engineering_bay:0.06/0.00;life_support_habitat:1.00/0.49;medical_bay:0.30/0.00;security:0.43/0.00"
the_ark_run,adaptors,combat,objective-first,50,40,10,0,0,0,0.9307,0.9232,2340,9587,0.0000,59,0.4443,0.4480,0.5168,0.5557,339.92,0,3108,2768,2132,2847,530,408,0,155,0,0,0,26354.88,93.06,334.02,"agriculture:1.00/0.70;education_culture:1.00/0.70;engineering_bay:1.00/0.70;life_support_habitat:1.00/0.70;medical_bay:1.00/0.70;security:1.00/0.70","agriculture:0.00/0.00;education_culture:1.00/0.93;engineering_bay:0.00/0.00;life_support_habitat:1.00/0.51;medical_bay:1.00/0.36;security:0.50/0.00"
the_ark_run,adaptors,fuel,conservative,50,40,10,0,0,0,0.9299,0.8154,6585,10930,0.8564,50,0.6971,0.6990,0.5344,0.5557,313.24,0,2909,2537,1981,0,2801,386,0,1254,1308,0,0,11316.56,93.00,320.00,"agriculture:1.00/0.70;education_culture:1.00/0.70;engineering_bay:1.00/0.70;life_support_habitat:1.00/0.70;medical_bay:1.00/0.70;security:1.00/0.70","agriculture:0.65/0.28;education_culture:1.00/0.92;engineering_bay:0.00/0.00;life_support_habitat:1.00/0.45;medical_bay:0.99/0.44;security:0.46/0.00"
the_ark_run,adaptors,fuel,first-choice,50,12,33,5,0,0,0.8457,0.7512,522,0,0.8471,31,0.4469,0.4490,0.4187,0.4797,529.46,92,3181,2658,1553,2759,569,396,0,336,767,6,6,9944.48,84.60,320.00,"agriculture:1.00/0.70;education_culture:1.00/0.70;engineering_bay:1.00/0.70;life_support_habitat:1.00/0.70;medical_bay:1.00/0.70;security:1.00/0.70","agriculture:0.20/0.19;education_culture:0.92/0.50;engineering_bay:0.27/0.10;life_support_habitat:1.00/0.45;medical_bay:0.25/0.15;security:0.46/0.00"
the_ark_run,adaptors,fuel,objective-first,50,40,10,0,0,0,0.9279,0.9186,6585,10077,0.8529,78,0.4469,0.4600,0.5644,0.5139,349.68,0,3275,2466,1906,2692,456,385,0,59,0,0,0,27272.82,92.84,320.00,"agriculture:1.00/0.70;education_culture:1.00/0.70;engineering_bay:1.00/0.70;life_support_habitat:1.00/0.70;medical_bay:1.00/0.70;security:1.00/0.70","agriculture:0.00/0.00;education_culture:1.00/0.95;engineering_bay:0.00/0.00;life_support_habitat:1.00/0.53;medical_bay:1.00/0.44;security:0.65/0.00"
the_ark_run,adaptors,speed,conservative,50,43,7,0,0,0,0.9392,0.7969,3855,9888,0.0000,0,0.6939,0.6975,0.5028,0.5557,273.14,0,2967,2624,2007,0,2782,384,0,1623,1611,0,0,11319.62,93.88,324.76,"agriculture:1.00/0.70;education_culture:1.00/0.70;engineering_bay:1.00/0.70;life_support_habitat:1.00/0.70;medical_bay:1.00/0.70;security:1.00/0.70","agriculture:0.72/0.58;education_culture:1.00/0.99;engineering_bay:0.75/0.58;life_support_habitat:1.00/0.60;medical_bay:1.00/0.54;security:0.73/0.30"
the_ark_run,adaptors,speed,first-choice,50,10,35,5,0,0,0.8421,0.7432,2493,656,0.0000,0,0.3950,0.4475,0.5309,0.4797,532.12,93,3261,2677,1614,2817,570,421,0,494,1104,2,2,10058.08,84.14,329.72,"agriculture:1.00/0.70;education_culture:1.00/0.70;engineering_bay:1.00/0.70;life_support_habitat:1.00/0.70;medical_bay:1.00/0.70;security:1.00/0.70","agriculture:0.46/0.44;education_culture:0.64/0.36;engineering_bay:0.00/0.00;life_support_habitat:1.00/0.65;medical_bay:0.13/0.00;security:0.27/0.00"
the_ark_run,adaptors,speed,objective-first,50,38,12,0,0,0,0.9245,0.9076,3855,9334,0.0000,14,0.4443,0.4495,0.4225,0.5490,360.78,0,3572,2649,1949,2766,523,421,0,135,0,0,0,32484.78,92.50,336.56,"agriculture:1.00/0.70;education_culture:1.00/0.70;engineering_bay:1.00/0.70;life_support_habitat:1.00/0.70;medical_bay:1.00/0.70;security:1.00/0.70","agriculture:0.30/0.00;education_culture:1.00/0.88;engineering_bay:0.00/0.00;life_support_habitat:1.00/0.60;medical_bay:1.00/0.45;security:0.34/0.00"
the_ark_run,adaptors,starter,conservative,50,48,2,0,0,0,0.9417,0.8207,7330,10435,0.0000,34,0.6946,0.6985,0.5344,0.5557,272.76,0,2831,2460,1983,0,2860,391,0,1403,1689,0,0,11487.50,94.14,320.50,"agriculture:1.00/0.70;education_culture:1.00/0.70;engineering_bay:1.00/0.70;life_support_habitat:1.00/0.70;medical_bay:1.00/0.70;security:1.00/0.70","agriculture:0.75/0.58;education_culture:1.00/0.93;engineering_bay:0.59/0.23;life_support_habitat:1.00/0.60;medical_bay:1.00/0.44;security:0.69/0.15"
the_ark_run,adaptors,starter,first-choice,50,8,37,5,0,0,0.8338,0.7594,97,21,0.0000,1,0.4445,0.4495,0.3465,0.4801,589.24,92,3306,2735,1617,2768,584,423,0,434,1220,3,3,10460.00,83.36,330.12,"agriculture:1.00/0.70;education_culture:1.00/0.70;engineering_bay:1.00/0.70;life_support_habitat:1.00/0.70;medical_bay:1.00/0.70;security:1.00/0.70","agriculture:0.37/0.11;education_culture:0.45/0.08;engineering_bay:0.00/0.35;life_support_habitat:1.00/0.41;medical_bay:0.19/0.00;security:0.30/0.00"
the_ark_run,adaptors,starter,objective-first,50,37,13,0,0,0,0.9276,0.9176,9590,9334,0.0000,30,0.4443,0.4495,0.4325,0.5490,349.10,0,3544,2633,1949,2774,503,413,0,129,0,0,0,32956.06,92.78,335.48,"agriculture:1.00/0.70;education_culture:1.00/0.70;engineering_bay:1.00/0.70;life_support_habitat:1.00/0.70;medical_bay:1.00/0.70;security:1.00/0.70","agriculture:0.26/0.00;education_culture:1.00/1.00;engineering_bay:0.12/0.20;life_support_habitat:1.00/0.60;medical_bay:1.00/0.45;security:0.48/0.00"
the_ark_run,preservers,cargo,conservative,50,44,6,0,0,0,0.9378,0.8316,3250,10240,0.0000,0,0.6937,0.6975,0.3925,0.5558,288.94,0,3062,2626,2041,0,2852,403,0,1546,1202,0,0,11618.56,93.78,330.50,"agriculture:1.00/0.70;education_culture:1.00/0.70;engineering_bay:1.00/0.70;life_support_habitat:1.00/0.70;medical_bay:1.00/0.70;security:1.00/0.70","agriculture:0.70/0.63;education_culture:1.00/1.00;engineering_bay:0.06/0.00;life_support_habitat:1.00/0.53;medical_bay:1.00/0.42;security:0.09/0.00"
the_ark_run,preservers,cargo,first-choice,50,13,33,4,0,0,0.8517,0.7855,2998,814,0.0000,0,0.4445,0.4490,0.5080,0.4195,564.74,94,3287,2660,1604,2790,584,407,0,407,749,0,0,10644.36,85.18,328.56,"agriculture:1.00/0.70;education_culture:1.00/0.70;engineering_bay:1.00/0.70;life_support_habitat:1.00/0.70;medical_bay:1.00/0.70;security:1.00/0.70","agriculture:0.49/0.47;education_culture:0.67/0.36;engineering_bay:0.08/0.15;life_support_habitat:1.00/0.60;medical_bay:0.23/0.00;security:0.40/0.00"
the_ark_run,preservers,cargo,objective-first,50,35,15,0,0,0,0.9271,0.9528,3250,10951,0.0000,16,0.4447,0.4495,0.5606,0.5516,351.88,0,3368,2521,2020,2844,490,417,0,135,0,0,0,28150.36,92.66,333.00,"agriculture:1.00/0.70;education_culture:1.00/0.70;engineering_bay:1.00/0.70;life_support_habitat:1.00/0.70;medical_bay:1.00/0.70;security:1.00/0.70","agriculture:0.23/0.00;education_culture:1.00/0.83;engineering_bay:0.00/0.00;life_support_habitat:1.00/0.51;medical_bay:1.00/0.39;security:0.32/0.00"
the_ark_run,preservers,combat,conservative,50,41,9,0,0,0,0.9438,0.8070,2250,10394,0.0000,0,0.6937,0.6975,0.4562,0.5245,252.22,0,2580,2734,2130,0,3114,422,0,1495,1104,0,0,11353.44,94.36,330.10,"agriculture:1.00/0.70;education_culture:1.00/0.70;engineering_bay:1.00/0.70;life_support_habitat:1.00/0.70;medical_bay:1.00/0.70;security:1.00/0.70","agriculture:0.72/0.60;education_culture:1.00/0.87;engineering_bay:0.15/0.00;life_support_habitat:1.00/0.46;medical_bay:1.00/0.36;security:0.30/0.00"
the_ark_run,preservers,combat,first-choice,50,10,30,10,0,0,0.8388,0.7392,103,0,0.0000,15,0.4439,0.4490,0.2459,0.4332,538.34,90,3017,2762,1673,2966,649,392,0,421,619,13,13,9741.66,83.94,331.52,"agriculture:1.00/0.70;education_culture:1.00/0.70;engineering_bay:1.00/0.70;life_support_habitat:1.00/0.70;medical_bay:1.00/0.70;security:1.00/0.70","agriculture:0.38/0.15;education_culture:0.51/0.07;engineering_bay:0.38/0.00;life_support_habitat:1.00/0.76;medical_bay:0.35/0.00;security:0.47/0.15"
the_ark_run,preservers,combat,objective-first,50,36,14,0,0,0,0.9308,0.9224,2250,10487,0.0000,16,0.4443,0.4495,0.3903,0.5245,331.98,0,3119,2687,2086,2921,572,448,0,170,0,0,0,26596.56,93.06,338.46,"agriculture:1.00/0.70;education_culture:1.00/0.70;engineering_bay:1.00/0.70;life_support_habitat:1.00/0.70;medical_bay:1.00/0.70;security:1.00/0.70","agriculture:0.05/0.00;education_culture:1.00/0.95;engineering_bay:0.00/0.20;life_support_habitat:1.00/0.48;medical_bay:1.00/0.44;security:0.39/0.00"
the_ark_run,preservers,fuel,conservative,50,42,8,0,0,0,0.9347,0.8173,6500,10275,0.8466,42,0.6969,0.6990,0.5687,0.5558,292.76,0,2868,2486,1959,0,2807,396,0,1389,1297,0,0,11502.98,93.48,320.00,"agriculture:1.00/0.70;education_culture:1.00/0.70;engineering_bay:1.00/0.70;life_support_habitat:1.00/0.70;medical_bay:1.00/0.70;security:1.00/0.70","agriculture:0.70/0.58;education_culture:1.00/0.89;engineering_bay:0.01/0.00;life_support_habitat:1.00/0.65;medical_bay:1.00/0.44;security:0.48/0.00"
the_ark_run,preservers,fuel,first-choice,50,14,33,3,0,0,0.8604,0.7581,2984,743,0.8444,25,0.4469,0.4700,0.5381,0.4195,500.06,91,3129,2574,1579,2761,602,384,0,299,826,3,3,10213.94,86.06,320.00,"agriculture:1.00/0.70;education_culture:1.00/0.70;engineering_bay:1.00/0.70;life_support_habitat:1.00/0.70;medical_bay:1.00/0.70;security:1.00/0.70","agriculture:0.45/0.42;education_culture:0.81/0.49;engineering_bay:0.30/0.00;life_support_habitat:1.00/0.64;medical_bay:0.34/0.00;security:0.45/0.00"
the_ark_run,preservers,fuel,objective-first,50,36,14,0,0,0,0.9250,0.9276,6500,11037,0.8473,110,0.4469,0.4495,0.5910,0.4747,357.40,0,3261,2385,1890,2722,501,390,0,87,0,0,0,28462.38,92.54,320.00,"agriculture:1.00/0.70;education_culture:1.00/0.70;engineering_bay:1.00/0.70;life_support_habitat:1.00/0.70;medical_bay:1.00/0.70;security:1.00/0.70","agriculture:0.04/0.00;education_culture:1.00/0.93;engineering_bay:0.00/0.20;life_support_habitat:1.00/0.68;medical_bay:1.00/0.44;security:0.38/0.00"
the_ark_run,preservers,speed,conservative,50,40,10,0,0,0,0.9267,0.7892,3750,10732,0.0000,9,0.6940,0.6975,0.3899,0.5189,299.44,0,2997,2527,1928,0,2863,418,0,1712,1648,0,0,11142.40,92.68,327.64,"agriculture:1.00/0.70;education_culture:1.00/0.70;engineering_bay:1.00/0.70;life_support_habitat:1.00/0.70;medical_bay:1.00/0.70;security:1.00/0.70","agriculture:0.74/0.33;education_culture:1.00/0.89;engineering_bay:0.23/0.20;life_support_habitat:1.00/0.47;medical_bay:1.00/0.33;security:0.29/0.00"
the_ark_run,preservers,speed,first-choice,50,13,34,3,0,0,0.8548,0.7466,2599,431,0.0000,12,0.4456,0.4490,0.4350,0.3533,497.28,91,3283,2652,1583,2800,589,400,0,510,1164,2,2,10377.54,85.48,328.34,"agriculture:1.00/0.70;education_culture:1.00/0.70;engineering_bay:1.00/0.70;life_support_habitat:1.00/0.70;medical_bay:1.00/0.70;security:1.00/0.70","agriculture:0.47/0.63;education_culture:0.67/0.26;engineering_bay:0.32/0.00;life_support_habitat:1.00/0.63;medical_bay:0.14/0.00;security:0.12/0.00"
the_ark_run,preservers,speed,objective-first,50,35,15,0,0,0,0.9228,0.9137,3750,10951,0.0000,0,0.4438,0.4495,0.4574,0.5557,367.38,0,3462,2540,1959,2764,496,421,0,142,0,0,0,32831.02,92.30,334.10,"agriculture:1.00/0.70;education_culture:1.00/0.70;engineering_bay:1.00/0.70;life_support_habitat:1.00/0.70;medical_bay:1.00/0.70;security:1.00/0.70","agriculture:0.23/0.00;education_culture:1.00/0.83;engineering_bay:0.00/0.00;life_support_habitat:1.00/0.51;medical_bay:1.00/0.39;security:0.32/0.00"
the_ark_run,preservers,starter,conservative,50,38,12,0,0,0,0.9303,0.8070,7770,10985,0.0000,0,0.6955,0.6975,0.5687,0.5087,293.72,0,2814,2480,2035,0,2913,396,0,1480,1727,0,0,11299.80,93.02,320.70,"agriculture:1.00/0.70;education_culture:1.00/0.70;engineering_bay:1.00/0.70;life_support_habitat:1.00/0.70;medical_bay:1.00/0.70;security:1.00/0.70","agriculture:0.75/0.58;education_culture:1.00/0.92;engineering_bay:0.72/0.53;life_support_habitat:1.00/0.60;medical_bay:1.00/0.54;security:0.20/0.00"
the_ark_run,preservers,starter,first-choice,50,9,32,9,0,0,0.8248,0.7531,4273,440,0.0000,0,0.4446,0.4350,0.4047,0.4197,613.44,97,3450,2713,1617,2736,570,393,0,491,1238,2,2,10356.26,82.52,333.60,"agriculture:1.00/0.70;education_culture:1.00/0.70;engineering_bay:1.00/0.70;life_support_habitat:1.00/0.70;medical_bay:1.00/0.70;security:1.00/0.70","agriculture:0.35/0.00;education_culture:0.44/0.00;engineering_bay:0.00/0.20;life_support_habitat:1.00/0.50;medical_bay:0.25/0.00;security:0.36/0.00"
the_ark_run,preservers,starter,objective-first,50,36,14,0,0,0,0.9241,0.9241,9500,10951,0.0000,0,0.4438,0.4495,0.5236,0.5557,362.86,0,3455,2551,1964,2749,496,423,0,143,0,0,0,33428.62,92.44,334.10,"agriculture:1.00/0.70;education_culture:1.00/0.70;engineering_bay:1.00/0.70;life_support_habitat:1.00/0.70;medical_bay:1.00/0.70;security:1.00/0.70","agriculture:0.23/0.00;education_culture:1.00/0.83;engineering_bay:0.00/0.00;life_support_habitat:1.00/0.51;medical_bay:1.00/0.39;security:0.32/0.00"
the_ark_run,wanderers,cargo,conservative,50,45,5,0,0,0,0.9372,0.8468,3340,10683,0.0000,21,0.6942,0.6975,0.5397,0.5519,308.66,0,2951,2665,2014,0,2909,410,0,1407,1114,0,0,11847.18,93.74,327.66,"agriculture:1.00/0.70;education_culture:1.00/0.70;engineering_bay:1.00/0.70;life_support_habitat:1.00/0.70;medical_bay:1.00/0.70;security:1.00/0.70","agriculture:0.75/0.58;education_culture:1.00/0.98;engineering_bay:0.56/0.40;life_support_habitat:1.00/0.53;medical_bay:1.00/0.44;security:0.42/0.00"
the_ark_run,wanderers,cargo,first-choice,50,12,33,5,0,0,0.8460,0.7737,0,298,0.0000,22,0.4450,0.4490,0.3966,0.5295,567.16,92,3564,2652,1635,2791,599,409,0,467,903,9,9,10193.26,84.58,332.08,"agriculture:1.00/0.70;education_culture:1.00/0.70;engineering_bay:1.00/0.70;life_support_habitat:1.00/0.70;medical_bay:1.00/0.70;security:1.00/0.70","agriculture:0.49/0.22;education_culture:0.47/0.00;engineering_bay:0.36/0.00;life_support_habitat:1.00/0.46;medical_bay:0.66/0.00;security:0.39/0.00"
the_ark_run,wanderers,cargo,objective-first,50,34,16,0,0,0,0.9117,0.9569,3340,10700,0.0000,31,0.4437,0.4495,0.4793,0.5519,405.54,0,3473,2546,2036,2808,504,393,0,158,0,0,0,27356.94,91.14,335.14,"agriculture:1.00/0.70;education_culture:1.00/0.70;engineering_bay:1.00/0.70;life_support_habitat:1.00/0.70;medical_bay:1.00/0.70;security:1.00/0.70","agriculture:0.52/0.00;education_culture:1.00/0.86;engineering_bay:0.00/0.00;life_support_habitat:1.00/0.46;medical_bay:1.00/0.36;security:0.40/0.00"
the_ark_run,wanderers,combat,conservative,50,37,13,0,0,0,0.9327,0.8046,2340,10851,0.0000,0,0.6944,0.6975,0.3350,0.3825,290.48,0,2582,2828,2211,0,3063,409,0,1487,1167,0,0,11333.06,93.32,329.72,"agriculture:1.00/0.70;education_culture:1.00/0.70;engineering_bay:1.00/0.70;life_support_habitat:1.00/0.70;medical_bay:1.00/0.70;security:1.00/0.70","agriculture:0.74/0.43;education_culture:1.00/0.97;engineering_bay:0.65/0.25;life_support_habitat:1.00/0.51;medical_bay:1.00/0.55;security:0.07/0.00"
the_ark_run,wanderers,combat,first-choice,50,13,31,6,0,0,0.8478,0.7463,721,0,0.0000,40,0.4439,0.4495,0.4245,0.5252,515.98,92,3016,2761,1694,2887,608,406,0,456,965,10,10,9666.74,84.78,329.54,"agriculture:1.00/0.70;education_culture:1.00/0.70;engineering_bay:1.00/0.70;life_support_habitat:1.00/0.70;medical_bay:1.00/0.70;security:1.00/0.70","agriculture:0.36/0.03;education_culture:0.87/0.30;engineering_bay:0.34/0.20;life_support_habitat:1.00/0.56;medical_bay:0.27/0.00;security:0.31/0.00"
the_ark_run,wanderers,combat,objective-first,50,36,14,0,0,0,0.9246,0.9237,2340,10810,0.0000,16,0.4437,0.4495,0.5208,0.4728,360.42,0,3100,2746,2087,2818,519,407,0,146,0,0,0,26925.60,92.54,331.14,"agriculture:1.00/0.70;education_culture:1.00/0.70;engineering_bay:1.00/0.70;life_support_habitat:1.00/0.70;medical_bay:1.00/0.70;security:1.00/0.70","agriculture:0.02/0.00;education_culture:1.00/0.73;engineering_bay:0.00/0.00;life_support_habitat:1.00/0.31;medical_bay:1.00/0.38;security:0.38/0.00"
the_ark_run,wanderers,fuel,conservative,50,42,8,0,0,0,0.9304,0.8188,6585,10975,0.8531,43,0.6969,0.6990,0.5397,0.5519,313.02,0,2865,2582,1957,0,2829,389,0,1379,1209,0,0,11473.48,93.02,320.00,"agriculture:1.00/0.70;education_culture:1.00/0.70;engineering_bay:1.00/0.70;life_support_habitat:1.00/0.70;medical_bay:1.00/0.70;security:1.00/0.70","agriculture:0.65/0.28;education_culture:1.00/0.95;engineering_bay:0.00/0.00;life_support_habitat:1.00/0.60;medical_bay:1.00/0.44;security:0.45/0.00"
the_ark_run,wanderers,fuel,first-choice,50,16,29,5,0,0,0.8559,0.7619,845,585,0.8500,21,0.4469,0.4700,0.5066,0.5260,510.32,89,3246,2534,1587,2757,591,369,0,365,978,5,5,9620.38,85.62,320.00,"agriculture:1.00/0.70;education_culture:1.00/0.70;engineering_bay:1.00/0.70;life_support_habitat:1.00/0.70;medical_bay:1.00/0.70;security:1.00/0.70","agriculture:0.37/0.07;education_culture:0.47/0.04;engineering_bay:0.02/0.00;life_support_habitat:1.00/0.65;medical_bay:0.54/0.00;security:0.15/0.00"
the_ark_run,wanderers,fuel,objective-first,50,30,20,0,0,0,0.9082,0.9330,6585,10663,0.8404,57,0.4470,0.4495,0.5397,0.5519,417.74,0,3191,2411,1906,2718,489,383,0,82,0,0,0,28266.16,90.84,320.00,"agriculture:1.00/0.70;education_culture:1.00/0.70;engineering_bay:1.00/0.70;life_support_habitat:1.00/0.70;medical_bay:1.00/0.70;security:1.00/0.70","agriculture:0.33/0.00;education_culture:1.00/0.90;engineering_bay:0.00/0.00;life_support_habitat:1.00/0.63;medical_bay:1.00/0.44;security:0.44/0.00"
the_ark_run,wanderers,speed,conservative,50,37,13,0,0,0,0.9188,0.8019,3855,11205,0.0000,0,0.6830,0.6975,0.5397,0.5494,336.40,0,2911,2592,1972,0,2824,409,0,1564,1570,0,0,11281.98,91.84,324.52,"agriculture:1.00/0.70;education_culture:1.00/0.70;engineering_bay:1.00/0.70;life_support_habitat:1.00/0.70;medical_bay:1.00/0.70;security:1.00/0.70","agriculture:0.74/0.38;education_culture:1.00/0.87;engineering_bay:0.66/0.08;life_support_habitat:1.00/0.53;medical_bay:1.00/0.47;security:0.69/0.15"
the_ark_run,wanderers,speed,first-choice,50,9,30,11,0,0,0.8220,0.7451,1257,510,0.0000,0,0.4446,0.4490,0.5381,0.5295,607.08,93,3467,2667,1604,2763,588,406,0,587,1311,7,7,9886.42,82.18,329.26,"agriculture:1.00/0.70;education_culture:1.00/0.70;engineering_bay:1.00/0.70;life_support_habitat:1.00/0.70;medical_bay:1.00/0.70;security:1.00/0.70","agriculture:0.47/0.36;education_culture:0.57/0.37;engineering_bay:0.29/0.09;life_support_habitat:1.00/0.62;medical_bay:0.34/0.00;security:0.40/0.00"
the_ark_run,wanderers,speed,objective-first,50,31,19,0,0,0,0.9086,0.9206,3855,10700,0.0000,15,0.4437,0.4495,0.4793,0.5519,416.10,0,3427,2571,1992,2798,495,399,0,159,0,0,0,32405.60,90.86,335.08,"agriculture:1.00/0.70;education_culture:1.00/0.70;engineering_bay:1.00/0.70;life_support_habitat:1.00/0.70;medical_bay:1.00/0.70;security:1.00/0.70","agriculture:0.16/0.00;education_culture:1.00/0.77;engineering_bay:0.00/0.00;life_support_habitat:1.00/0.46;medical_bay:1.00/0.36;security:0.40/0.00"
the_ark_run,wanderers,starter,conservative,50,42,8,0,0,0,0.9354,0.8176,7520,9747,0.0000,0,0.6941,0.6985,0.5902,0.5519,298.20,0,2712,2609,2000,0,2839,375,0,1514,1667,0,0,11463.52,93.52,321.66,"agriculture:1.00/0.70;education_culture:1.00/0.70;engineering_bay:1.00/0.70;life_support_habitat:1.00/0.70;medical_bay:1.00/0.70;security:1.00/0.70","agriculture:0.71/0.48;education_culture:1.00/0.95;engineering_bay:0.00/0.00;life_support_habitat:1.00/0.48;medical_bay:1.00/0.44;security:0.44/0.00"
the_ark_run,wanderers,starter,first-choice,50,10,38,2,0,0,0.8476,0.7586,28,0,0.0000,24,0.4443,0.4495,0.5381,0.4572,545.60,97,3290,2663,1629,2781,583,411,0,433,1411,9,9,9728.86,84.76,326.82,"agriculture:1.00/0.70;education_culture:1.00/0.70;engineering_bay:1.00/0.70;life_support_habitat:1.00/0.70;medical_bay:1.00/0.70;security:1.00/0.70","agriculture:0.34/0.07;education_culture:0.45/0.04;engineering_bay:0.23/0.00;life_support_habitat:1.00/0.35;medical_bay:0.31/0.00;security:0.40/0.00"
the_ark_run,wanderers,starter,objective-first,50,34,16,0,0,0,0.9108,0.9389,9590,10344,0.0000,17,0.4437,0.4495,0.4793,0.5519,408.50,0,3440,2568,2002,2783,502,403,0,153,0,0,0,33226.70,91.06,334.10,"agriculture:1.00/0.70;education_culture:1.00/0.70;engineering_bay:1.00/0.70;life_support_habitat:1.00/0.70;medical_bay:1.00/0.70;security:1.00/0.70","agriculture:0.16/0.00;education_culture:1.00/0.77;engineering_bay:0.00/0.00;life_support_habitat:1.00/0.46;medical_bay:1.00/0.36;security:0.40/0.00"
the_deep_camp,adaptors,cargo,conservative,50,43,7,0,0,0,0.9302,1.0000,3251,10554,0.4685,0,0.3874,0.5930,0.6478,0.5567,385.64,0,3963,3782,3092,0,4325,630,0,2461,1824,0,0,26117.32,93.06,480.00,"agriculture:1.00/0.70;education_culture:1.00/0.70;engineering_bay:1.00/0.70;life_support_habitat:1.00/0.70;medical_bay:1.00/0.70;security:1.00/0.70","agriculture:0.75/0.43;education_culture:1.00/0.85;engineering_bay:0.00/0.00;life_support_habitat:1.00/0.25;medical_bay:1.00/0.49;security:0.24/0.15"
the_deep_camp,adaptors,cargo,first-choice,50,9,40,1,0,0,0.8427,1.0000,43,0,0.2218,0,0.2602,0.3515,0.0493,0.3982,588.00,100,4698,3660,2177,4163,887,608,0,881,1054,7,7,25623.14,84.30,480.00,"agriculture:1.00/0.70;education_culture:1.00/0.70;engineering_bay:1.00/0.70;life_support_habitat:1.00/0.70;medical_bay:1.00/0.70;security:1.00/0.70","agriculture:0.13/0.00;education_culture:0.40/0.00;engineering_bay:0.32/0.00;life_support_habitat:1.00/0.40;medical_bay:0.32/0.00;security:0.41/0.00"
the_deep_camp,adaptors,cargo,objective-first,50,4,46,0,0,0,0.8529,1.0000,3251,9252,0.4685,9,0.4469,0.4490,0.3520,0.1978,572.12,0,4822,3465,2955,4005,767,635,0,283,0,0,0,47884.12,85.20,480.00,"agriculture:1.00/0.70;education_culture:1.00/0.70;engineering_bay:1.00/0.70;life_support_habitat:1.00/0.70;medical_bay:1.00/0.70;security:1.00/0.70","agriculture:0.09/0.00;education_culture:1.00/0.88;engineering_bay:0.00/0.00;life_support_habitat:1.00/0.28;medical_bay:0.96/0.19;security:0.44/0.00"
the_deep_camp,adaptors,combat,conservative,50,36,14,0,0,0,0.9247,1.0000,2251,10527,0.4685,0,0.4359,0.5920,0.6478,0.5567,402.74,0,3943,3725,3097,0,4433,641,0,2473,1757,0,0,26247.52,92.46,480.00,"agriculture:1.00/0.70;education_culture:1.00/0.70;engineering_bay:1.00/0.70;life_support_habitat:1.00/0.70;medical_bay:1.00/0.70;security:1.00/0.70","agriculture:0.74/0.35;education_culture:1.00/0.88;engineering_bay:0.17/0.00;life_support_habitat:1.00/0.23;medical_bay:1.00/0.19;security:0.26/0.00"
the_deep_camp,adaptors,combat,first-choice,50,6,41,3,0,0,0.8411,1.0000,403,0,0.2218,0,0.3464,0.4120,0.4961,0.3982,598.28,100,4580,3662,2197,4233,837,612,0,901,1010,8,8,25645.16,84.12,480.00,"agriculture:1.00/0.70;education_culture:1.00/0.70;engineering_bay:1.00/0.70;life_support_habitat:1.00/0.70;medical_bay:1.00/0.70;security:1.00/0.70","agriculture:0.45/0.15;education_culture:0.45/0.14;engineering_bay:0.16/0.00;life_support_habitat:1.00/0.66;medical_bay:0.08/0.00;security:0.00/0.00"
the_deep_camp,adaptors,combat,objective-first,50,7,43,0,0,0,0.8502,1.0000,2251,10427,0.4685,0,0.3796,0.4490,0.4686,0.2534,574.74,0,4729,3449,3030,3978,757,635,0,300,0,0,0,46785.32,85.04,480.00,"agriculture:1.00/0.70;education_culture:1.00/0.70;engineering_bay:1.00/0.70;life_support_habitat:1.00/0.70;medical_bay:1.00/0.70;security:1.00/0.70","agriculture:0.23/0.00;education_culture:1.00/0.83;engineering_bay:0.00/0.00;life_support_habitat:1.00/0.38;medical_bay:1.00/0.19;security:0.00/0.00"
the_deep_camp,adaptors,fuel,conservative,50,41,9,0,0,0,0.9312,1.0000,6446,10932,0.8606,0,0.1301,0.6095,0.5758,0.5567,374.56,0,3886,3781,3184,0,4373,635,0,2438,1920,0,0,26032.12,93.10,480.00,"agriculture:1.00/0.70;education_culture:1.00/0.70;engineering_bay:1.00/0.70;life_support_habitat:1.00/0.70;medical_bay:1.00/0.70;security:1.00/0.70","agriculture:0.74/0.43;education_culture:1.00/0.82;engineering_bay:0.26/0.08;life_support_habitat:1.00/0.43;medical_bay:1.00/0.49;security:0.19/0.00"
the_deep_camp,adaptors,fuel,first-choice,50,15,33,2,0,0,0.8563,1.0000,0,0,0.8500,0,0.2107,0.3555,0.4232,0.4614,536.32,98,4772,3608,2261,4157,824,638,0,885,1089,20,20,25354.42,85.66,480.00,"agriculture:1.00/0.70;education_culture:1.00/0.70;engineering_bay:1.00/0.70;life_support_habitat:1.00/0.70;medical_bay:1.00/0.70;security:1.00/0.70","agriculture:0.47/0.36;education_culture:0.43/0.00;engineering_bay:0.19/0.00;life_support_habitat:1.00/0.30;medical_bay:0.37/0.00;security:0.03/0.00"
the_deep_camp,adaptors,fuel,objective-first,50,4,44,2,0,0,0.8427,1.0000,6446,9252,0.8606,0,0.3921,0.4490,0.5292,0.0380,593.06,0,4753,3434,2978,4027,763,630,0,292,0,0,0,48758.12,84.22,480.00,"agriculture:1.00/0.70;education_culture:1.00/0.70;engineering_bay:1.00/0.70;life_support_habitat:1.00/0.70;medical_bay:1.00/0.70;security:1.00/0.70","agriculture:0.27/0.00;education_culture:1.00/0.82;engineering_bay:0.00/0.00;life_support_habitat:1.00/0.38;medical_bay:1.00/0.19;security:0.21/0.00"
the_deep_camp,adaptors,speed,conservative,50,41,9,0,0,0,0.9373,1.0000,3916,10767,0.5164,0,0.5105,0.6145,0.6478,0.5463,366.92,0,3820,3717,3114,0,4366,618,0,2612,2494,0,0,26206.92,93.72,480.00,"agriculture:1.00/0.70;education_culture:1.00/0.70;engineering_bay:1.00/0.70;life_support_habitat:1.00/0.70;medical_bay:1.00/0.70;security:1.00/0.70","agriculture:0.72/0.53;education_culture:1.00/0.86;engineering_bay:0.73/0.48;life_support_habitat:1.00/0.47;medical_bay:1.00/0.29;security:0.34/0.00"
the_deep_camp,adaptors,speed,first-choice,50,10,36,4,0,0,0.8518,1.0000,115,0,0.2218,0,0.2756,0.4440,0.5106,0.3982,556.68,96,4628,3696,2175,4131,849,625,0,1040,1628,21,21,26048.94,85.14,480.00,"agriculture:1.00/0.70;education_culture:1.00/0.70;engineering_bay:1.00/0.70;life_support_habitat:1.00/0.70;medical_bay:1.00/0.70;security:1.00/0.70","agriculture:0.48/0.28;education_culture:0.47/0.00;engineering_bay:0.00/0.00;life_support_habitat:1.00/0.34;medical_bay:0.47/0.00;security:0.49/0.00"
the_deep_camp,adaptors,speed,objective-first,50,3,47,0,0,0,0.8515,1.0000,3916,9766,0.4685,23,0.4469,0.4495,0.3016,0.1834,572.46,0,4853,3554,2950,3936,762,625,0,281,0,0,0,55370.52,85.10,480.00,"agriculture:1.00/0.70;education_culture:1.00/0.70;engineering_bay:1.00/0.70;life_support_habitat:1.00/0.70;medical_bay:1.00/0.70;security:1.00/0.70","agriculture:0.27/0.00;education_culture:1.00/0.76;engineering_bay:0.01/0.00;life_support_habitat:1.00/0.28;medical_bay:1.00/0.19;security:0.06/0.00"
the_deep_camp,adaptors,starter,conservative,50,43,7,0,0,0,0.9347,1.0000,7510,10833,0.5849,0,0.5036,0.6055,0.6478,0.4945,374.46,0,3927,3699,3004,0,4441,621,0,2514,2465,0,0,26205.32,93.46,480.00,"agriculture:1.00/0.70;education_culture:1.00/0.70;engineering_bay:1.00/0.70;life_support_habitat:1.00/0.70;medical_bay:1.00/0.70;security:1.00/0.70","agriculture:0.73/0.43;education_culture:1.00/0.85;engineering_bay:0.08/0.00;life_support_habitat:1.00/0.62;medical_bay:1.00/0.32;security:0.72/0.45"
the_deep_camp,adaptors,starter,first-choice,50,15,32,3,0,0,0.8494,1.0000,550,12,0.2466,0,0.3722,0.4255,0.3374,0.4614,561.10,99,4628,3749,2155,4161,861,620,0,913,1590,6,6,25872.00,84.92,480.00,"agriculture:1.00/0.70;education_culture:1.00/0.70;engineering_bay:1.00/0.70;life_support_habitat:1.00/0.70;medical_bay:1.00/0.70;security:1.00/0.70","agriculture:0.32/0.10;education_culture:0.46/0.00;engineering_bay:0.13/0.35;life_support_habitat:1.00/0.37;medical_bay:0.34/0.00;security:0.53/0.00"
the_deep_camp,adaptors,starter,objective-first,50,2,48,0,0,0,0.8516,1.0000,9501,9766,0.4685,0,0.4469,0.4210,0.6248,0.4197,567.56,0,4831,3490,2969,3960,772,635,0,285,0,0,0,53589.72,85.12,480.00,"agriculture:1.00/0.70;education_culture:1.00/0.70;engineering_bay:1.00/0.70;life_support_habitat:1.00/0.70;medical_bay:1.00/0.70;security:1.00/0.70","agriculture:0.00/0.00;education_culture:1.00/0.72;engineering_bay:0.03/0.00;life_support_habitat:1.00/0.33;medical_bay:1.00/0.49;security:0.10/0.00"
the_deep_camp,preservers,cargo,conservative,50,39,11,0,0,0,0.9241,1.0000,3517,10585,0.6619,0,0.4210,0.5885,0.5690,0.4633,411.88,0,4042,3817,3032,0,4333,621,0,2472,1893,0,0,26101.90,92.44,480.00,"agriculture:1.00/0.70;education_culture:1.00/0.70;engineering_bay:1.00/0.70;life_support_habitat:1.00/0.70;medical_bay:1.00/0.70;security:1.00/0.70","agriculture:0.75/0.43;education_culture:1.00/0.85;engineering_bay:0.03/0.05;life_support_habitat:1.00/0.40;medical_bay:1.00/0.22;security:0.52/0.00"
the_deep_camp,preservers,cargo,first-choice,50,16,33,1,0,0,0.8592,1.0000,317,0,0.4804,0,0.2423,0.4005,0.4251,0.2182,510.50,100,4620,3564,2233,4176,843,630,0,883,1099,13,13,25916.92,85.94,480.00,"agriculture:1.00/0.70;education_culture:1.00/0.70;engineering_bay:1.00/0.70;life_support_habitat:1.00/0.70;medical_bay:1.00/0.70;security:1.00/0.70","agriculture:0.48/0.31;education_culture:0.53/0.00;engineering_bay:0.00/0.00;life_support_habitat:1.00/0.36;medical_bay:0.34/0.00;security:0.15/0.00"
the_deep_camp,preservers,cargo,objective-first,50,6,44,0,0,0,0.8570,1.0000,3517,8735,0.6524,9,0.4469,0.4490,0.6068,0.3901,545.18,0,4710,3577,2983,4013,744,616,0,293,0,0,0,47721.30,85.72,480.00,"agriculture:1.00/0.70;education_culture:1.00/0.70;engineering_bay:1.00/0.70;life_support_habitat:1.00/0.70;medical_bay:1.00/0.70;security:1.00/0.70","agriculture:0.12/0.45;education_culture:1.00/0.85;engineering_bay:0.00/0.00;life_support_habitat:1.00/0.28;medical_bay:1.00/0.22;security:0.25/0.00"
the_deep_camp,preservers,combat,conservative,50,41,9,0,0,0,0.9286,1.0000,2517,10585,0.6607,0,0.5072,0.6295,0.5308,0.4540,396.94,0,3932,3736,3106,0,4319,625,0,2501,1797,0,0,26135.50,92.78,480.00,"agriculture:1.00/0.70;education_culture:1.00/0.70;engineering_bay:1.00/0.70;life_support_habitat:1.00/0.70;medical_bay:1.00/0.70;security:1.00/0.70","agriculture:0.73/0.55;education_culture:1.00/0.85;engineering_bay:0.03/0.00;life_support_habitat:1.00/0.35;medical_bay:1.00/0.55;security:0.00/0.00"
the_deep_camp,preservers,combat,first-choice,50,13,37,0,0,0,0.8588,1.0000,0,0,0.4804,0,0.3461,0.3870,0.0000,0.0335,525.52,99,4579,3551,2286,4268,855,612,0,921,1000,15,15,25610.70,85.88,480.00,"agriculture:1.00/0.70;education_culture:1.00/0.70;engineering_bay:1.00/0.70;life_support_habitat:1.00/0.70;medical_bay:1.00/0.70;security:1.00/0.70","agriculture:0.46/0.43;education_culture:0.45/0.00;engineering_bay:0.00/0.35;life_support_habitat:1.00/0.39;medical_bay:0.32/0.00;security:0.17/0.00"
the_deep_camp,preservers,combat,objective-first,50,5,44,1,0,0,0.8514,1.0000,2517,8095,0.6524,0,0.4469,0.4210,0.3028,0.2955,561.30,0,4731,3541,3052,4031,725,623,0,292,0,0,0,46856.70,85.10,480.00,"agriculture:1.00/0.70;education_culture:1.00/0.70;engineering_bay:1.00/0.70;life_support_habitat:1.00/0.70;medical_bay:1.00/0.70;security:1.00/0.70","agriculture:0.04/0.00;education_culture:1.00/0.68;engineering_bay:0.04/0.00;life_support_habitat:1.00/0.33;medical_bay:1.00/0.52;security:0.20/0.00"
the_deep_camp,preservers,fuel,conservative,50,42,8,0,0,0,0.9357,1.0000,6752,10591,0.8538,0,0.5295,0.6360,0.6478,0.4875,369.00,0,3914,3843,3034,0,4323,620,0,2440,1975,0,0,26078.50,93.52,480.00,"agriculture:1.00/0.70;education_culture:1.00/0.70;engineering_bay:1.00/0.70;life_support_habitat:1.00/0.70;medical_bay:1.00/0.70;security:1.00/0.70","agriculture:0.71/0.43;education_culture:1.00/0.85;engineering_bay:0.11/0.00;life_support_habitat:1.00/0.28;medical_bay:0.99/0.19;security:0.00/0.00"
the_deep_camp,preservers,fuel,first-choice,50,15,32,3,0,0,0.8482,1.0000,65,0,0.8500,0,0.2028,0.3665,0.1732,0.4246,578.52,99,4631,3582,2184,4140,825,627,0,925,1192,8,8,25676.30,84.90,480.00,"agriculture:1.00/0.70;education_culture:1.00/0.70;engineering_bay:1.00/0.70;life_support_habitat:1.00/0.70;medical_bay:1.00/0.70;security:1.00/0.70","agriculture:0.50/0.37;education_culture:0.86/0.24;engineering_bay:0.34/0.01;life_support_habitat:1.00/0.62;medical_bay:0.16/0.00;security:0.51/0.15"
the_deep_camp,preservers,fuel,objective-first,50,6,43,1,0,0,0.8561,1.0000,6752,8095,0.8538,3,0.4469,0.4490,0.3028,0.2955,548.98,0,4757,3544,3058,4002,728,614,0,294,0,0,0,49021.90,85.58,480.00,"agriculture:1.00/0.70;education_culture:1.00/0.70;engineering_bay:1.00/0.70;life_support_habitat:1.00/0.70;medical_bay:1.00/0.70;security:1.00/0.70","agriculture:0.58/0.00;education_culture:1.00/0.73;engineering_bay:0.03/0.00;life_support_habitat:1.00/0.33;medical_bay:1.00/0.22;security:0.00/0.00"
the_deep_camp,preservers,speed,conservative,50,42,8,0,0,0,0.9318,1.0000,4062,10587,0.6800,0,0.5186,0.5965,0.6478,0.4929,388.38,0,3942,3758,3056,0,4378,599,0,2622,2597,0,0,26148.90,93.20,480.00,"agriculture:1.00/0.70;education_culture:1.00/0.70;engineering_bay:1.00/0.70;life_support_habitat:1.00/0.70;medical_bay:1.00/0.70;security:1.00/0.70","agriculture:0.75/0.53;education_culture:1.00/0.82;engineering_bay:0.40/0.35;life_support_habitat:1.00/0.49;medical_bay:1.00/0.32;security:0.71/0.45"
the_deep_camp,preservers,speed,first-choice,50,13,34,3,0,0,0.8592,1.0000,97,0,0.4804,0,0.2789,0.4230,0.0000,0.4395,522.40,97,4635,3565,2293,4238,851,614,0,1103,1726,17,17,25595.20,86.00,480.00,"agriculture:1.00/0.70;education_culture:1.00/0.70;engineering_bay:1.00/0.70;life_support_habitat:1.00/0.70;medical_bay:1.00/0.70;security:1.00/0.70","agriculture:0.46/0.33;education_culture:0.51/0.31;engineering_bay:0.00/0.35;life_support_habitat:1.00/0.38;medical_bay:0.29/0.00;security:0.53/0.00"
the_deep_camp,preservers,speed,objective-first,50,6,44,0,0,0,0.8568,1.0000,4062,8369,0.6524,1,0.4469,0.4490,0.3028,0.4914,543.68,0,4798,3529,2976,4010,726,610,0,294,0,0,0,55465.70,85.76,480.00,"agriculture:1.00/0.70;education_culture:1.00/0.70;engineering_bay:1.00/0.70;life_support_habitat:1.00/0.70;medical_bay:1.00/0.70;security:1.00/0.70","agriculture:0.00/0.00;education_culture:1.00/0.67;engineering_bay:0.00/0.35;life_support_habitat:1.00/0.28;medical_bay:1.00/0.22;security:0.44/0.00"
the_deep_camp,preservers,starter,conservative,50,38,12,0,0,0,0.9321,1.0000,7482,10886,0.7597,0,0.5337,0.6270,0.6478,0.5424,386.28,0,3826,3820,3202,0,4404,619,0,2562,2400,0,0,26154.70,93.20,480.00,"agriculture:1.00/0.70;education_culture:1.00/0.70;engineering_bay:1.00/0.70;life_support_habitat:1.00/0.70;medical_bay:1.00/0.70;security:1.00/0.70","agriculture:0.73/0.43;education_culture:1.00/0.78;engineering_bay:0.11/0.00;life_support_habitat:1.00/0.32;medical_bay:1.00/0.49;security:0.72/0.15"
the_deep_camp,preservers,starter,first-choice,50,13,33,4,0,0,0.8499,1.0000,1834,539,0.3361,0,0.2793,0.3340,0.0000,0.4323,550.82,99,4587,3731,2292,4154,856,644,0,956,1652,3,3,25748.06,85.00,480.00,"agriculture:1.00/0.70;education_culture:1.00/0.70;engineering_bay:1.00/0.70;life_support_habitat:1.00/0.70;medical_bay:1.00/0.70;security:1.00/0.70","agriculture:0.45/0.24;education_culture:0.16/0.35;engineering_bay:0.00/0.00;life_support_habitat:1.00/0.50;medical_bay:0.00/0.00;security:0.49/0.00"
the_deep_camp,preservers,starter,objective-first,50,3,46,1,0,0,0.8540,1.0000,9767,8095,0.6524,31,0.4469,0.4490,0.6478,0.3341,559.98,0,4768,3532,2995,3973,749,602,0,311,0,0,0,53903.70,85.40,480.00,"agriculture:1.00/0.70;education_culture:1.00/0.70;engineering_bay:1.00/0.70;life_support_habitat:1.00/0.70;medical_bay:1.00/0.70;security:1.00/0.70","agriculture:0.28/0.00;education_culture:1.00/0.88;engineering_bay:0.00/0.00;life_support_habitat:1.00/0.38;medical_bay:1.00/0.22;security:0.06/0.00"
the_deep_camp,wanderers,cargo,conservative,50,37,13,0,0,0,0.9204,1.0000,3517,10331,0.5604,0,0.6242,0.6415,0.6110,0.5524,437.30,0,4010,3784,3110,0,4348,643,0,2422,1775,0,0,25825.86,92.00,480.00,"agriculture:1.00/0.70;education_culture:1.00/0.70;engineering_bay:1.00/0.70;life_support_habitat:1.00/0.70;medical_bay:1.00/0.70;security:1.00/0.70","agriculture:0.74/0.45;education_culture:1.00/0.85;engineering_bay:0.42/0.00;life_support_habitat:1.00/0.37;medical_bay:1.00/0.22;security:0.55/0.00"
the_deep_camp,wanderers,cargo,first-choice,50,9,38,3,0,0,0.8391,1.0000,0,0,0.6093,0,0.2552,0.3575,0.6017,0.4943,590.06,97,4601,3648,2296,4106,875,602,0,939,1288,7,7,25861.76,83.90,480.00,"agriculture:1.00/0.70;education_culture:1.00/0.70;engineering_bay:1.00/0.70;life_support_habitat:1.00/0.70;medical_bay:1.00/0.70;security:1.00/0.70","agriculture:0.41/0.08;education_culture:0.86/0.31;engineering_bay:0.36/0.00;life_support_habitat:1.00/0.59;medical_bay:0.41/0.30;security:0.36/0.00"
the_deep_camp,wanderers,cargo,objective-first,50,5,44,1,0,0,0.8366,1.0000,3517,9845,0.4397,0,0.3243,0.4365,0.5580,0.4863,632.46,2,4788,3617,3026,3898,715,593,0,284,0,0,0,46711.26,83.68,480.00,"agriculture:1.00/0.70;education_culture:1.00/0.70;engineering_bay:1.00/0.70;life_support_habitat:1.00/0.70;medical_bay:1.00/0.70;security:1.00/0.70","agriculture:0.00/0.00;education_culture:1.00/0.51;engineering_bay:0.00/0.15;life_support_habitat:1.00/0.38;medical_bay:1.00/0.52;security:0.39/0.00"
the_deep_camp,wanderers,combat,conservative,50,29,21,0,0,0,0.9094,1.0000,2517,10450,0.5599,0,0.5115,0.6215,0.6036,0.5524,486.84,0,3995,3823,3163,0,4288,637,0,2508,1674,0,0,25982.86,90.84,480.00,"agriculture:1.00/0.70;education_culture:1.00/0.70;engineering_bay:1.00/0.70;life_support_habitat:1.00/0.70;medical_bay:1.00/0.70;security:1.00/0.70","agriculture:0.72/0.45;education_culture:1.00/0.80;engineering_bay:0.57/0.25;life_support_habitat:1.00/0.53;medical_bay:1.00/0.22;security:0.20/0.00"
the_deep_camp,wanderers,combat,first-choice,50,7,41,2,0,0,0.8365,1.0000,1266,558,0.6128,0,0.2481,0.4110,0.2484,0.4943,620.80,99,4745,3652,2265,4149,835,626,0,983,1404,7,7,25665.96,83.66,480.00,"agriculture:1.00/0.70;education_culture:1.00/0.70;engineering_bay:1.00/0.70;life_support_habitat:1.00/0.70;medical_bay:1.00/0.70;security:1.00/0.70","agriculture:0.46/0.41;education_culture:0.80/0.40;engineering_bay:0.00/0.00;life_support_habitat:1.00/0.50;medical_bay:0.41/0.00;security:0.31/0.00"
the_deep_camp,wanderers,combat,objective-first,50,3,46,1,0,0,0.8341,1.0000,2517,10581,0.4397,0,0.3599,0.4280,0.5076,0.3937,645.48,0,4778,3611,3012,3934,690,615,0,292,0,0,0,45468.66,83.50,480.00,"agriculture:1.00/0.70;education_culture:1.00/0.70;engineering_bay:1.00/0.70;life_support_habitat:1.00/0.70;medical_bay:1.00/0.70;security:1.00/0.70","agriculture:0.09/0.00;education_culture:1.00/0.45;engineering_bay:0.00/0.20;life_support_habitat:1.00/0.33;medical_bay:1.00/0.22;security:0.09/0.00"
the_deep_camp,wanderers,fuel,conservative,50,37,13,0,0,0,0.9167,1.0000,6731,10942,0.8539,0,0.4840,0.5735,0.6110,0.4703,454.78,0,3944,3775,3158,0,4340,621,0,2484,1891,0,0,25867.86,91.66,480.00,"agriculture:1.00/0.70;education_culture:1.00/0.70;engineering_bay:1.00/0.70;life_support_habitat:1.00/0.70;medical_bay:1.00/0.70;security:1.00/0.70","agriculture:0.71/0.43;education_culture:1.00/0.84;engineering_bay:0.28/0.05;life_support_habitat:1.00/0.25;medical_bay:1.00/0.19;security:0.00/0.00"
the_deep_camp,wanderers,fuel,first-choice,50,4,41,5,0,0,0.8217,1.0000,0,0,0.8500,0,0.2470,0.4440,0.0664,0.4383,677.16,100,4707,3698,2256,4140,851,615,0,865,1422,13,13,25203.84,82.14,480.00,"agriculture:1.00/0.70;education_culture:1.00/0.70;engineering_bay:1.00/0.70;life_support_habitat:1.00/0.70;medical_bay:1.00/0.70;security:1.00/0.70","agriculture:0.24/0.00;education_culture:0.45/0.00;engineering_bay:0.22/0.00;life_support_habitat:1.00/0.55;medical_bay:0.02/0.00;security:0.53/0.15"
the_deep_camp,wanderers,fuel,objective-first,50,4,46,0,0,0,0.8353,1.0000,6752,10581,0.8538,0,0.4360,0.4490,0.5076,0.5145,647.96,2,4812,3583,3000,3958,691,612,0,291,0,0,0,47185.66,83.58,480.00,"agriculture:1.00/0.70;education_culture:1.00/0.70;engineering_bay:1.00/0.70;life_support_habitat:1.00/0.70;medical_bay:1.00/0.70;security:1.00/0.70","agriculture:0.09/0.00;education_culture:1.00/0.45;engineering_bay:0.00/0.20;life_support_habitat:1.00/0.33;medical_bay:1.00/0.22;security:0.09/0.00"
the_deep_camp,wanderers,speed,conservative,50,38,12,0,0,0,0.9198,1.0000,4062,10689,0.5604,0,0.5034,0.5860,0.6110,0.5524,435.42,0,4007,3698,3036,0,4368,648,0,2674,2473,0,0,26142.46,91.96,480.00,"agriculture:1.00/0.70;education_culture:1.00/0.70;engineering_bay:1.00/0.70;life_support_habitat:1.00/0.70;medical_bay:1.00/0.70;security:1.00/0.70","agriculture:0.75/0.43;education_culture:1.00/0.82;engineering_bay:0.70/0.40;life_support_habitat:1.00/0.55;medical_bay:1.00/0.39;security:0.00/0.00"
the_deep_camp,wanderers,speed,first-choice,50,7,40,3,0,0,0.8322,1.0000,85,16,0.6100,0,0.3428,0.4490,0.3711,0.2571,644.66,98,4645,3731,2330,4170,841,611,0,1085,1873,7,7,25860.60,83.20,480.00,"agriculture:1.00/0.70;education_culture:1.00/0.70;engineering_bay:1.00/0.70;life_support_habitat:1.00/0.70;medical_bay:1.00/0.70;security:1.00/0.70","agriculture:0.48/0.48;education_culture:0.42/0.06;engineering_bay:0.00/0.00;life_support_habitat:1.00/0.53;medical_bay:0.00/0.00;security:0.46/0.00"
the_deep_camp,wanderers,speed,objective-first,50,4,45,1,0,0,0.8413,1.0000,4062,10628,0.4397,0,0.4469,0.4490,0.5304,0.4834,617.36,2,4738,3566,2962,3959,720,628,0,286,0,0,0,54307.66,84.14,480.00,"agriculture:1.00/0.70;education_culture:1.00/0.70;engineering_bay:1.00/0.70;life_support_habitat:1.00/0.70;medical_bay:1.00/0.70;security:1.00/0.70","agriculture:0.00/0.15;education_culture:1.00/0.52;engineering_bay:0.00/0.15;life_support_habitat:1.00/0.53;medical_bay:0.98/0.25;security:0.12/0.00"
the_deep_camp,wanderers,starter,conservative,50,40,10,0,0,0,0.9265,1.0000,7396,11078,0.5991,0,0.5280,0.5860,0.6110,0.5525,407.12,0,3869,3833,3049,0,4291,626,0,2555,2373,0,0,25933.06,92.74,480.00,"agriculture:1.00/0.70;education_culture:1.00/0.70;engineering_bay:1.00/0.70;life_support_habitat:1.00/0.70;medical_bay:1.00/0.70;security:1.00/0.70","agriculture:0.71/0.43;education_culture:1.00/0.80;engineering_bay:0.65/0.00;life_support_habitat:1.00/0.63;medical_bay:0.99/0.29;security:0.00/0.00"
the_deep_camp,wanderers,starter,first-choice,50,10,37,3,0,0,0.8295,1.0000,54,0,0.5790,0,0.4154,0.4355,0.4524,0.4943,652.28,100,4654,3686,2248,4057,841,588,0,989,1856,14,14,25533.68,82.96,480.00,"agriculture:1.00/0.70;education_culture:1.00/0.70;engineering_bay:1.00/0.70;life_support_habitat:1.00/0.70;medical_bay:1.00/0.70;security:1.00/0.70","agriculture:0.41/0.13;education_culture:0.10/0.00;engineering_bay:0.20/0.00;life_support_habitat:1.00/0.50;medical_bay:0.28/0.00;security:0.52/0.00"
the_deep_camp,wanderers,starter,objective-first,50,2,48,0,0,0,0.8345,1.0000,9767,10581,0.4397,0,0.4469,0.4490,0.4784,0.4812,640.62,0,4800,3579,3047,4018,689,611,0,285,0,0,0,53213.06,83.44,480.00,"agriculture:1.00/0.70;education_culture:1.00/0.70;engineering_bay:1.00/0.70;life_support_habitat:1.00/0.70;medical_bay:1.00/0.70;security:1.00/0.70","agriculture:0.00/0.00;education_culture:1.00/0.69;engineering_bay:0.00/0.00;life_support_habitat:1.00/0.45;medical_bay:1.00/0.52;security:0.39/0.00"
the_far_crossing,adaptors,cargo,conservative,50,18,30,2,0,0,0.8707,1.0000,3251,11154,0.0000,0,0.3083,0.4930,0.4196,0.5269,417.04,0,4241,4061,3214,0,4579,665,0,3023,2347,0,0,42679.32,87.02,515.30,"agriculture:1.00/0.70;education_culture:1.00/0.70;engineering_bay:1.00/0.70;life_support_habitat:1.00/0.70;medical_bay:1.00/0.70;security:1.00/0.70","agriculture:0.70/0.53;education_culture:1.00/1.00;engineering_bay:0.34/0.00;life_support_habitat:1.00/0.63;medical_bay:1.00/0.38;security:0.44/0.00"
the_far_crossing,adaptors,cargo,first-choice,50,3,18,29,0,0,0.7245,0.9421,571,2,0.0000,0,0.1226,0.3260,0.1245,0.4614,557.08,100,4966,3874,2390,4301,825,682,8,1242,1520,7,7,39624.90,72.42,502.20,"agriculture:1.00/0.70;education_culture:1.00/0.70;engineering_bay:1.00/0.70;life_support_habitat:1.00/0.70;medical_bay:1.00/0.70;security:1.00/0.70","agriculture:0.48/0.56;education_culture:0.59/0.08;engineering_bay:0.00/0.35;life_support_habitat:1.00/0.42;medical_bay:0.23/0.00;security:0.42/0.00"
the_far_crossing,adaptors,cargo,objective-first,50,0,28,21,1,0,0.7464,0.9800,3251,10812,0.0000,0,0.2364,0.3540,0.4370,0.4346,592.04,0,5429,3899,3217,4374,777,663,0,537,0,0,0,69181.72,74.70,526.48,"agriculture:1.00/0.70;education_culture:1.00/0.70;engineering_bay:1.00/0.70;life_support_habitat:1.00/0.70;medical_bay:1.00/0.70;security:1.00/0.70","agriculture:0.00/0.30;education_culture:1.00/0.69;engineering_bay:0.00/0.00;life_support_habitat:1.00/0.56;medical_bay:1.00/0.49;security:0.36/0.00"
the_far_crossing,adaptors,combat,conservative,50,15,33,2,0,0,0.8692,1.0000,2251,11154,0.0000,0,0.3067,0.4410,0.4896,0.5567,412.22,0,4337,4123,3346,0,4676,680,0,3034,2245,0,0,42567.52,86.94,519.16,"agriculture:1.00/0.70;education_culture:1.00/0.70;engineering_bay:1.00/0.70;life_support_habitat:1.00/0.70;medical_bay:1.00/0.70;security:1.00/0.70","agriculture:0.73/0.63;education_culture:1.00/0.99;engineering_bay:0.69/0.35;life_support_habitat:1.00/0.60;medical_bay:1.00/0.38;security:0.60/0.00"
the_far_crossing,adaptors,combat,first-choice,50,4,13,33,0,0,0.7157,0.9580,2410,2,0.0000,0,0.1486,0.3400,0.5106,0.4614,594.62,99,5020,3926,2388,4282,897,648,7,1271,1453,4,4,40623.04,71.50,505.28,"agriculture:1.00/0.70;education_culture:1.00/0.70;engineering_bay:1.00/0.70;life_support_habitat:1.00/0.70;medical_bay:1.00/0.70;security:1.00/0.70","agriculture:0.48/0.56;education_culture:0.56/0.03;engineering_bay:0.00/0.35;life_support_habitat:1.00/0.42;medical_bay:0.23/0.00;security:0.42/0.00"
the_far_crossing,adaptors,combat,objective-first,50,0,29,21,0,0,0.7642,1.0000,2251,10812,0.0000,0,0.2364,0.3540,0.4370,0.4346,590.02,0,5417,3919,3197,4367,779,662,0,534,0,0,0,69165.52,76.52,526.00,"agriculture:1.00/0.70;education_culture:1.00/0.70;engineering_bay:1.00/0.70;life_support_habitat:1.00/0.70;medical_bay:1.00/0.70;security:1.00/0.70","agriculture:0.14/0.00;education_culture:1.00/0.90;engineering_bay:0.01/0.19;life_support_habitat:1.00/0.46;medical_bay:1.00/0.49;security:0.36/0.00"
the_far_crossing,adaptors,fuel,conservative,50,12,36,2,0,0,0.8644,1.0000,6446,11154,0.8478,0,0.3823,0.5090,0.6478,0.5059,409.26,0,3982,3758,3123,0,4471,627,0,2529,2233,0,0,42530.32,86.46,480.00,"agriculture:1.00/0.70;education_culture:1.00/0.70;engineering_bay:1.00/0.70;life_support_habitat:1.00/0.70;medical_bay:1.00/0.70;security:1.00/0.70","agriculture:0.74/0.43;education_culture:1.00/0.78;engineering_bay:0.34/0.00;life_support_habitat:1.00/0.50;medical_bay:0.97/0.32;security:0.72/0.15"
the_far_crossing,adaptors,fuel,first-choice,50,1,17,32,0,0,0.6980,0.9268,1678,2,0.8500,0,0.2494,0.4235,0.4670,0.3208,619.50,100,4461,3634,2230,4103,794,636,9,930,1537,6,6,39337.90,69.84,473.02,"agriculture:1.00/0.70;education_culture:1.00/0.70;engineering_bay:1.00/0.70;life_support_habitat:1.00/0.70;medical_bay:1.00/0.70;security:1.00/0.70","agriculture:0.40/0.48;education_culture:0.73/0.23;engineering_bay:0.00/0.35;life_support_habitat:1.00/0.52;medical_bay:0.17/0.00;security:0.43/0.00"
the_far_crossing,adaptors,fuel,objective-first,50,2,28,20,0,0,0.7700,1.0000,6446,10959,0.8514,20,0.4469,0.4490,0.5976,0.2725,559.56,0,4773,3550,2895,3986,757,633,0,248,0,0,0,68531.32,76.92,480.00,"agriculture:1.00/0.70;education_culture:1.00/0.70;engineering_bay:1.00/0.70;life_support_habitat:1.00/0.70;medical_bay:1.00/0.70;security:1.00/0.70","agriculture:0.37/0.00;education_culture:1.00/0.80;engineering_bay:0.00/0.35;life_support_habitat:1.00/0.28;medical_bay:1.00/0.55;security:0.35/0.00"
the_far_crossing,adaptors,speed,conservative,50,26,24,0,0,0,0.8952,1.0000,3916,11154,0.0000,0,0.5097,0.5830,0.6478,0.4394,378.40,0,4006,3861,3168,0,4481,644,0,3008,2859,0,0,42649.02,89.44,492.74,"agriculture:1.00/0.70;education_culture:1.00/0.70;engineering_bay:1.00/0.70;life_support_habitat:1.00/0.70;medical_bay:1.00/0.70;security:1.00/0.70","agriculture:0.71/0.63;education_culture:1.00/0.94;engineering_bay:0.71/0.48;life_support_habitat:1.00/0.51;medical_bay:1.00/0.48;security:0.02/0.00"
the_far_crossing,adaptors,speed,first-choice,50,6,15,26,3,0,0.7351,0.9264,4062,2,0.0000,0,0.2469,0.3305,0.1825,0.4614,558.16,100,4931,3829,2363,4250,875,631,10,1392,2199,5,5,39357.94,73.48,496.88,"agriculture:1.00/0.70;education_culture:1.00/0.70;engineering_bay:1.00/0.70;life_support_habitat:1.00/0.70;medical_bay:1.00/0.70;security:1.00/0.70","agriculture:0.50/0.58;education_culture:0.64/0.25;engineering_bay:0.28/0.00;life_support_habitat:1.00/0.40;medical_bay:0.46/0.00;security:0.15/0.00"
the_far_crossing,adaptors,speed,objective-first,50,1,28,21,0,0,0.7584,1.0000,3916,9929,0.0000,0,0.0000,0.2125,0.4370,0.4646,599.98,0,5371,3907,3260,4432,796,693,0,532,0,0,0,78105.12,75.80,527.04,"agriculture:1.00/0.70;education_culture:1.00/0.70;engineering_bay:1.00/0.70;life_support_habitat:1.00/0.70;medical_bay:1.00/0.70;security:1.00/0.70","agriculture:0.00/0.00;education_culture:1.00/0.81;engineering_bay:0.00/0.00;life_support_habitat:1.00/0.45;medical_bay:1.00/0.48;security:0.00/0.00"
the_far_crossing,adaptors,starter,conservative,50,21,29,0,0,0,0.8774,1.0000,7526,10083,0.0000,0,0.4395,0.5295,0.6120,0.4557,383.86,0,4011,3897,3043,0,4489,622,0,2751,2716,0,0,42606.52,87.76,488.48,"agriculture:1.00/0.70;education_culture:1.00/0.70;engineering_bay:1.00/0.70;life_support_habitat:1.00/0.70;medical_bay:1.00/0.70;security:1.00/0.70","agriculture:0.75/0.48;education_culture:1.00/0.97;engineering_bay:0.18/0.20;life_support_habitat:1.00/0.53;medical_bay:1.00/0.27;security:0.73/0.60"
the_far_crossing,adaptors,starter,first-choice,50,4,18,28,0,0,0.7242,0.9162,716,81,0.0000,0,0.1279,0.3365,0.0000,0.4614,549.68,100,4951,3839,2400,4273,876,639,9,1213,2028,5,5,38985.88,72.40,499.84,"agriculture:1.00/0.70;education_culture:1.00/0.70;engineering_bay:1.00/0.70;life_support_habitat:1.00/0.70;medical_bay:1.00/0.70;security:1.00/0.70","agriculture:0.37/0.04;education_culture:0.31/0.00;engineering_bay:0.45/0.40;life_support_habitat:1.00/0.34;medical_bay:0.29/0.00;security:0.00/0.00"
the_far_crossing,adaptors,starter,objective-first,50,2,22,25,1,0,0.7444,0.9800,9501,10629,0.0000,0,0.0000,0.2125,0.4370,0.4397,606.52,0,5327,3930,3194,4337,768,678,0,523,0,0,0,74799.12,74.54,525.84,"agriculture:1.00/0.70;education_culture:1.00/0.70;engineering_bay:1.00/0.70;life_support_habitat:1.00/0.70;medical_bay:1.00/0.70;security:1.00/0.70","agriculture:0.00/0.00;education_culture:1.00/0.81;engineering_bay:0.00/0.00;life_support_habitat:1.00/0.45;medical_bay:1.00/0.48;security:0.00/0.00"
the_far_crossing,preservers,cargo,conservative,50,16,31,3,0,0,0.8644,1.0000,3517,10689,0.0000,0,0.1523,0.4695,0.4748,0.4169,428.94,0,4434,4054,3244,0,4500,657,0,3050,2312,0,0,42491.50,86.46,511.40,"agriculture:1.00/0.70;education_culture:1.00/0.70;engineering_bay:1.00/0.70;life_support_habitat:1.00/0.70;medical_bay:1.00/0.70;security:1.00/0.70","agriculture:0.75/0.63;education_culture:1.00/0.93;engineering_bay:0.47/0.00;life_support_habitat:1.00/0.75;medical_bay:1.00/0.49;security:0.72/0.45"
the_far_crossing,preservers,cargo,first-choice,50,5,24,21,0,0,0.7535,0.9271,290,0,0.0000,0,0.1261,0.2580,0.2448,0.4039,501.10,99,4809,3890,2359,4376,897,643,9,1274,1525,10,10,39317.24,75.32,503.32,"agriculture:1.00/0.70;education_culture:1.00/0.70;engineering_bay:1.00/0.70;life_support_habitat:1.00/0.70;medical_bay:1.00/0.70;security:1.00/0.70","agriculture:0.47/0.55;education_culture:0.84/0.32;engineering_bay:0.21/0.00;life_support_habitat:1.00/0.70;medical_bay:0.27/0.00;security:0.27/0.00"
the_far_crossing,preservers,cargo,objective-first,50,0,30,19,1,0,0.7587,0.9800,3517,9839,0.0000,0,0.2463,0.3535,0.4089,0.3567,567.20,0,5310,3884,3174,4272,712,660,0,490,0,0,0,69426.70,75.88,519.22,"agriculture:1.00/0.70;education_culture:1.00/0.70;engineering_bay:1.00/0.70;life_support_habitat:1.00/0.70;medical_bay:1.00/0.70;security:1.00/0.70","agriculture:0.43/0.00;education_culture:1.00/0.80;engineering_bay:0.00/0.25;life_support_habitat:1.00/0.40;medical_bay:1.00/0.15;security:0.36/0.00"
the_far_crossing,preservers,combat,conservative,50,16,30,4,0,0,0.8576,1.0000,2517,11113,0.0000,0,0.3710,0.5240,0.6158,0.5179,451.00,0,4358,4044,3299,0,4598,634,0,3085,2229,0,0,42584.10,85.86,516.18,"agriculture:1.00/0.70;education_culture:1.00/0.70;engineering_bay:1.00/0.70;life_support_habitat:1.00/0.70;medical_bay:1.00/0.70;security:1.00/0.70","agriculture:0.75/0.43;education_culture:1.00/0.80;engineering_bay:0.47/0.23;life_support_habitat:1.00/0.44;medical_bay:1.00/0.42;security:0.70/0.15"
the_far_crossing,preservers,combat,first-choice,50,2,24,24,0,0,0.7566,0.9223,447,0,0.0000,0,0.1606,0.3655,0.2556,0.3494,484.40,100,4864,3845,2381,4363,829,641,9,1172,1400,13,13,39200.68,75.68,500.04,"agriculture:1.00/0.70;education_culture:1.00/0.70;engineering_bay:1.00/0.70;life_support_habitat:1.00/0.70;medical_bay:1.00/0.70;security:1.00/0.70","agriculture:0.50/0.32;education_culture:0.19/0.04;engineering_bay:0.03/0.05;life_support_habitat:1.00/0.71;medical_bay:0.11/0.00;security:0.00/0.00"
the_far_crossing,preservers,combat,objective-first,50,0,30,20,0,0,0.7727,1.0000,2517,9839,0.0000,0,0.3370,0.3720,0.4089,0.3567,565.48,0,5293,3885,3156,4250,720,653,0,480,0,0,0,69299.90,77.30,518.14,"agriculture:1.00/0.70;education_culture:1.00/0.70;engineering_bay:1.00/0.70;life_support_habitat:1.00/0.70;medical_bay:1.00/0.70;security:1.00/0.70","agriculture:0.43/0.00;education_culture:1.00/0.80;engineering_bay:0.00/0.25;life_support_habitat:1.00/0.40;medical_bay:1.00/0.15;security:0.36/0.00"
the_far_crossing,preservers,fuel,conservative,50,14,34,2,0,0,0.8586,1.0000,6752,10891,0.8538,0,0.3362,0.5330,0.6256,0.5004,420.60,0,3896,3763,3057,0,4407,596,0,2564,2287,0,0,42586.10,85.86,480.00,"agriculture:1.00/0.70;education_culture:1.00/0.70;engineering_bay:1.00/0.70;life_support_habitat:1.00/0.70;medical_bay:1.00/0.70;security:1.00/0.70","agriculture:0.73/0.43;education_culture:1.00/0.85;engineering_bay:0.00/0.05;life_support_habitat:1.00/0.52;medical_bay:1.00/0.42;security:0.00/0.00"
the_far_crossing,preservers,fuel,first-choice,50,3,17,30,0,0,0.7230,0.9890,1712,170,0.8250,0,0.1495,0.3865,0.2707,0.3379,582.22,97,4524,3623,2227,4161,831,620,4,865,1527,12,12,41772.30,72.32,478.18,"agriculture:1.00/0.70;education_culture:1.00/0.70;engineering_bay:1.00/0.70;life_support_habitat:1.00/0.70;medical_bay:1.00/0.70;security:1.00/0.70","agriculture:0.36/0.03;education_culture:0.84/0.36;engineering_bay:0.00/0.00;life_support_habitat:1.00/0.52;medical_bay:0.77/0.22;security:0.40/0.00"
the_far_crossing,preservers,fuel,objective-first,50,1,28,21,0,0,0.7555,1.0000,6752,10696,0.8498,10,0.4469,0.4490,0.6386,0.3791,589.46,0,4862,3489,2938,3943,695,617,0,282,0,0,0,68746.10,75.56,480.00,"agriculture:1.00/0.70;education_culture:1.00/0.70;engineering_bay:1.00/0.70;life_support_habitat:1.00/0.70;medical_bay:1.00/0.70;security:1.00/0.70","agriculture:0.00/0.00;education_culture:1.00/0.67;engineering_bay:0.00/0.00;life_support_habitat:1.00/0.48;medical_bay:0.96/0.58;security:0.37/0.00"
the_far_crossing,preservers,speed,conservative,50,29,20,1,0,0,0.9008,1.0000,4062,9959,0.0000,0,0.4823,0.5795,0.5924,0.4208,368.84,0,4008,3773,3110,0,4447,628,0,3048,2927,0,0,42679.90,89.98,489.04,"agriculture:1.00/0.70;education_culture:1.00/0.70;engineering_bay:1.00/0.70;life_support_habitat:1.00/0.70;medical_bay:1.00/0.70;security:1.00/0.70","agriculture:0.72/0.53;education_culture:1.00/0.91;engineering_bay:0.73/0.35;life_support_habitat:1.00/0.48;medical_bay:1.00/0.47;security:0.61/0.00"
the_far_crossing,preservers,speed,first-choice,50,5,23,22,0,0,0.7621,0.9336,407,0,0.0000,0,0.1084,0.3245,0.1599,0.4624,495.02,95,4848,3757,2381,4317,905,638,11,1360,2143,16,16,39513.38,76.12,495.08,"agriculture:1.00/0.70;education_culture:1.00/0.70;engineering_bay:1.00/0.70;life_support_habitat:1.00/0.70;medical_bay:1.00/0.70;security:1.00/0.70","agriculture:0.25/0.54;education_culture:0.43/0.02;engineering_bay:0.06/0.35;life_support_habitat:1.00/0.67;medical_bay:0.49/0.00;security:0.42/0.00"
the_far_crossing,preservers,speed,objective-first,50,0,32,17,1,0,0.7632,0.9800,4062,9360,0.0000,0,0.2292,0.3880,0.4089,0.3869,553.64,0,5320,3906,3183,4320,720,665,0,499,0,0,0,77442.20,76.34,518.82,"agriculture:1.00/0.70;education_culture:1.00/0.70;engineering_bay:1.00/0.70;life_support_habitat:1.00/0.70;medical_bay:1.00/0.70;security:1.00/0.70","agriculture:0.39/0.00;education_culture:1.00/0.81;engineering_bay:0.26/0.00;life_support_habitat:1.00/0.40;medical_bay:1.00/0.15;security:0.00/0.00"
the_far_crossing,preservers,starter,conservative,50,20,27,3,0,0,0.8807,1.0000,7400,11113,0.0000,0,0.3437,0.5460,0.5684,0.4230,386.40,0,3951,3820,3127,0,4428,619,0,2784,2776,0,0,42623.30,88.02,484.94,"agriculture:1.00/0.70;education_culture:1.00/0.70;engineering_bay:1.00/0.70;life_support_habitat:1.00/0.70;medical_bay:1.00/0.70;security:1.00/0.70","agriculture:0.70/0.63;education_culture:1.00/0.96;engineering_bay:0.63/0.50;life_support_habitat:1.00/0.66;medical_bay:0.96/0.60;security:0.00/0.00"
the_far_crossing,preservers,starter,first-choice,50,1,21,28,0,0,0.7252,0.9138,1650,578,0.0000,0,0.1987,0.3245,0.1052,0.5217,551.46,99,4738,3860,2397,4245,917,643,10,1194,2029,8,8,38634.14,72.50,494.10,"agriculture:1.00/0.70;education_culture:1.00/0.70;engineering_bay:1.00/0.70;life_support_habitat:1.00/0.70;medical_bay:1.00/0.70;security:1.00/0.70","agriculture:0.51/0.46;education_culture:0.59/0.03;engineering_bay:0.03/0.40;life_support_habitat:1.00/0.69;medical_bay:0.00/0.00;security:0.42/0.15"
the_far_crossing,preservers,starter,objective-first,50,0,30,19,1,0,0.7473,0.9800,9767,10167,0.0000,0,0.2290,0.3950,0.6266,0.4848,591.42,2,5409,3883,3131,4303,762,658,0,489,0,0,0,75363.30,74.82,519.12,"agriculture:1.00/0.70;education_culture:1.00/0.70;engineering_bay:1.00/0.70;life_support_habitat:1.00/0.70;medical_bay:1.00/0.70;security:1.00/0.70","agriculture:0.43/0.00;education_culture:1.00/0.80;engineering_bay:0.00/0.25;life_support_habitat:1.00/0.40;medical_bay:1.00/0.15;security:0.36/0.00"
the_far_crossing,wanderers,cargo,conservative,50,11,34,5,0,0,0.8429,1.0000,3517,11077,0.0000,0,0.3131,0.6025,0.5816,0.5524,488.54,0,4272,4016,3194,0,4529,664,0,2997,2227,0,0,42419.26,84.34,502.38,"agriculture:1.00/0.70;education_culture:1.00/0.70;engineering_bay:1.00/0.70;life_support_habitat:1.00/0.70;medical_bay:1.00/0.70;security:1.00/0.70","agriculture:0.71/0.48;education_culture:1.00/0.75;engineering_bay:0.50/0.05;life_support_habitat:1.00/0.50;medical_bay:1.00/0.40;security:0.51/0.00"
the_far_crossing,wanderers,cargo,first-choice,50,3,15,30,2,0,0.6978,0.9280,58,0,0.0000,0,0.1026,0.2390,0.0000,0.4943,625.12,97,4950,3905,2394,4221,791,653,10,1223,1717,17,17,38919.56,69.76,503.94,"agriculture:1.00/0.70;education_culture:1.00/0.70;engineering_bay:1.00/0.70;life_support_habitat:1.00/0.70;medical_bay:1.00/0.70;security:1.00/0.70","agriculture:0.16/0.00;education_culture:0.79/0.56;engineering_bay:0.00/0.30;life_support_habitat:1.00/0.57;medical_bay:0.45/0.15;security:0.53/0.00"
the_far_crossing,wanderers,cargo,objective-first,50,1,22,27,0,0,0.7454,1.0000,3517,9498,0.0000,0,0.3644,0.3990,0.0024,0.4445,616.08,0,5322,3865,3272,4244,767,674,0,488,0,0,0,68425.66,74.52,521.70,"agriculture:1.00/0.70;education_culture:1.00/0.70;engineering_bay:1.00/0.70;life_support_habitat:1.00/0.70;medical_bay:1.00/0.70;security:1.00/0.70","agriculture:0.08/0.00;education_culture:1.00/0.88;engineering_bay:0.00/0.35;life_support_habitat:1.00/0.34;medical_bay:1.00/0.30;security:0.03/0.00"
the_far_crossing,wanderers,combat,conservative,50,10,31,9,0,0,0.8380,1.0000,2517,11005,0.0000,0,0.2466,0.4760,0.5598,0.5524,489.38,0,4318,3940,3225,0,4480,682,0,2816,2146,0,0,42487.46,83.84,503.62,"agriculture:1.00/0.70;education_culture:1.00/0.70;engineering_bay:1.00/0.70;life_support_habitat:1.00/0.70;medical_bay:1.00/0.70;security:1.00/0.70","agriculture:0.67/0.55;education_culture:1.00/0.96;engineering_bay:0.52/0.35;life_support_habitat:1.00/0.47;medical_bay:1.00/0.36;security:0.00/0.00"
the_far_crossing,wanderers,combat,first-choice,50,1,18,31,0,0,0.6997,0.9245,875,425,0.0000,0,0.2485,0.3425,0.3137,0.4943,628.28,96,4936,3962,2382,4173,825,639,11,1283,1854,10,10,38949.48,69.94,502.34,"agriculture:1.00/0.70;education_culture:1.00/0.70;engineering_bay:1.00/0.70;life_support_habitat:1.00/0.70;medical_bay:1.00/0.70;security:1.00/0.70","agriculture:0.29/0.23;education_culture:0.46/0.08;engineering_bay:0.34/0.40;life_support_habitat:1.00/0.54;medical_bay:0.27/0.00;security:0.49/0.00"
the_far_crossing,wanderers,combat,objective-first,50,1,20,29,0,0,0.7399,1.0000,2517,9498,0.0000,0,0.3644,0.3990,0.0024,0.4643,628.12,0,5325,3883,3282,4238,765,672,0,495,0,0,0,67852.06,73.96,522.44,"agriculture:1.00/0.70;education_culture:1.00/0.70;engineering_bay:1.00/0.70;life_support_habitat:1.00/0.70;medical_bay:1.00/0.70;security:1.00/0.70","agriculture:0.02/0.00;education_culture:1.00/0.83;engineering_bay:0.00/0.00;life_support_habitat:1.00/0.39;medical_bay:1.00/0.30;security:0.10/0.00"
the_far_crossing,wanderers,fuel,conservative,50,11,35,4,0,0,0.8429,1.0000,6697,10401,0.8511,0,0.5729,0.6380,0.6110,0.5524,449.10,0,3935,3663,3166,0,4431,639,0,2568,2169,0,0,42557.86,84.22,480.00,"agriculture:1.00/0.70;education_culture:1.00/0.70;engineering_bay:1.00/0.70;life_support_habitat:1.00/0.70;medical_bay:1.00/0.70;security:1.00/0.70","agriculture:0.72/0.43;education_culture:1.00/0.85;engineering_bay:0.73/0.45;life_support_habitat:1.00/0.48;medical_bay:1.00/0.45;security:0.25/0.00"
the_far_crossing,wanderers,fuel,first-choice,50,1,14,32,3,0,0.6801,0.8489,0,0,0.8492,0,0.2218,0.3530,0.4977,0.4699,630.14,99,4380,3718,2268,3957,778,596,11,975,1794,6,6,35722.96,68.02,468.24,"agriculture:1.00/0.70;education_culture:1.00/0.70;engineering_bay:1.00/0.70;life_support_habitat:1.00/0.70;medical_bay:1.00/0.70;security:1.00/0.70","agriculture:0.52/0.38;education_culture:0.41/0.08;engineering_bay:0.28/0.00;life_support_habitat:1.00/0.70;medical_bay:0.33/0.00;security:0.42/0.00"
the_far_crossing,wanderers,fuel,objective-first,50,0,25,25,0,0,0.7454,1.0000,6752,8651,0.8490,23,0.4469,0.4490,0.4720,0.4160,614.74,0,4735,3561,2915,3925,689,659,0,252,0,0,0,67278.46,74.46,480.00,"agriculture:1.00/0.70;education_culture:1.00/0.70;engineering_bay:1.00/0.70;life_support_habitat:1.00/0.70;medical_bay:1.00/0.70;security:1.00/0.70","agriculture:0.32/0.00;education_culture:1.00/0.80;engineering_bay:0.00/0.00;life_support_habitat:1.00/0.43;medical_bay:1.00/0.25;security:0.24/0.00"
the_far_crossing,wanderers,speed,conservative,50,18,30,2,0,0,0.8678,1.0000,4062,9503,0.0000,0,0.4264,0.5395,0.5624,0.5524,446.90,0,4031,3796,3137,0,4477,648,0,2985,2820,0,0,42596.96,86.74,488.22,"agriculture:1.00/0.70;education_culture:1.00/0.70;engineering_bay:1.00/0.70;life_support_habitat:1.00/0.70;medical_bay:1.00/0.70;security:1.00/0.70","agriculture:0.70/0.58;education_culture:1.00/0.79;engineering_bay:0.60/0.65;life_support_habitat:1.00/0.68;medical_bay:1.00/0.52;security:0.16/0.00"
the_far_crossing,wanderers,speed,first-choice,50,6,13,30,1,0,0.7081,0.9110,4,5,0.0000,0,0.0000,0.3330,0.3370,0.4943,614.50,99,4852,3894,2371,4153,802,628,9,1351,2407,10,10,38534.90,70.78,491.68,"agriculture:1.00/0.70;education_culture:1.00/0.70;engineering_bay:1.00/0.70;life_support_habitat:1.00/0.70;medical_bay:1.00/0.70;security:1.00/0.70","agriculture:0.45/0.39;education_culture:0.49/0.00;engineering_bay:0.25/0.00;life_support_habitat:1.00/0.61;medical_bay:0.44/0.00;security:0.08/0.00"
the_far_crossing,wanderers,speed,objective-first,50,2,29,19,0,0,0.7557,1.0000,4062,9422,0.0000,0,0.3781,0.4265,0.0023,0.5074,602.74,0,5332,3919,3229,4162,747,669,0,484,0,0,0,76651.56,75.52,521.06,"agriculture:1.00/0.70;education_culture:1.00/0.70;engineering_bay:1.00/0.70;life_support_habitat:1.00/0.70;medical_bay:1.00/0.70;security:1.00/0.70","agriculture:0.00/0.00;education_culture:1.00/0.93;engineering_bay:0.00/0.65;life_support_habitat:1.00/0.44;medical_bay:1.00/0.30;security:0.18/0.00"
the_far_crossing,wanderers,starter,conservative,50,19,26,5,0,0,0.8663,1.0000,6406,11078,0.0000,0,0.5439,0.6005,0.6110,0.5350,420.64,0,3999,4005,3176,0,4489,654,0,2829,2700,0,0,42398.06,86.70,492.00,"agriculture:1.00/0.70;education_culture:1.00/0.70;engineering_bay:1.00/0.70;life_support_habitat:1.00/0.70;medical_bay:1.00/0.70;security:1.00/0.70","agriculture:0.73/0.58;education_culture:1.00/0.90;engineering_bay:0.70/0.40;life_support_habitat:1.00/0.35;medical_bay:1.00/0.22;security:0.40/0.00"
the_far_crossing,wanderers,starter,first-choice,50,4,22,24,0,0,0.7504,0.9484,70,14,0.0000,0,0.1361,0.2635,0.0941,0.4242,513.26,98,4889,3826,2347,4126,931,639,6,1242,2251,6,6,39951.40,74.98,497.40,"agriculture:1.00/0.70;education_culture:1.00/0.70;engineering_bay:1.00/0.70;life_support_habitat:1.00/0.70;medical_bay:1.00/0.70;security:1.00/0.70","agriculture:0.50/0.54;education_culture:0.46/0.23;engineering_bay:0.24/0.00;life_support_habitat:1.00/0.62;medical_bay:0.00/0.00;security:0.19/0.00"
the_far_crossing,wanderers,starter,objective-first,50,1,29,20,0,0,0.7532,1.0000,9767,9722,0.0000,0,0.3863,0.4340,0.0023,0.5050,603.74,0,5277,3871,3300,4230,737,675,0,475,0,0,0,74489.26,75.24,519.66,"agriculture:1.00/0.70;education_culture:1.00/0.70;engineering_bay:1.00/0.70;life_support_habitat:1.00/0.70;medical_bay:1.00/0.70;security:1.00/0.70","agriculture:0.10/0.00;education_culture:1.00/0.91;engineering_bay:0.00/0.25;life_support_habitat:1.00/0.34;medical_bay:1.00/0.30;security:0.27/0.00"
the_hard_contract,adaptors,cargo,conservative,50,50,0,0,0,0,0.9609,1.0000,3338,10189,0.1842,12,0.6969,0.6990,0.6200,0.5568,303.66,0,2836,2997,2282,0,3295,436,0,1655,1377,0,0,25024.08,96.12,360.00,"agriculture:1.00/0.70;education_culture:1.00/0.70;engineering_bay:1.00/0.70;life_support_habitat:1.00/0.70;medical_bay:1.00/0.70;security:1.00/0.70","agriculture:0.71/0.58;education_culture:1.00/0.91;engineering_bay:0.17/0.00;life_support_habitat:1.00/0.51;medical_bay:1.00/0.26;security:0.25/0.00"
the_hard_contract,adaptors,cargo,first-choice,50,15,35,0,0,0,0.8789,1.0000,185,9,0.0017,38,0.4469,0.4490,0.3479,0.5229,535.88,92,3232,3038,1787,3181,673,458,0,564,801,12,12,27952.52,87.90,360.04,"agriculture:1.00/0.70;education_culture:1.00/0.70;engineering_bay:1.00/0.70;life_support_habitat:1.00/0.70;medical_bay:1.00/0.70;security:1.00/0.70","agriculture:0.46/0.42;education_culture:0.54/0.00;engineering_bay:0.20/0.00;life_support_habitat:1.00/0.54;medical_bay:0.41/0.00;security:0.36/0.00"
the_hard_contract,adaptors,cargo,objective-first,50,28,22,0,0,0,0.9041,1.0000,3338,8932,0.0000,110,0.4469,0.4495,0.6172,0.5370,400.96,0,3302,2948,2100,3092,537,465,0,135,0,0,0,40759.08,90.40,360.10,"agriculture:1.00/0.70;education_culture:1.00/0.70;engineering_bay:1.00/0.70;life_support_habitat:1.00/0.70;medical_bay:1.00/0.70;security:1.00/0.70","agriculture:0.20/0.00;education_culture:1.00/0.84;engineering_bay:0.15/0.00;life_support_habitat:1.00/0.41;medical_bay:1.00/0.23;security:0.37/0.00"
the_hard_contract,adaptors,combat,conservative,50,49,1,0,0,0,0.9628,1.0000,2338,10358,0.0111,0,0.6483,0.6970,0.6200,0.5492,293.98,0,2798,2967,2278,0,3388,438,0,1701,1303,0,0,25296.10,96.30,360.10,"agriculture:1.00/0.70;education_culture:1.00/0.70;engineering_bay:1.00/0.70;life_support_habitat:1.00/0.70;medical_bay:1.00/0.70;security:1.00/0.70","agriculture:0.71/0.50;education_culture:1.00/0.90;engineering_bay:0.70/0.50;life_support_habitat:1.00/0.68;medical_bay:1.00/0.36;security:0.61/0.00"
the_hard_contract,adaptors,combat,first-choice,50,23,27,0,0,0,0.8858,1.0000,32,0,0.0017,22,0.4469,0.4490,0.1315,0.5229,480.50,87,3253,3004,1788,3213,643,440,0,515,698,15,15,27525.14,88.60,360.04,"agriculture:1.00/0.70;education_culture:1.00/0.70;engineering_bay:1.00/0.70;life_support_habitat:1.00/0.70;medical_bay:1.00/0.70;security:1.00/0.70","agriculture:0.50/0.33;education_culture:0.55/0.00;engineering_bay:0.20/0.00;life_support_habitat:1.00/0.54;medical_bay:0.41/0.00;security:0.36/0.00"
the_hard_contract,adaptors,combat,objective-first,50,37,13,0,0,0,0.9144,1.0000,2338,7893,0.0000,83,0.4469,0.4495,0.6200,0.5370,351.00,0,3304,2930,2150,3053,525,455,0,139,0,0,0,39522.22,91.42,360.10,"agriculture:1.00/0.70;education_culture:1.00/0.70;engineering_bay:1.00/0.70;life_support_habitat:1.00/0.70;medical_bay:1.00/0.70;security:1.00/0.70","agriculture:0.26/0.00;education_culture:1.00/0.90;engineering_bay:0.19/0.35;life_support_habitat:1.00/0.51;medical_bay:1.00/0.20;security:0.29/0.00"
the_hard_contract,adaptors,fuel,conservative,50,49,1,0,0,0,0.9600,1.0000,6583,10359,0.8568,33,0.6969,0.6990,0.6200,0.5568,310.62,0,2739,2930,2293,0,3395,450,0,1681,1504,0,0,25020.90,96.08,360.00,"agriculture:1.00/0.70;education_culture:1.00/0.70;engineering_bay:1.00/0.70;life_support_habitat:1.00/0.70;medical_bay:1.00/0.70;security:1.00/0.70","agriculture:0.73/0.58;education_culture:1.00/0.90;engineering_bay:0.00/0.05;life_support_habitat:1.00/0.46;medical_bay:1.00/0.53;security:0.22/0.00"
the_hard_contract,adaptors,fuel,first-choice,50,14,36,0,0,0,0.8760,1.0000,150,0,0.8375,63,0.4469,0.4490,0.3888,0.3670,541.00,95,3250,3045,1771,3159,641,437,0,555,967,10,10,27916.28,87.62,360.00,"agriculture:1.00/0.70;education_culture:1.00/0.70;engineering_bay:1.00/0.70;life_support_habitat:1.00/0.70;medical_bay:1.00/0.70;security:1.00/0.70","agriculture:0.00/0.09;education_culture:0.57/0.00;engineering_bay:0.15/0.25;life_support_habitat:1.00/0.61;medical_bay:0.38/0.00;security:0.30/0.00"
the_hard_contract,adaptors,fuel,objective-first,50,30,20,0,0,0,0.9057,1.0000,6583,8932,0.8478,110,0.4469,0.4495,0.6172,0.5127,383.84,0,3259,2940,2093,3054,536,455,0,143,0,0,0,42423.70,90.52,360.00,"agriculture:1.00/0.70;education_culture:1.00/0.70;engineering_bay:1.00/0.70;life_support_habitat:1.00/0.70;medical_bay:1.00/0.70;security:1.00/0.70","agriculture:0.46/0.00;education_culture:1.00/0.90;engineering_bay:0.00/0.00;life_support_habitat:1.00/0.66;medical_bay:1.00/0.20;security:0.58/0.00"
the_hard_contract,adaptors,speed,conservative,50,50,0,0,0,0,0.9612,1.0000,3848,10358,0.1203,0,0.6970,0.6980,0.6200,0.5568,304.26,0,2815,2959,2265,0,3383,454,0,1767,1710,0,0,25148.90,96.06,360.00,"agriculture:1.00/0.70;education_culture:1.00/0.70;engineering_bay:1.00/0.70;life_support_habitat:1.00/0.70;medical_bay:1.00/0.70;security:1.00/0.70","agriculture:0.72/0.58;education_culture:1.00/0.90;engineering_bay:0.69/0.35;life_support_habitat:1.00/0.41;medical_bay:1.00/0.40;security:0.50/0.00"
the_hard_contract,adaptors,speed,first-choice,50,14,36,0,0,0,0.8744,1.0000,533,0,0.0019,42,0.4469,0.4490,0.1795,0.5229,555.24,98,3243,3003,1754,3176,672,429,0,650,1167,4,4,28419.78,87.40,360.02,"agriculture:1.00/0.70;education_culture:1.00/0.70;engineering_bay:1.00/0.70;life_support_habitat:1.00/0.70;medical_bay:1.00/0.70;security:1.00/0.70","agriculture:0.48/0.50;education_culture:0.60/0.10;engineering_bay:0.00/0.35;life_support_habitat:1.00/0.57;medical_bay:0.41/0.00;security:0.34/0.00"
the_hard_contract,adaptors,speed,objective-first,50,29,21,0,0,0,0.9096,1.0000,3848,9289,0.0000,85,0.4469,0.4495,0.4606,0.4520,365.38,0,3206,2906,2108,3094,544,454,0,139,0,0,0,45127.92,90.90,360.10,"agriculture:1.00/0.70;education_culture:1.00/0.70;engineering_bay:1.00/0.70;life_support_habitat:1.00/0.70;medical_bay:1.00/0.70;security:1.00/0.70","agriculture:0.18/0.00;education_culture:1.00/0.92;engineering_bay:0.00/0.35;life_support_habitat:1.00/0.41;medical_bay:1.00/0.50;security:0.30/0.00"
the_hard_contract,adaptors,starter,conservative,50,50,0,0,0,0,0.9658,1.0000,7790,9960,0.5318,14,0.6970,0.6990,0.6200,0.5568,280.78,0,2741,2997,2195,0,3453,436,0,1681,1910,0,0,25187.62,96.60,360.00,"agriculture:1.00/0.70;education_culture:1.00/0.70;engineering_bay:1.00/0.70;life_support_habitat:1.00/0.70;medical_bay:1.00/0.70;security:1.00/0.70","agriculture:0.74/0.58;education_culture:1.00/0.88;engineering_bay:0.66/0.23;life_support_habitat:1.00/0.48;medical_bay:1.00/0.40;security:0.05/0.00"
the_hard_contract,adaptors,starter,first-choice,50,19,31,0,0,0,0.8837,1.0000,70,0,0.1222,25,0.4470,0.4490,0.0759,0.4940,500.24,92,3212,2977,1792,3213,667,437,0,578,1391,10,10,28067.26,88.34,360.00,"agriculture:1.00/0.70;education_culture:1.00/0.70;engineering_bay:1.00/0.70;life_support_habitat:1.00/0.70;medical_bay:1.00/0.70;security:1.00/0.70","agriculture:0.47/0.48;education_culture:0.58/0.06;engineering_bay:0.38/0.05;life_support_habitat:1.00/0.72;medical_bay:0.32/0.00;security:0.57/0.00"
the_hard_contract,adaptors,starter,objective-first,50,29,21,0,0,0,0.9032,1.0000,9588,8632,0.0000,99,0.4469,0.4495,0.6172,0.5181,404.08,0,3290,2962,2085,3105,558,461,0,134,0,0,0,46639.28,90.24,360.10,"agriculture:1.00/0.70;education_culture:1.00/0.70;engineering_bay:1.00/0.70;life_support_habitat:1.00/0.70;medical_bay:1.00/0.70;security:1.00/0.70","agriculture:0.22/0.00;education_culture:1.00/0.85;engineering_bay:0.00/0.00;life_support_habitat:1.00/0.51;medical_bay:1.00/0.20;security:0.40/0.00"
the_hard_contract,preservers,cargo,conservative,50,50,0,0,0,0,0.9638,1.0000,3450,10686,0.0030,0,0.6969,0.6730,0.5466,0.5477,286.94,0,2785,2979,2265,0,3316,463,0,1689,1407,0,0,25007.68,96.36,360.10,"agriculture:1.00/0.70;education_culture:1.00/0.70;engineering_bay:1.00/0.70;life_support_habitat:1.00/0.70;medical_bay:1.00/0.70;security:1.00/0.70","agriculture:0.73/0.58;education_culture:1.00/0.87;engineering_bay:0.00/0.10;life_support_habitat:1.00/0.49;medical_bay:1.00/0.33;security:0.46/0.00"
the_hard_contract,preservers,cargo,first-choice,50,14,36,0,0,0,0.8777,1.0000,1527,110,0.0967,22,0.4469,0.4495,0.3324,0.5313,540.80,96,3245,2980,1717,3239,621,438,0,600,825,7,7,28185.92,87.80,360.00,"agriculture:1.00/0.70;education_culture:1.00/0.70;engineering_bay:1.00/0.70;life_support_habitat:1.00/0.70;medical_bay:1.00/0.70;security:1.00/0.70","agriculture:0.37/0.09;education_culture:0.81/0.41;engineering_bay:0.29/0.00;life_support_habitat:1.00/0.51;medical_bay:0.62/0.00;security:0.00/0.00"
the_hard_contract,preservers,cargo,objective-first,50,31,19,0,0,0,0.9073,1.0000,3450,10647,0.0000,66,0.4469,0.4495,0.5418,0.3529,380.68,0,3373,2784,2108,3134,542,444,0,133,0,0,0,40886.68,90.78,360.18,"agriculture:1.00/0.70;education_culture:1.00/0.70;engineering_bay:1.00/0.70;life_support_habitat:1.00/0.70;medical_bay:1.00/0.70;security:1.00/0.70","agriculture:0.44/0.00;education_culture:1.00/0.85;engineering_bay:0.12/0.40;life_support_habitat:1.00/0.41;medical_bay:0.96/0.20;security:0.30/0.00"
the_hard_contract,preservers,combat,conservative,50,50,0,0,0,0,0.9610,1.0000,2450,10686,0.0030,0,0.5995,0.6990,0.5466,0.5534,299.02,0,2805,2958,2256,0,3365,466,0,1614,1298,0,0,25230.60,96.14,360.10,"agriculture:1.00/0.70;education_culture:1.00/0.70;engineering_bay:1.00/0.70;life_support_habitat:1.00/0.70;medical_bay:1.00/0.70;security:1.00/0.70","agriculture:0.74/0.60;education_culture:1.00/0.80;engineering_bay:0.00/0.00;life_support_habitat:1.00/0.55;medical_bay:1.00/0.20;security:0.27/0.00"
the_hard_contract,preservers,combat,first-choice,50,17,33,0,0,0,0.8805,1.0000,70,0,0.0967,3,0.4469,0.4490,0.5120,0.5313,508.70,88,3241,2921,1760,3297,629,463,0,583,751,5,5,27699.16,88.10,360.00,"agriculture:1.00/0.70;education_culture:1.00/0.70;engineering_bay:1.00/0.70;life_support_habitat:1.00/0.70;medical_bay:1.00/0.70;security:1.00/0.70","agriculture:0.36/0.09;education_culture:0.81/0.43;engineering_bay:0.29/0.00;life_support_habitat:1.00/0.51;medical_bay:0.62/0.00;security:0.00/0.00"
the_hard_contract,preservers,combat,objective-first,50,32,18,0,0,0,0.9115,1.0000,2450,10691,0.0000,96,0.4469,0.4495,0.4974,0.4729,372.90,0,3304,2828,2181,3111,537,442,0,134,0,0,0,40259.90,91.14,360.18,"agriculture:1.00/0.70;education_culture:1.00/0.70;engineering_bay:1.00/0.70;life_support_habitat:1.00/0.70;medical_bay:1.00/0.70;security:1.00/0.70","agriculture:0.00/0.00;education_culture:1.00/0.90;engineering_bay:0.00/0.40;life_support_habitat:1.00/0.56;medical_bay:1.00/0.50;security:0.18/0.00"
the_hard_contract,preservers,fuel,conservative,50,49,1,0,0,0,0.9621,1.0000,6700,11084,0.8577,0,0.6969,0.6990,0.5466,0.5576,297.68,0,2858,2958,2310,0,3342,454,0,1632,1435,0,0,25070.88,96.34,360.00,"agriculture:1.00/0.70;education_culture:1.00/0.70;engineering_bay:1.00/0.70;life_support_habitat:1.00/0.70;medical_bay:1.00/0.70;security:1.00/0.70","agriculture:0.73/0.48;education_culture:1.00/0.71;engineering_bay:0.72/0.40;life_support_habitat:1.00/0.58;medical_bay:1.00/0.20;security:0.35/0.00"
the_hard_contract,preservers,fuel,first-choice,50,12,38,0,0,0,0.8722,1.0000,2269,482,0.8500,0,0.3657,0.4490,0.5440,0.5313,565.02,92,3271,2967,1742,3225,601,460,0,541,977,5,5,28005.70,87.28,360.00,"agriculture:1.00/0.70;education_culture:1.00/0.70;engineering_bay:1.00/0.70;life_support_habitat:1.00/0.70;medical_bay:1.00/0.70;security:1.00/0.70","agriculture:0.53/0.48;education_culture:0.75/0.49;engineering_bay:0.31/0.35;life_support_habitat:1.00/0.50;medical_bay:0.60/0.00;security:0.58/0.00"
the_hard_contract,preservers,fuel,objective-first,50,28,22,0,0,0,0.9097,1.0000,6700,10691,0.8577,60,0.4470,0.4495,0.4974,0.4729,366.10,0,3362,2819,2114,3083,542,448,0,125,0,0,0,42621.32,91.08,360.00,"agriculture:1.00/0.70;education_culture:1.00/0.70;engineering_bay:1.00/0.70;life_support_habitat:1.00/0.70;medical_bay:1.00/0.70;security:1.00/0.70","agriculture:0.50/0.00;education_culture:1.00/0.88;engineering_bay:0.00/0.00;life_support_habitat:1.00/0.41;medical_bay:1.00/0.20;security:0.59/0.00"
the_hard_contract,preservers,speed,conservative,50,50,0,0,0,0,0.9604,1.0000,3950,10369,0.0000,0,0.6681,0.6960,0.5466,0.5264,305.76,0,2759,2945,2288,0,3361,444,0,1792,1731,0,0,25067.12,96.02,360.18,"agriculture:1.00/0.70;education_culture:1.00/0.70;engineering_bay:1.00/0.70;life_support_habitat:1.00/0.70;medical_bay:1.00/0.70;security:1.00/0.70","agriculture:0.72/0.58;education_culture:1.00/0.90;engineering_bay:0.55/0.25;life_support_habitat:1.00/0.46;medical_bay:1.00/0.40;security:0.65/0.00"
the_hard_contract,preservers,speed,first-choice,50,15,35,0,0,0,0.8692,1.0000,3750,550,0.0967,37,0.4469,0.4490,0.5440,0.5313,583.50,95,3326,2961,1830,3257,617,437,0,628,1174,9,9,27995.46,86.90,360.00,"agriculture:1.00/0.70;education_culture:1.00/0.70;engineering_bay:1.00/0.70;life_support_habitat:1.00/0.70;medical_bay:1.00/0.70;security:1.00/0.70","agriculture:0.32/0.24;education_culture:0.64/0.00;engineering_bay:0.29/0.00;life_support_habitat:1.00/0.52;medical_bay:0.41/0.15;security:0.64/0.00"
the_hard_contract,preservers,speed,objective-first,50,25,25,0,0,0,0.9052,1.0000,3950,10691,0.0000,65,0.4471,0.4495,0.5466,0.3048,386.66,0,3390,2775,2152,3128,555,451,0,130,0,0,0,45393.66,90.48,360.18,"agriculture:1.00/0.70;education_culture:1.00/0.70;engineering_bay:1.00/0.70;life_support_habitat:1.00/0.70;medical_bay:1.00/0.70;security:1.00/0.70","agriculture:0.38/0.00;education_culture:1.00/0.68;engineering_bay:0.00/0.00;life_support_habitat:1.00/0.46;medical_bay:1.00/0.20;security:0.60/0.00"
the_hard_contract,preservers,starter,conservative,50,49,1,0,0,0,0.9613,1.0000,7604,9604,0.5914,15,0.6970,0.6990,0.5466,0.5576,300.62,0,2810,2989,2276,0,3299,448,0,1671,1887,0,0,25135.08,96.20,360.00,"agriculture:1.00/0.70;education_culture:1.00/0.70;engineering_bay:1.00/0.70;life_support_habitat:1.00/0.70;medical_bay:1.00/0.70;security:1.00/0.70","agriculture:0.74/0.48;education_culture:1.00/0.96;engineering_bay:0.40/0.00;life_support_habitat:1.00/0.46;medical_bay:1.00/0.30;security:0.07/0.00"
the_hard_contract,preservers,starter,first-choice,50,18,32,0,0,0,0.8807,1.0000,3450,509,0.0109,21,0.4469,0.4495,0.3464,0.5313,523.34,91,3271,2946,1767,3119,681,443,0,614,1399,2,2,28155.38,88.04,360.02,"agriculture:1.00/0.70;education_culture:1.00/0.70;engineering_bay:1.00/0.70;life_support_habitat:1.00/0.70;medical_bay:1.00/0.70;security:1.00/0.70","agriculture:0.50/0.48;education_culture:0.39/0.06;engineering_bay:0.00/0.00;life_support_habitat:1.00/0.48;medical_bay:0.55/0.15;security:0.51/0.00"
the_hard_contract,preservers,starter,objective-first,50,28,22,0,0,0,0.9073,1.0000,9700,10691,0.0000,77,0.4470,0.4495,0.5466,0.3529,378.02,0,3385,2786,2112,3128,538,442,0,138,0,0,0,46926.68,90.74,360.18,"agriculture:1.00/0.70;education_culture:1.00/0.70;engineering_bay:1.00/0.70;life_support_habitat:1.00/0.70;medical_bay:1.00/0.70;security:1.00/0.70","agriculture:0.44/0.00;education_culture:1.00/0.80;engineering_bay:0.12/0.40;life_support_habitat:1.00/0.41;medical_bay:0.96/0.20;security:0.30/0.00"
the_hard_contract,wanderers,cargo,conservative,50,48,2,0,0,0,0.9517,1.0000,3338,11070,0.0942,0,0.6969,0.6990,0.5666,0.5506,355.08,0,2860,2906,2342,0,3352,444,0,1661,1343,0,0,25197.34,95.12,360.00,"agriculture:1.00/0.70;education_culture:1.00/0.70;engineering_bay:1.00/0.70;life_support_habitat:1.00/0.70;medical_bay:1.00/0.70;security:1.00/0.70","agriculture:0.72/0.40;education_culture:1.00/0.82;engineering_bay:0.62/0.10;life_support_habitat:1.00/0.41;medical_bay:1.00/0.58;security:0.37/0.00"
the_hard_contract,wanderers,cargo,first-choice,50,8,42,0,0,0,0.8562,1.0000,1376,481,0.0000,37,0.4470,0.4495,0.4022,0.4951,660.34,97,3304,3003,1730,3233,652,466,0,597,1174,15,15,27759.84,85.62,360.04,"agriculture:1.00/0.70;education_culture:1.00/0.70;engineering_bay:1.00/0.70;life_support_habitat:1.00/0.70;medical_bay:1.00/0.70;security:1.00/0.70","agriculture:0.49/0.43;education_culture:0.73/0.32;engineering_bay:0.19/0.05;life_support_habitat:1.00/0.56;medical_bay:0.52/0.00;security:0.26/0.00"
the_hard_contract,wanderers,cargo,objective-first,50,31,19,0,0,0,0.9028,1.0000,3338,9420,0.0918,41,0.4469,0.4495,0.5280,0.5506,407.58,0,3367,2837,2204,3093,521,447,0,148,0,0,0,40642.28,90.28,360.00,"agriculture:1.00/0.70;education_culture:1.00/0.70;engineering_bay:1.00/0.70;life_support_habitat:1.00/0.70;medical_bay:1.00/0.70;security:1.00/0.70","agriculture:0.53/0.00;education_culture:1.00/0.90;engineering_bay:0.24/0.00;life_support_habitat:1.00/0.46;medical_bay:1.00/0.25;security:0.57/0.00"
the_hard_contract,wanderers,combat,conservative,50,47,3,0,0,0,0.9525,1.0000,2338,10534,0.0942,2,0.6970,0.6990,0.3414,0.5305,351.00,0,2823,2921,2323,0,3278,447,0,1666,1256,0,0,25018.08,95.26,360.00,"agriculture:1.00/0.70;education_culture:1.00/0.70;engineering_bay:1.00/0.70;life_support_habitat:1.00/0.70;medical_bay:1.00/0.70;security:1.00/0.70","agriculture:0.71/0.40;education_culture:1.00/0.90;engineering_bay:0.75/0.50;life_support_habitat:1.00/0.56;medical_bay:1.00/0.45;security:0.15/0.00"
the_hard_contract,wanderers,combat,first-choice,50,9,41,0,0,0,0.8584,1.0000,0,4,0.0000,15,0.4469,0.4490,0.5103,0.4951,637.64,98,3236,2984,1764,3239,643,469,0,590,1055,15,15,27832.92,85.82,360.02,"agriculture:1.00/0.70;education_culture:1.00/0.70;engineering_bay:1.00/0.70;life_support_habitat:1.00/0.70;medical_bay:1.00/0.70;security:1.00/0.70","agriculture:0.50/0.43;education_culture:0.78/0.45;engineering_bay:0.00/0.20;life_support_habitat:1.00/0.46;medical_bay:0.54/0.30;security:0.21/0.00"
the_hard_contract,wanderers,combat,objective-first,50,32,18,0,0,0,0.9029,1.0000,2338,10911,0.0918,91,0.4469,0.4600,0.5164,0.5384,403.80,0,3325,2845,2194,3106,561,444,0,136,0,0,0,39512.16,90.26,360.00,"agriculture:1.00/0.70;education_culture:1.00/0.70;engineering_bay:1.00/0.70;life_support_habitat:1.00/0.70;medical_bay:1.00/0.70;security:1.00/0.70","agriculture:0.17/0.15;education_culture:1.00/0.88;engineering_bay:0.07/0.00;life_support_habitat:1.00/0.46;medical_bay:1.00/0.25;security:0.21/0.00"
the_hard_contract,wanderers,fuel,conservative,50,50,0,0,0,0,0.9541,1.0000,6583,10493,0.8517,10,0.6970,0.6990,0.5666,0.5488,341.90,0,2799,2980,2301,0,3321,454,0,1667,1487,0,0,25473.86,95.42,360.00,"agriculture:1.00/0.70;education_culture:1.00/0.70;engineering_bay:1.00/0.70;life_support_habitat:1.00/0.70;medical_bay:1.00/0.70;security:1.00/0.70","agriculture:0.74/0.58;education_culture:1.00/0.89;engineering_bay:0.69/0.30;life_support_habitat:1.00/0.51;medical_bay:1.00/0.38;security:0.31/0.00"
the_hard_contract,wanderers,fuel,first-choice,50,18,32,0,0,0,0.8809,1.0000,3431,626,0.8500,14,0.4469,0.4490,0.5103,0.4951,503.40,89,3145,2962,1807,3359,648,451,0,666,1289,5,5,27757.46,88.10,360.00,"agriculture:1.00/0.70;education_culture:1.00/0.70;engineering_bay:1.00/0.70;life_support_habitat:1.00/0.70;medical_bay:1.00/0.70;security:1.00/0.70","agriculture:0.47/0.55;education_culture:0.85/0.53;engineering_bay:0.00/0.00;life_support_habitat:1.00/0.41;medical_bay:0.74/0.00;security:0.25/0.00"
the_hard_contract,wanderers,fuel,objective-first,50,25,25,0,0,0,0.8993,1.0000,6583,9900,0.8499,41,0.4470,0.4495,0.4950,0.3701,427.88,0,3386,2782,2200,3071,539,447,0,150,0,0,0,42312.06,89.96,360.00,"agriculture:1.00/0.70;education_culture:1.00/0.70;engineering_bay:1.00/0.70;life_support_habitat:1.00/0.70;medical_bay:1.00/0.70;security:1.00/0.70","agriculture:0.53/0.00;education_culture:1.00/0.90;engineering_bay:0.24/0.00;life_support_habitat:1.00/0.46;medical_bay:1.00/0.25;security:0.57/0.00"
the_hard_contract,wanderers,speed,conservative,50,50,0,0,0,0,0.9526,1.0000,3848,11070,0.2712,0,0.6971,0.6970,0.5666,0.5506,347.48,0,2864,3010,2290,0,3314,435,0,1780,1683,0,0,25372.84,95.26,360.00,"agriculture:1.00/0.70;education_culture:1.00/0.70;engineering_bay:1.00/0.70;life_support_habitat:1.00/0.70;medical_bay:1.00/0.70;security:1.00/0.70","agriculture:0.74/0.58;education_culture:1.00/0.84;engineering_bay:0.07/0.00;life_support_habitat:1.00/0.41;medical_bay:1.00/0.55;security:0.59/0.00"
the_hard_contract,wanderers,speed,first-choice,50,19,31,0,0,0,0.8818,1.0000,1046,490,0.1118,13,0.4469,0.4490,0.4489,0.4951,516.06,91,3218,2890,1778,3277,645,453,0,634,1392,15,15,27695.42,88.22,360.00,"agriculture:1.00/0.70;education_culture:1.00/0.70;engineering_bay:1.00/0.70;life_support_habitat:1.00/0.70;medical_bay:1.00/0.70;security:1.00/0.70","agriculture:0.35/0.04;education_culture:0.91/0.44;engineering_bay:0.00/0.00;life_support_habitat:1.00/0.58;medical_bay:0.48/0.00;security:0.50/0.00"
the_hard_contract,wanderers,speed,objective-first,50,26,24,0,0,0,0.9003,1.0000,3848,11073,0.0918,76,0.4469,0.4495,0.4950,0.4549,417.00,0,3404,2798,2209,3136,538,453,0,136,0,0,0,43954.36,90.12,360.00,"agriculture:1.00/0.70;education_culture:1.00/0.70;engineering_bay:1.00/0.70;life_support_habitat:1.00/0.70;medical_bay:1.00/0.70;security:1.00/0.70","agriculture:0.00/0.15;education_culture:1.00/0.92;engineering_bay:0.00/0.00;life_support_habitat:1.00/0.36;medical_bay:1.00/0.55;security:0.31/0.00"
the_hard_contract,wanderers,starter,conservative,50,49,1,0,0,0,0.9546,1.0000,6621,10493,0.5090,0,0.6621,0.6990,0.5666,0.5506,338.58,0,2707,2919,2333,0,3431,457,0,1781,1882,0,0,25256.78,95.44,360.00,"agriculture:1.00/0.70;education_culture:1.00/0.70;engineering_bay:1.00/0.70;life_support_habitat:1.00/0.70;medical_bay:1.00/0.70;security:1.00/0.70","agriculture:0.72/0.58;education_culture:1.00/0.93;engineering_bay:0.73/0.38;life_support_habitat:1.00/0.53;medical_bay:1.00/0.35;security:0.06/0.00"
the_hard_contract,wanderers,starter,first-choice,50,10,40,0,0,0,0.8632,1.0000,2216,952,0.0927,0,0.4470,0.4490,0.5103,0.4955,624.92,96,3294,2975,1766,3170,620,470,0,649,1637,4,4,28027.04,86.34,360.00,"agriculture:1.00/0.70;education_culture:1.00/0.70;engineering_bay:1.00/0.70;life_support_habitat:1.00/0.70;medical_bay:1.00/0.70;security:1.00/0.70","agriculture:0.46/0.62;education_culture:0.89/0.53;engineering_bay:0.60/0.46;life_support_habitat:1.00/0.53;medical_bay:0.79/0.30;security:0.01/0.00"
the_hard_contract,wanderers,starter,objective-first,50,30,20,0,0,0,0.9004,1.0000,9588,10133,0.0918,41,0.4469,0.4495,0.5280,0.4398,416.74,0,3409,2835,2213,3057,525,454,0,146,0,0,0,46785.28,90.02,360.00,"agriculture:1.00/0.70;education_culture:1.00/0.70;engineering_bay:1.00/0.70;life_support_habitat:1.00/0.70;medical_bay:1.00/0.70;security:1.00/0.70","agriculture:0.53/0.00;education_culture:1.00/0.90;engineering_bay:0.24/0.00;life_support_habitat:1.00/0.46;medical_bay:1.00/0.25;security:0.57/0.00"
the_karst_works,adaptors,cargo,conservative,50,48,2,0,0,0,0.9528,1.0000,3514,10156,0.1009,0,0.6900,0.6990,0.6145,0.4773,297.28,0,3203,3220,2460,0,3672,493,0,2131,1550,0,0,21626.46,95.26,400.00,"agriculture:1.00/0.70;education_culture:1.00/0.70;engineering_bay:1.00/0.70;life_support_habitat:1.00/0.70;medical_bay:1.00/0.70;security:1.00/0.70","agriculture:0.75/0.48;education_culture:1.00/0.78;engineering_bay:0.74/0.40;life_support_habitat:1.00/0.45;medical_bay:1.00/0.50;security:0.47/0.00"
the_karst_works,adaptors,cargo,first-choice,50,18,32,0,0,0,0.8898,0.9998,1216,593,0.0307,0,0.3731,0.4490,0.5181,0.4901,569.50,99,3619,3215,1886,3464,767,490,0,858,976,4,4,21556.72,89.00,400.00,"agriculture:1.00/0.70;education_culture:1.00/0.70;engineering_bay:1.00/0.70;life_support_habitat:1.00/0.70;medical_bay:1.00/0.70;security:1.00/0.70","agriculture:0.46/0.02;education_culture:0.32/0.00;engineering_bay:0.53/0.40;life_support_habitat:1.00/0.27;medical_bay:0.39/0.15;security:0.22/0.00"
the_karst_works,adaptors,cargo,objective-first,50,34,16,0,0,0,0.9194,1.0000,3514,8582,0.2068,27,0.4474,0.4495,0.6145,0.5510,445.30,0,3710,3091,2474,3419,616,497,0,630,226,0,0,37462.26,91.94,400.00,"agriculture:1.00/0.70;education_culture:1.00/0.70;engineering_bay:1.00/0.70;life_support_habitat:1.00/0.70;medical_bay:1.00/0.70;security:1.00/0.70","agriculture:0.00/0.00;education_culture:1.00/0.82;engineering_bay:0.54/0.40;life_support_habitat:1.00/0.33;medical_bay:1.00/0.27;security:0.48/0.00"
the_karst_works,adaptors,combat,conservative,50,48,2,0,0,0,0.9552,1.0000,2514,9913,0.1009,0,0.6362,0.6770,0.6145,0.5677,290.52,0,3132,3202,2407,0,3716,477,0,2134,1499,0,0,21618.46,95.54,400.00,"agriculture:1.00/0.70;education_culture:1.00/0.70;engineering_bay:1.00/0.70;life_support_habitat:1.00/0.70;medical_bay:1.00/0.70;security:1.00/0.70","agriculture:0.71/0.48;education_culture:1.00/0.85;engineering_bay:0.78/0.40;life_support_habitat:1.00/0.59;medical_bay:1.00/0.50;security:0.55/0.05"
the_karst_works,adaptors,combat,first-choice,50,20,30,0,0,0,0.8955,0.9985,216,511,0.0386,0,0.3732,0.4490,0.4624,0.4901,540.56,97,3610,3216,1864,3497,764,486,0,824,899,6,6,21466.62,89.56,400.00,"agriculture:1.00/0.70;education_culture:1.00/0.70;engineering_bay:1.00/0.70;life_support_habitat:1.00/0.70;medical_bay:1.00/0.70;security:1.00/0.70","agriculture:0.53/0.44;education_culture:0.36/0.00;engineering_bay:0.52/0.40;life_support_habitat:1.00/0.27;medical_bay:0.16/0.00;security:0.25/0.00"
the_karst_works,adaptors,combat,objective-first,50,34,16,0,0,0,0.9159,1.0000,2514,8582,0.2056,82,0.4473,0.4490,0.6145,0.5148,460.40,0,3796,3042,2479,3394,644,498,0,627,166,0,0,37378.26,91.62,400.00,"agriculture:1.00/0.70;education_culture:1.00/0.70;engineering_bay:1.00/0.70;life_support_habitat:1.00/0.70;medical_bay:1.00/0.70;security:1.00/0.70","agriculture:0.00/0.00;education_culture:1.00/0.82;engineering_bay:0.53/0.40;life_support_habitat:1.00/0.33;medical_bay:1.00/0.27;security:0.49/0.00"
the_karst_works,adaptors,fuel,conservative,50,48,2,0,0,0,0.9587,1.0000,6744,10136,0.8626,0,0.6460,0.6900,0.6145,0.5851,273.10,0,3094,3180,2498,0,3640,524,0,2111,1652,0,0,21593.06,95.92,400.00,"agriculture:1.00/0.70;education_culture:1.00/0.70;engineering_bay:1.00/0.70;life_support_habitat:1.00/0.70;medical_bay:1.00/0.70;security:1.00/0.70","agriculture:0.75/0.48;education_culture:1.00/0.85;engineering_bay:0.74/0.48;life_support_habitat:1.00/0.50;medical_bay:1.00/0.44;security:0.59/0.00"
the_karst_works,adaptors,fuel,first-choice,50,27,23,0,0,0,0.9018,0.9977,0,0,0.8500,0,0.4277,0.4490,0.0000,0.4901,511.56,95,3687,3185,1959,3561,718,476,0,753,1048,11,11,20760.60,90.18,400.00,"agriculture:1.00/0.70;education_culture:1.00/0.70;engineering_bay:1.00/0.70;life_support_habitat:1.00/0.70;medical_bay:1.00/0.70;security:1.00/0.70","agriculture:0.51/0.23;education_culture:0.49/0.11;engineering_bay:0.46/0.45;life_support_habitat:1.00/0.32;medical_bay:0.43/0.15;security:0.54/0.00"
the_karst_works,adaptors,fuel,objective-first,50,32,18,0,0,0,0.9134,1.0000,6744,9386,0.8626,54,0.4474,0.4495,0.6050,0.2671,464.92,0,3672,3113,2436,3385,628,472,0,579,325,0,0,37095.46,91.32,400.00,"agriculture:1.00/0.70;education_culture:1.00/0.70;engineering_bay:1.00/0.70;life_support_habitat:1.00/0.70;medical_bay:1.00/0.70;security:1.00/0.70","agriculture:0.00/0.00;education_culture:1.00/0.85;engineering_bay:0.50/0.40;life_support_habitat:1.00/0.28;medical_bay:1.00/0.24;security:0.32/0.00"
the_karst_works,adaptors,speed,conservative,50,49,1,0,0,0,0.9626,1.0000,4054,9960,0.2661,0,0.5390,0.6440,0.6145,0.4715,252.18,0,3121,3274,2472,0,3656,508,0,2221,1952,0,0,21766.66,96.24,400.00,"agriculture:1.00/0.70;education_culture:1.00/0.70;engineering_bay:1.00/0.70;life_support_habitat:1.00/0.70;medical_bay:1.00/0.70;security:1.00/0.70","agriculture:0.72/0.48;education_culture:1.00/0.85;engineering_bay:0.72/0.40;life_support_habitat:1.00/0.55;medical_bay:1.00/0.47;security:0.42/0.00"
the_karst_works,adaptors,speed,first-choice,50,25,25,0,0,0,0.8959,1.0000,115,8,0.0397,0,0.4473,0.4490,0.1587,0.3979,541.20,98,3673,3176,1882,3456,773,488,0,861,1367,7,7,21326.82,89.62,400.00,"agriculture:1.00/0.70;education_culture:1.00/0.70;engineering_bay:1.00/0.70;life_support_habitat:1.00/0.70;medical_bay:1.00/0.70;security:1.00/0.70","agriculture:0.42/0.12;education_culture:0.40/0.00;engineering_bay:0.53/0.40;life_support_habitat:1.00/0.27;medical_bay:0.47/0.00;security:0.25/0.00"
the_karst_works,adaptors,speed,objective-first,50,34,16,0,0,0,0.9235,1.0000,4054,7127,0.0000,35,0.4474,0.4495,0.6145,0.4648,427.74,0,3776,2990,2516,3286,627,496,0,598,309,0,0,41479.66,92.38,400.04,"agriculture:1.00/0.70;education_culture:1.00/0.70;engineering_bay:1.00/0.70;life_support_habitat:1.00/0.70;medical_bay:1.00/0.70;security:1.00/0.70","agriculture:0.21/0.00;education_culture:1.00/0.85;engineering_bay:0.52/0.40;life_support_habitat:1.00/0.33;medical_bay:1.00/0.27;security:0.19/0.00"
the_karst_works,adaptors,starter,conservative,50,50,0,0,0,0,0.9636,1.0000,7086,9946,0.5560,0,0.6976,0.6990,0.6145,0.5680,250.16,0,3019,3198,2453,0,3710,473,0,2180,2043,0,0,21542.66,96.38,400.00,"agriculture:1.00/0.70;education_culture:1.00/0.70;engineering_bay:1.00/0.70;life_support_habitat:1.00/0.70;medical_bay:1.00/0.70;security:1.00/0.70","agriculture:0.71/0.48;education_culture:1.00/0.85;engineering_bay:0.72/0.40;life_support_habitat:1.00/0.42;medical_bay:1.00/0.24;security:0.17/0.00"
the_karst_works,adaptors,starter,first-choice,50,20,30,0,0,0,0.8925,0.9984,176,0,0.0000,7,0.4474,0.4490,0.1916,0.4873,555.70,97,3656,3245,1903,3447,830,492,0,770,1398,9,9,21348.46,89.24,400.02,"agriculture:1.00/0.70;education_culture:1.00/0.70;engineering_bay:1.00/0.70;life_support_habitat:1.00/0.70;medical_bay:1.00/0.70;security:1.00/0.70","agriculture:0.21/0.00;education_culture:0.29/0.00;engineering_bay:0.51/0.40;life_support_habitat:1.00/0.39;medical_bay:0.08/0.00;security:0.27/0.00"
the_karst_works,adaptors,starter,objective-first,50,39,11,0,0,0,0.9218,1.0000,9424,6921,0.0000,21,0.4474,0.4495,0.6145,0.5762,435.26,0,3684,3047,2519,3451,614,497,0,539,339,0,0,41899.66,92.16,400.02,"agriculture:1.00/0.70;education_culture:1.00/0.70;engineering_bay:1.00/0.70;life_support_habitat:1.00/0.70;medical_bay:1.00/0.70;security:1.00/0.70","agriculture:0.49/0.00;education_culture:1.00/0.82;engineering_bay:0.49/0.40;life_support_habitat:1.00/0.33;medical_bay:1.00/0.24;security:0.33/0.00"
the_karst_works,preservers,cargo,conservative,50,50,0,0,0,0,0.9594,1.0000,3404,10717,0.1898,0,0.6479,0.6770,0.6168,0.5341,271.26,0,3091,3269,2546,0,3629,482,0,2152,1582,0,0,21636.44,95.94,400.00,"agriculture:1.00/0.70;education_culture:1.00/0.70;engineering_bay:1.00/0.70;life_support_habitat:1.00/0.70;medical_bay:1.00/0.70;security:1.00/0.70","agriculture:0.74/0.48;education_culture:1.00/0.82;engineering_bay:0.75/0.40;life_support_habitat:1.00/0.55;medical_bay:1.00/0.47;security:0.56/0.00"
the_karst_works,preservers,cargo,first-choice,50,21,29,0,0,0,0.8949,1.0000,1480,478,0.0000,29,0.4474,0.4490,0.5858,0.5016,544.60,95,3660,3254,1903,3442,791,485,0,799,965,6,6,21290.86,89.46,400.02,"agriculture:1.00/0.70;education_culture:1.00/0.70;engineering_bay:1.00/0.70;life_support_habitat:1.00/0.70;medical_bay:1.00/0.70;security:1.00/0.70","agriculture:0.45/0.35;education_culture:0.74/0.00;engineering_bay:0.53/0.40;life_support_habitat:1.00/0.45;medical_bay:0.17/0.00;security:0.47/0.00"
the_karst_works,preservers,cargo,objective-first,50,39,11,0,0,0,0.9269,1.0000,3404,11056,0.1911,55,0.4474,0.4495,0.5172,0.5152,413.16,0,3798,2965,2474,3285,649,488,0,581,242,0,0,37299.64,92.68,400.00,"agriculture:1.00/0.70;education_culture:1.00/0.70;engineering_bay:1.00/0.70;life_support_habitat:1.00/0.70;medical_bay:1.00/0.70;security:1.00/0.70","agriculture:0.19/0.00;education_culture:1.00/0.73;engineering_bay:0.46/0.40;life_support_habitat:1.00/0.38;medical_bay:1.00/0.33;security:0.18/0.00"
the_karst_works,preservers,combat,conservative,50,50,0,0,0,0,0.9551,1.0000,2404,10502,0.1855,0,0.6832,0.6990,0.6168,0.5341,288.14,0,3122,3245,2547,0,3639,477,0,2122,1472,0,0,21622.44,95.52,400.00,"agriculture:1.00/0.70;education_culture:1.00/0.70;engineering_bay:1.00/0.70;life_support_habitat:1.00/0.70;medical_bay:1.00/0.70;security:1.00/0.70","agriculture:0.74/0.48;education_culture:1.00/0.85;engineering_bay:0.73/0.40;life_support_habitat:1.00/0.63;medical_bay:1.00/0.47;security:0.27/0.00"
the_karst_works,preservers,combat,first-choice,50,22,28,0,0,0,0.8927,1.0000,1206,569,0.0000,31,0.4474,0.4490,0.6362,0.5016,556.96,97,3648,3234,1889,3410,791,490,0,788,889,6,6,21339.58,89.32,400.02,"agriculture:1.00/0.70;education_culture:1.00/0.70;engineering_bay:1.00/0.70;life_support_habitat:1.00/0.70;medical_bay:1.00/0.70;security:1.00/0.70","agriculture:0.54/0.30;education_culture:0.74/0.00;engineering_bay:0.50/0.40;life_support_habitat:1.00/0.45;medical_bay:0.17/0.00;security:0.47/0.00"
the_karst_works,preservers,combat,objective-first,50,41,9,0,0,0,0.9303,1.0000,2404,10978,0.1899,41,0.4474,0.4495,0.5172,0.4770,398.66,0,3734,2975,2397,3386,647,480,0,577,183,0,0,37383.44,93.06,400.00,"agriculture:1.00/0.70;education_culture:1.00/0.70;engineering_bay:1.00/0.70;life_support_habitat:1.00/0.70;medical_bay:1.00/0.70;security:1.00/0.70","agriculture:0.19/0.00;education_culture:1.00/0.85;engineering_bay:0.46/0.40;life_support_habitat:1.00/0.35;medical_bay:1.00/0.30;security:0.18/0.00"
the_karst_works,preservers,fuel,conservative,50,49,1,0,0,0,0.9593,1.0000,6509,11017,0.8600,0,0.6975,0.6990,0.6168,0.5341,271.82,0,3071,3153,2496,0,3792,488,0,2104,1698,0,0,21582.64,95.88,400.00,"agriculture:1.00/0.70;education_culture:1.00/0.70;engineering_bay:1.00/0.70;life_support_habitat:1.00/0.70;medical_bay:1.00/0.70;security:1.00/0.70","agriculture:0.70/0.48;education_culture:1.00/0.85;engineering_bay:0.76/0.40;life_support_habitat:1.00/0.40;medical_bay:1.00/0.44;security:0.40/0.00"
the_karst_works,preservers,fuel,first-choice,50,28,22,0,0,0,0.8984,0.9994,0,0,0.8500,28,0.4474,0.4490,0.4190,0.5016,533.14,95,3706,3181,1953,3455,757,513,0,727,1059,10,10,21208.96,89.84,400.00,"agriculture:1.00/0.70;education_culture:1.00/0.70;engineering_bay:1.00/0.70;life_support_habitat:1.00/0.70;medical_bay:1.00/0.70;security:1.00/0.70","agriculture:0.10/0.00;education_culture:0.79/0.26;engineering_bay:0.53/0.40;life_support_habitat:1.00/0.44;medical_bay:0.13/0.00;security:0.22/0.00"
the_karst_works,preservers,fuel,objective-first,50,30,20,0,0,0,0.9171,1.0000,6509,9364,0.8600,57,0.4474,0.4495,0.5172,0.5296,454.52,0,3794,3056,2447,3359,632,502,0,582,326,0,0,37955.64,91.68,400.00,"agriculture:1.00/0.70;education_culture:1.00/0.70;engineering_bay:1.00/0.70;life_support_habitat:1.00/0.70;medical_bay:1.00/0.70;security:1.00/0.70","agriculture:0.00/0.00;education_culture:1.00/0.83;engineering_bay:0.53/0.40;life_support_habitat:1.00/0.43;medical_bay:1.00/0.30;security:0.47/0.00"
the_karst_works,preservers,speed,conservative,50,50,0,0,0,0,0.9643,1.0000,4054,10123,0.0788,0,0.6045,0.6910,0.6168,0.5162,247.26,0,3092,3246,2519,0,3693,480,0,2171,1951,0,0,21653.24,96.46,400.00,"agriculture:1.00/0.70;education_culture:1.00/0.70;engineering_bay:1.00/0.70;life_support_habitat:1.00/0.70;medical_bay:1.00/0.70;security:1.00/0.70","agriculture:0.70/0.43;education_culture:1.00/0.85;engineering_bay:0.74/0.40;life_support_habitat:1.00/0.57;medical_bay:1.00/0.57;security:0.74/0.40"
the_karst_works,preservers,speed,first-choice,50,22,28,0,0,0,0.8877,1.0000,3406,429,0.0000,3,0.4474,0.4490,0.6362,0.5016,575.76,95,3639,3182,1933,3465,782,487,0,853,1355,5,5,21402.06,88.78,400.02,"agriculture:1.00/0.70;education_culture:1.00/0.70;engineering_bay:1.00/0.70;life_support_habitat:1.00/0.70;medical_bay:1.00/0.70;security:1.00/0.70","agriculture:0.47/0.29;education_culture:0.75/0.15;engineering_bay:0.45/0.40;life_support_habitat:1.00/0.46;medical_bay:0.19/0.15;security:0.23/0.00"
the_karst_works,preservers,speed,objective-first,50,37,13,0,0,0,0.9204,1.0000,4054,10588,0.2267,21,0.4473,0.4495,0.5172,0.4943,440.62,0,3823,3093,2407,3323,629,491,0,599,306,0,0,41122.84,92.06,400.00,"agriculture:1.00/0.70;education_culture:1.00/0.70;engineering_bay:1.00/0.70;life_support_habitat:1.00/0.70;medical_bay:1.00/0.70;security:1.00/0.70","agriculture:0.43/0.00;education_culture:1.00/0.85;engineering_bay:0.47/0.40;life_support_habitat:1.00/0.33;medical_bay:0.97/0.30;security:0.46/0.00"
the_karst_works,preservers,starter,conservative,50,50,0,0,0,0,0.9591,1.0000,7716,10309,0.4837,0,0.6976,0.6870,0.6168,0.5341,271.14,0,3108,3236,2505,0,3717,497,0,2126,2095,0,0,21733.44,95.92,400.00,"agriculture:1.00/0.70;education_culture:1.00/0.70;engineering_bay:1.00/0.70;life_support_habitat:1.00/0.70;medical_bay:1.00/0.70;security:1.00/0.70","agriculture:0.73/0.43;education_culture:1.00/0.85;engineering_bay:0.74/0.40;life_support_habitat:1.00/0.60;medical_bay:1.00/0.54;security:0.59/0.00"
the_karst_works,preservers,starter,first-choice,50,26,24,0,0,0,0.8989,0.9994,3222,591,0.1650,4,0.4474,0.4490,0.4668,0.4988,527.94,97,3659,3151,1900,3418,782,489,0,752,1518,2,2,21527.94,89.88,400.00,"agriculture:1.00/0.70;education_culture:1.00/0.70;engineering_bay:1.00/0.70;life_support_habitat:1.00/0.70;medical_bay:1.00/0.70;security:1.00/0.70","agriculture:0.50/0.25;education_culture:0.54/0.00;engineering_bay:0.53/0.40;life_support_habitat:1.00/0.35;medical_bay:0.23/0.00;security:0.00/0.00"
the_karst_works,preservers,starter,objective-first,50,37,13,0,0,0,0.9177,1.0000,9054,9677,0.1176,40,0.4474,0.4495,0.5172,0.5341,452.68,0,3757,3075,2467,3360,650,497,0,567,332,0,0,42620.04,91.82,400.00,"agriculture:1.00/0.70;education_culture:1.00/0.70;engineering_bay:1.00/0.70;life_support_habitat:1.00/0.70;medical_bay:1.00/0.70;security:1.00/0.70","agriculture:0.00/0.00;education_culture:1.00/0.85;engineering_bay:0.56/0.40;life_support_habitat:1.00/0.48;medical_bay:0.97/0.30;security:0.49/0.00"
the_karst_works,wanderers,cargo,conservative,50,46,4,0,0,0,0.9422,1.0000,2944,10535,0.0369,0,0.6976,0.6925,0.6287,0.5363,347.66,0,3185,3253,2541,0,3654,494,0,2142,1573,0,0,21655.96,94.20,400.00,"agriculture:1.00/0.70;education_culture:1.00/0.70;engineering_bay:1.00/0.70;life_support_habitat:1.00/0.70;medical_bay:1.00/0.70;security:1.00/0.70","agriculture:0.70/0.48;education_culture:1.00/0.85;engineering_bay:0.78/0.40;life_support_habitat:1.00/0.56;medical_bay:1.00/0.44;security:0.57/0.00"
the_karst_works,wanderers,cargo,first-choice,50,26,24,0,0,0,0.9017,1.0000,1237,0,0.0000,6,0.4474,0.4490,0.5181,0.4917,517.84,98,3741,3171,1946,3386,790,471,0,786,1000,10,10,21241.62,90.22,400.08,"agriculture:1.00/0.70;education_culture:1.00/0.70;engineering_bay:1.00/0.70;life_support_habitat:1.00/0.70;medical_bay:1.00/0.70;security:1.00/0.70","agriculture:0.55/0.00;education_culture:0.52/0.00;engineering_bay:0.49/0.44;life_support_habitat:1.00/0.42;medical_bay:0.19/0.00;security:0.18/0.00"
the_karst_works,wanderers,cargo,objective-first,50,27,23,0,0,0,0.9064,1.0000,2874,10535,0.0579,41,0.4474,0.4495,0.6287,0.4716,501.12,0,3789,3110,2518,3311,662,487,0,615,211,0,0,37798.56,90.68,400.00,"agriculture:1.00/0.70;education_culture:1.00/0.70;engineering_bay:1.00/0.70;life_support_habitat:1.00/0.70;medical_bay:1.00/0.70;security:1.00/0.70","agriculture:0.47/0.00;education_culture:1.00/0.72;engineering_bay:0.55/0.40;life_support_habitat:1.00/0.45;medical_bay:1.00/0.27;security:0.29/0.00"
the_karst_works,wanderers,combat,conservative,50,45,5,0,0,0,0.9397,1.0000,1944,10535,0.0369,0,0.5582,0.6160,0.6287,0.5363,358.08,0,3172,3272,2576,0,3664,488,0,2184,1454,0,0,21685.16,93.90,400.00,"agriculture:1.00/0.70;education_culture:1.00/0.70;engineering_bay:1.00/0.70;life_support_habitat:1.00/0.70;medical_bay:1.00/0.70;security:1.00/0.70","agriculture:0.72/0.48;education_culture:1.00/0.85;engineering_bay:0.78/0.40;life_support_habitat:1.00/0.55;medical_bay:1.00/0.54;security:0.34/0.05"
the_karst_works,wanderers,combat,first-choice,50,23,27,0,0,0,0.8975,0.9985,845,0,0.0000,33,0.4474,0.4490,0.0806,0.4779,531.10,97,3741,3177,1884,3406,788,490,0,814,1130,11,11,21294.48,89.80,400.26,"agriculture:1.00/0.70;education_culture:1.00/0.70;engineering_bay:1.00/0.70;life_support_habitat:1.00/0.70;medical_bay:1.00/0.70;security:1.00/0.70","agriculture:0.23/0.00;education_culture:0.56/0.00;engineering_bay:0.54/0.44;life_support_habitat:1.00/0.30;medical_bay:0.19/0.00;security:0.18/0.00"
the_karst_works,wanderers,combat,objective-first,50,33,17,0,0,0,0.9146,1.0000,1874,10535,0.0548,41,0.4474,0.4495,0.6287,0.4911,466.02,0,3752,3040,2503,3270,644,489,0,603,167,0,0,37131.36,91.46,400.00,"agriculture:1.00/0.70;education_culture:1.00/0.70;engineering_bay:1.00/0.70;life_support_habitat:1.00/0.70;medical_bay:1.00/0.70;security:1.00/0.70","agriculture:0.47/0.00;education_culture:1.00/0.72;engineering_bay:0.54/0.40;life_support_habitat:1.00/0.45;medical_bay:1.00/0.27;security:0.29/0.00"
the_karst_works,wanderers,fuel,conservative,50,45,5,0,0,0,0.9395,1.0000,5939,10567,0.8541,0,0.6976,0.6940,0.6287,0.5363,359.28,0,3110,3302,2640,0,3679,472,0,2172,1585,0,0,21529.96,94.02,400.00,"agriculture:1.00/0.70;education_culture:1.00/0.70;engineering_bay:1.00/0.70;life_support_habitat:1.00/0.70;medical_bay:1.00/0.70;security:1.00/0.70","agriculture:0.72/0.38;education_culture:1.00/0.85;engineering_bay:0.73/0.40;life_support_habitat:1.00/0.34;medical_bay:1.00/0.37;security:0.27/0.00"
the_karst_works,wanderers,fuel,first-choice,50,24,26,0,0,0,0.8959,0.9978,0,0,0.8500,3,0.4474,0.4490,0.3642,0.4917,543.08,96,3802,3075,1864,3374,763,493,0,803,1240,17,17,21002.22,89.64,400.00,"agriculture:1.00/0.70;education_culture:1.00/0.70;engineering_bay:1.00/0.70;life_support_habitat:1.00/0.70;medical_bay:1.00/0.70;security:1.00/0.70","agriculture:0.27/0.00;education_culture:0.70/0.07;engineering_bay:0.55/0.40;life_support_habitat:1.00/0.55;medical_bay:0.40/0.00;security:0.50/0.00"
the_karst_works,wanderers,fuel,objective-first,50,31,19,0,0,0,0.9135,1.0000,5874,9303,0.8528,50,0.4474,0.4495,0.5986,0.5363,470.54,0,3738,3039,2468,3324,644,476,0,611,308,0,0,37641.16,91.40,400.00,"agriculture:1.00/0.70;education_culture:1.00/0.70;engineering_bay:1.00/0.70;life_support_habitat:1.00/0.70;medical_bay:1.00/0.70;security:1.00/0.70","agriculture:0.43/0.00;education_culture:1.00/0.81;engineering_bay:0.52/0.40;life_support_habitat:1.00/0.33;medical_bay:1.00/0.54;security:0.19/0.00"
the_karst_works,wanderers,speed,conservative,50,46,4,0,0,0,0.9449,1.0000,3954,10735,0.0552,2,0.6976,0.6990,0.6287,0.5363,334.62,0,3115,3286,2565,0,3792,492,0,2278,1904,0,0,21687.76,94.56,400.00,"agriculture:1.00/0.70;education_culture:1.00/0.70;engineering_bay:1.00/0.70;life_support_habitat:1.00/0.70;medical_bay:1.00/0.70;security:1.00/0.70","agriculture:0.75/0.48;education_culture:1.00/0.85;engineering_bay:0.75/0.45;life_support_habitat:1.00/0.53;medical_bay:1.00/0.54;security:0.57/0.00"
the_karst_works,wanderers,speed,first-choice,50,26,24,0,0,0,0.9060,1.0000,1360,529,0.0000,1,0.4474,0.4490,0.5181,0.4917,495.28,97,3751,3114,1956,3440,808,493,0,863,1516,6,6,21265.44,90.66,400.08,"agriculture:1.00/0.70;education_culture:1.00/0.70;engineering_bay:1.00/0.70;life_support_habitat:1.00/0.70;medical_bay:1.00/0.70;security:1.00/0.70","agriculture:0.49/0.46;education_culture:0.54/0.08;engineering_bay:0.53/0.40;life_support_habitat:1.00/0.56;medical_bay:0.21/0.00;security:0.25/0.00"
the_karst_works,wanderers,speed,objective-first,50,30,20,0,0,0,0.9112,1.0000,3874,9232,0.1489,45,0.4475,0.4495,0.4522,0.5216,480.50,0,3734,3032,2499,3342,661,492,0,619,285,0,0,41175.56,91.20,400.00,"agriculture:1.00/0.70;education_culture:1.00/0.70;engineering_bay:1.00/0.70;life_support_habitat:1.00/0.70;medical_bay:1.00/0.70;security:1.00/0.70","agriculture:0.22/0.00;education_culture:1.00/0.83;engineering_bay:0.50/0.40;life_support_habitat:1.00/0.33;medical_bay:1.00/0.24;security:0.25/0.00"
the_karst_works,wanderers,starter,conservative,50,49,1,0,0,0,0.9501,1.0000,6090,10840,0.5265,0,0.5765,0.6890,0.6287,0.5380,311.48,0,2958,3279,2565,0,3686,487,0,2184,2064,0,0,21538.36,95.06,400.00,"agriculture:1.00/0.70;education_culture:1.00/0.70;engineering_bay:1.00/0.70;life_support_habitat:1.00/0.70;medical_bay:1.00/0.70;security:1.00/0.70","agriculture:0.70/0.28;education_culture:1.00/0.85;engineering_bay:0.73/0.40;life_support_habitat:1.00/0.54;medical_bay:1.00/0.54;security:0.61/0.00"
the_karst_works,wanderers,starter,first-choice,50,26,24,0,0,0,0.9013,0.9987,112,0,0.0000,0,0.4369,0.4490,0.3719,0.4981,508.90,95,3680,3144,1965,3456,805,481,0,820,1679,8,8,21404.96,90.08,400.00,"agriculture:1.00/0.70;education_culture:1.00/0.70;engineering_bay:1.00/0.70;life_support_habitat:1.00/0.70;medical_bay:1.00/0.70;security:1.00/0.70","agriculture:0.47/0.32;education_culture:0.86/0.38;engineering_bay:0.53/0.40;life_support_habitat:1.00/0.55;medical_bay:0.33/0.00;security:0.52/0.00"
the_karst_works,wanderers,starter,objective-first,50,31,19,0,0,0,0.9111,1.0000,8524,9878,0.1780,46,0.4474,0.4495,0.5986,0.4291,480.44,0,3790,3017,2489,3326,660,469,0,589,329,0,0,41683.56,91.12,400.00,"agriculture:1.00/0.70;education_culture:1.00/0.70;engineering_bay:1.00/0.70;life_support_habitat:1.00/0.70;medical_bay:1.00/0.70;security:1.00/0.70","agriculture:0.43/0.00;education_culture:1.00/0.81;engineering_bay:0.52/0.40;life_support_habitat:1.00/0.33;medical_bay:1.00/0.54;security:0.19/0.00"
the_long_dark,adaptors,cargo,conservative,50,12,38,0,0,0,0.8591,1.0000,3314,9457,0.0000,0,0.2751,0.5640,0.6016,0.5667,575.20,0,5109,4734,4166,0,5409,788,0,3720,2824,0,0,53595.50,85.78,615.22,"agriculture:1.00/0.70;education_culture:1.00/0.70;engineering_bay:1.00/0.70;life_support_habitat:1.00/0.70;medical_bay:1.00/0.70;security:1.00/0.70","agriculture:0.73/0.38;education_culture:1.00/0.94;engineering_bay:0.13/0.00;life_support_habitat:1.00/0.58;medical_bay:0.97/0.42;security:0.00/0.00"
the_long_dark,adaptors,cargo,first-choice,50,1,24,25,0,0,0.7496,0.9143,101,5,0.0000,0,0.0195,0.2205,0.0000,0.4609,599.48,100,6156,4372,2761,5098,1023,784,10,1728,1992,21,21,48704.04,74.96,607.04,"agriculture:1.00/0.70;education_culture:1.00/0.70;engineering_bay:1.00/0.70;life_support_habitat:1.00/0.70;medical_bay:1.00/0.70;security:1.00/0.70","agriculture:0.37/0.44;education_culture:0.11/0.00;engineering_bay:0.00/0.00;life_support_habitat:1.00/0.69;medical_bay:0.00/0.00;security:0.00/0.00"
the_long_dark,adaptors,cargo,objective-first,50,0,36,14,0,0,0.7770,1.0000,3314,8390,0.0000,0,0.2577,0.3305,0.4287,0.4297,751.56,3,6397,4435,3935,5014,882,816,0,567,0,0,0,86211.90,77.68,619.22,"agriculture:1.00/0.70;education_culture:1.00/0.70;engineering_bay:1.00/0.70;life_support_habitat:1.00/0.70;medical_bay:1.00/0.70;security:1.00/0.70","agriculture:0.19/0.00;education_culture:1.00/0.84;engineering_bay:0.00/0.00;life_support_habitat:1.00/0.16;medical_bay:1.00/0.13;security:0.25/0.00"
the_long_dark,adaptors,combat,conservative,50,7,43,0,0,0,0.8563,1.0000,2314,9457,0.0000,0,0.2828,0.4890,0.6066,0.5667,581.00,0,5277,4720,4135,0,5446,816,0,3550,2703,0,0,53600.50,85.66,616.16,"agriculture:1.00/0.70;education_culture:1.00/0.70;engineering_bay:1.00/0.70;life_support_habitat:1.00/0.70;medical_bay:1.00/0.70;security:1.00/0.70","agriculture:0.70/0.58;education_culture:1.00/0.98;engineering_bay:0.36/0.23;life_support_habitat:1.00/0.51;medical_bay:1.00/0.41;security:0.00/0.00"
the_long_dark,adaptors,combat,first-choice,50,1,25,23,1,0,0.7445,0.9224,1286,0,0.0000,0,0.0000,0.2430,0.0000,0.4609,640.30,100,6093,4476,2768,5217,1071,770,10,1676,1909,15,15,49192.24,74.42,607.92,"agriculture:1.00/0.70;education_culture:1.00/0.70;engineering_bay:1.00/0.70;life_support_habitat:1.00/0.70;medical_bay:1.00/0.70;security:1.00/0.70","agriculture:0.47/0.31;education_culture:0.24/0.00;engineering_bay:0.03/0.00;life_support_habitat:1.00/0.57;medical_bay:0.49/0.00;security:0.00/0.00"
the_long_dark,adaptors,combat,objective-first,50,0,36,14,0,0,0.7763,1.0000,2314,8390,0.0000,0,0.2441,0.3305,0.4287,0.4297,756.58,7,6413,4460,3930,5040,879,819,0,564,0,0,0,85167.10,77.62,618.98,"agriculture:1.00/0.70;education_culture:1.00/0.70;engineering_bay:1.00/0.70;life_support_habitat:1.00/0.70;medical_bay:1.00/0.70;security:1.00/0.70","agriculture:0.19/0.00;education_culture:1.00/0.84;engineering_bay:0.00/0.00;life_support_habitat:1.00/0.16;medical_bay:1.00/0.13;security:0.25/0.00"
the_long_dark,adaptors,fuel,conservative,50,12,36,2,0,0,0.8496,1.0000,6544,9755,0.8479,0,0.1608,0.4515,0.6233,0.5615,567.74,1,4947,4579,4047,0,5423,729,0,3340,2792,0,0,53685.10,84.96,600.00,"agriculture:1.00/0.70;education_culture:1.00/0.70;engineering_bay:1.00/0.70;life_support_habitat:1.00/0.70;medical_bay:1.00/0.70;security:1.00/0.70","agriculture:0.71/0.18;education_culture:1.00/0.82;engineering_bay:0.36/0.00;life_support_habitat:1.00/0.68;medical_bay:1.00/0.40;security:0.36/0.00"
the_long_dark,adaptors,fuel,first-choice,50,1,18,29,2,0,0.7263,0.8838,225,0,0.8500,0,0.1512,0.3380,0.0000,0.3841,627.86,100,5817,4225,2677,4963,1004,704,13,1401,2005,18,18,47204.34,72.62,586.16,"agriculture:1.00/0.70;education_culture:1.00/0.70;engineering_bay:1.00/0.70;life_support_habitat:1.00/0.70;medical_bay:1.00/0.70;security:1.00/0.70","agriculture:0.46/0.25;education_culture:0.64/0.07;engineering_bay:0.00/0.05;life_support_habitat:1.00/0.33;medical_bay:0.19/0.00;security:0.68/0.15"
the_long_dark,adaptors,fuel,objective-first,50,1,33,16,0,0,0.7742,1.0000,6544,9457,0.8501,0,0.3666,0.4095,0.5346,0.5032,726.36,3,5926,4286,3735,4931,821,777,0,459,0,0,0,86008.10,77.42,600.00,"agriculture:1.00/0.70;education_culture:1.00/0.70;engineering_bay:1.00/0.70;life_support_habitat:1.00/0.70;medical_bay:1.00/0.70;security:1.00/0.70","agriculture:0.00/0.00;education_culture:1.00/0.78;engineering_bay:0.00/0.35;life_support_habitat:1.00/0.33;medical_bay:1.00/0.13;security:0.55/0.00"
the_long_dark,adaptors,speed,conservative,50,24,26,0,0,0,0.8926,1.0000,3874,9457,0.0000,0,0.2533,0.4575,0.6166,0.4947,482.34,0,4847,4637,4182,0,5481,783,0,3875,3663,0,0,53691.30,89.24,608.92,"agriculture:1.00/0.70;education_culture:1.00/0.70;engineering_bay:1.00/0.70;life_support_habitat:1.00/0.70;medical_bay:1.00/0.70;security:1.00/0.70","agriculture:0.66/0.48;education_culture:1.00/0.81;engineering_bay:0.66/0.38;life_support_habitat:1.00/0.60;medical_bay:1.00/0.37;security:0.22/0.00"
the_long_dark,adaptors,speed,first-choice,50,4,27,17,2,1,0.7596,0.9187,1408,12,0.0000,0,0.1131,0.2480,0.0000,0.3919,594.24,100,6161,4564,2700,5124,1073,783,9,1859,2772,17,17,48820.26,76.00,607.30,"agriculture:1.00/0.70;education_culture:1.00/0.70;engineering_bay:1.00/0.70;life_support_habitat:1.00/0.70;medical_bay:1.00/0.70;security:1.00/0.70","agriculture:0.41/0.15;education_culture:0.50/0.38;engineering_bay:0.00/0.27;life_support_habitat:1.00/0.46;medical_bay:0.25/0.00;security:0.00/0.00"
the_long_dark,adaptors,speed,objective-first,50,0,38,12,0,0,0.7807,1.0000,3874,9457,0.0000,0,0.0315,0.2765,0.4287,0.4978,733.72,3,6333,4483,3900,4995,826,799,0,561,0,0,0,96330.30,78.08,619.24,"agriculture:1.00/0.70;education_culture:1.00/0.70;engineering_bay:1.00/0.70;life_support_habitat:1.00/0.70;medical_bay:1.00/0.70;security:1.00/0.70","agriculture:0.19/0.00;education_culture:1.00/0.84;engineering_bay:0.00/0.00;life_support_habitat:1.00/0.16;medical_bay:1.00/0.13;security:0.25/0.00"
the_long_dark,adaptors,starter,conservative,50,20,29,1,0,0,0.8779,1.0000,7440,9756,0.0000,0,0.2697,0.6130,0.6233,0.5667,476.20,2,4927,4658,4020,0,5415,756,0,3564,3294,0,0,53640.90,87.78,603.06,"agriculture:1.00/0.70;education_culture:1.00/0.70;engineering_bay:1.00/0.70;life_support_habitat:1.00/0.70;medical_bay:1.00/0.70;security:1.00/0.70","agriculture:0.71/0.48;education_culture:1.00/0.86;engineering_bay:0.16/0.00;life_support_habitat:1.00/0.59;medical_bay:1.00/0.48;security:0.50/0.00"
the_long_dark,adaptors,starter,first-choice,50,1,18,28,3,0,0.7214,0.8616,199,0,0.0000,0,0.0536,0.3340,0.0000,0.4609,621.96,100,6047,4373,2693,4956,1067,788,14,1708,2557,15,15,45956.28,72.14,597.74,"agriculture:1.00/0.70;education_culture:1.00/0.70;engineering_bay:1.00/0.70;life_support_habitat:1.00/0.70;medical_bay:1.00/0.70;security:1.00/0.70","agriculture:0.33/0.00;education_culture:0.43/0.08;engineering_bay:0.44/0.05;life_support_habitat:1.00/0.46;medical_bay:0.18/0.00;security:0.11/0.00"
the_long_dark,adaptors,starter,objective-first,50,0,36,14,0,0,0.7751,1.0000,9564,9457,0.0000,0,0.2358,0.3830,0.4287,0.4435,752.02,5,6438,4463,3930,5022,873,810,0,566,0,0,0,92573.50,77.56,619.90,"agriculture:1.00/0.70;education_culture:1.00/0.70;engineering_bay:1.00/0.70;life_support_habitat:1.00/0.70;medical_bay:1.00/0.70;security:1.00/0.70","agriculture:0.19/0.00;education_culture:1.00/0.84;engineering_bay:0.00/0.00;life_support_habitat:1.00/0.16;medical_bay:1.00/0.13;security:0.25/0.00"
the_long_dark,preservers,cargo,conservative,50,11,39,0,0,0,0.8606,1.0000,3314,10038,0.0000,0,0.2197,0.5160,0.6287,0.3950,560.76,1,5049,4696,4065,0,5491,794,0,3766,2874,0,0,53589.34,86.04,614.36,"agriculture:1.00/0.70;education_culture:1.00/0.70;engineering_bay:1.00/0.70;life_support_habitat:1.00/0.70;medical_bay:1.00/0.70;security:1.00/0.70","agriculture:0.70/0.58;education_culture:1.00/0.86;engineering_bay:0.64/0.25;life_support_habitat:1.00/0.44;medical_bay:1.00/0.24;security:0.20/0.00"
the_long_dark,preservers,cargo,first-choice,50,3,30,15,2,0,0.7686,0.9046,17,32,0.0000,0,0.0000,0.2500,0.2042,0.4209,503.12,100,6075,4532,2736,5020,1161,786,11,1576,2052,11,11,48232.92,76.88,604.98,"agriculture:1.00/0.70;education_culture:1.00/0.70;engineering_bay:1.00/0.70;life_support_habitat:1.00/0.70;medical_bay:1.00/0.70;security:1.00/0.70","agriculture:0.43/0.07;education_culture:0.41/0.10;engineering_bay:0.26/0.15;life_support_habitat:1.00/0.67;medical_bay:0.67/0.00;security:0.48/0.00"
the_long_dark,preservers,cargo,objective-first,50,1,34,15,0,0,0.7761,1.0000,3314,10033,0.0000,0,0.4307,0.3870,0.3302,0.5423,751.66,6,6359,4468,3794,4994,926,773,0,588,0,0,0,87964.34,77.62,621.34,"agriculture:1.00/0.70;education_culture:1.00/0.70;engineering_bay:1.00/0.70;life_support_habitat:1.00/0.70;medical_bay:1.00/0.70;security:1.00/0.70","agriculture:0.00/0.00;education_culture:0.81/0.34;engineering_bay:0.00/0.00;life_support_habitat:0.78/0.21;medical_bay:1.00/0.02;security:0.00/0.00"
the_long_dark,preservers,combat,conservative,50,11,39,0,0,0,0.8632,1.0000,2314,10038,0.0000,0,0.3651,0.5245,0.4392,0.3467,565.08,1,5150,4726,4174,0,5392,804,0,3708,2789,0,0,53539.34,86.28,616.18,"agriculture:1.00/0.70;education_culture:1.00/0.70;engineering_bay:1.00/0.70;life_support_habitat:1.00/0.70;medical_bay:1.00/0.70;security:1.00/0.70","agriculture:0.53/0.58;education_culture:1.00/0.96;engineering_bay:0.14/0.55;life_support_habitat:1.00/0.63;medical_bay:1.00/0.38;security:0.42/0.00"
the_long_dark,preservers,combat,first-choice,50,2,30,17,1,0,0.7688,0.9265,1442,554,0.0000,0,0.0000,0.2390,0.0028,0.4209,537.76,100,5928,4669,2724,5049,1097,793,11,1491,1926,10,10,49620.00,76.88,606.00,"agriculture:1.00/0.70;education_culture:1.00/0.70;engineering_bay:1.00/0.70;life_support_habitat:1.00/0.70;medical_bay:1.00/0.70;security:1.00/0.70","agriculture:0.43/0.14;education_culture:0.50/0.17;engineering_bay:0.26/0.15;life_support_habitat:1.00/0.62;medical_bay:0.67/0.00;security:0.48/0.00"
the_long_dark,preservers,combat,objective-first,50,1,33,16,0,0,0.7793,1.0000,2314,10033,0.0000,0,0.2906,0.3870,0.3302,0.5423,735.74,7,6327,4461,3799,5022,929,779,0,582,0,0,0,87020.14,77.96,621.34,"agriculture:1.00/0.70;education_culture:1.00/0.70;engineering_bay:1.00/0.70;life_support_habitat:1.00/0.70;medical_bay:1.00/0.70;security:1.00/0.70","agriculture:0.00/0.00;education_culture:0.81/0.34;engineering_bay:0.00/0.00;life_support_habitat:0.78/0.21;medical_bay:1.00/0.02;security:0.00/0.00"
the_long_dark,preservers,fuel,conservative,50,13,36,1,0,0,0.8647,1.0000,5829,10454,0.8518,0,0.2577,0.5595,0.5794,0.5531,510.56,0,4933,4510,4091,0,5327,746,0,3412,2827,0,0,53599.34,86.54,600.00,"agriculture:1.00/0.70;education_culture:1.00/0.70;engineering_bay:1.00/0.70;life_support_habitat:1.00/0.70;medical_bay:1.00/0.70;security:1.00/0.70","agriculture:0.73/0.38;education_culture:1.00/0.70;engineering_bay:0.60/0.05;life_support_habitat:1.00/0.57;medical_bay:1.00/0.43;security:0.57/0.00"
the_long_dark,preservers,fuel,first-choice,50,0,29,21,0,0,0.7679,0.9637,0,0,0.8463,0,0.0540,0.2610,0.0000,0.4209,563.94,100,5897,4391,2812,4971,1043,713,7,1442,1936,21,21,51375.72,76.70,594.54,"agriculture:1.00/0.70;education_culture:1.00/0.70;engineering_bay:1.00/0.70;life_support_habitat:1.00/0.70;medical_bay:1.00/0.70;security:1.00/0.70","agriculture:0.00/0.00;education_culture:0.26/0.00;engineering_bay:0.00/0.00;life_support_habitat:1.00/0.39;medical_bay:0.00/0.00;security:0.00/0.00"
the_long_dark,preservers,fuel,objective-first,50,0,35,15,0,0,0.7716,1.0000,6544,10033,0.8515,0,0.3457,0.3590,0.5864,0.3905,743.48,0,6104,4284,3633,4809,836,700,0,448,0,0,0,86161.14,77.18,600.00,"agriculture:1.00/0.70;education_culture:1.00/0.70;engineering_bay:1.00/0.70;life_support_habitat:1.00/0.70;medical_bay:1.00/0.70;security:1.00/0.70","agriculture:0.14/0.15;education_culture:1.00/0.76;engineering_bay:0.00/0.00;life_support_habitat:1.00/0.43;medical_bay:1.00/0.34;security:0.14/0.00"
the_long_dark,preservers,speed,conservative,50,21,29,0,0,0,0.8828,1.0000,3874,10244,0.0000,0,0.1668,0.3350,0.6287,0.5531,533.10,0,5082,4645,4103,0,5389,796,0,3882,3680,0,0,53604.74,88.26,608.88,"agriculture:1.00/0.70;education_culture:1.00/0.70;engineering_bay:1.00/0.70;life_support_habitat:1.00/0.70;medical_bay:1.00/0.70;security:1.00/0.70","agriculture:0.75/0.48;education_culture:1.00/0.85;engineering_bay:0.63/0.23;life_support_habitat:1.00/0.58;medical_bay:1.00/0.37;security:0.07/0.00"
the_long_dark,preservers,speed,first-choice,50,4,23,21,2,0,0.7535,0.8820,85,0,0.0000,0,0.0000,0.3030,0.0000,0.4058,593.00,100,5862,4453,2773,4982,1100,765,16,1950,2891,9,9,47079.20,75.40,599.44,"agriculture:1.00/0.70;education_culture:1.00/0.70;engineering_bay:1.00/0.70;life_support_habitat:1.00/0.70;medical_bay:1.00/0.70;security:1.00/0.70","agriculture:0.50/0.36;education_culture:0.31/0.00;engineering_bay:0.04/0.00;life_support_habitat:1.00/0.40;medical_bay:0.28/0.00;security:0.01/0.00"
the_long_dark,preservers,speed,objective-first,50,0,38,12,0,0,0.7875,1.0000,3874,10033,0.0000,0,0.2263,0.3870,0.3302,0.0975,719.12,2,6353,4447,3853,5054,902,781,0,570,0,0,0,96747.64,78.76,621.14,"agriculture:1.00/0.70;education_culture:1.00/0.70;engineering_bay:1.00/0.70;life_support_habitat:1.00/0.70;medical_bay:1.00/0.70;security:1.00/0.70","agriculture:0.00/0.00;education_culture:1.00/0.83;engineering_bay:0.00/0.20;life_support_habitat:1.00/0.36;medical_bay:1.00/0.35;security:0.29/0.00"
the_long_dark,preservers,starter,conservative,50,15,35,0,0,0,0.8728,1.0000,7755,10542,0.0000,0,0.2451,0.4540,0.6032,0.5531,511.76,0,4886,4514,4061,0,5282,761,0,3677,3418,0,0,53581.54,87.28,602.10,"agriculture:1.00/0.70;education_culture:1.00/0.70;engineering_bay:1.00/0.70;life_support_habitat:1.00/0.70;medical_bay:1.00/0.70;security:1.00/0.70","agriculture:0.71/0.58;education_culture:1.00/0.89;engineering_bay:0.28/0.00;life_support_habitat:1.00/0.45;medical_bay:1.00/0.41;security:0.57/0.00"
the_long_dark,preservers,starter,first-choice,50,5,29,15,1,0,0.7851,0.9532,171,0,0.0000,0,0.0000,0.2375,0.0034,0.4209,534.76,100,6036,4472,2802,5284,1050,757,10,1575,2583,24,24,50823.10,78.52,608.24,"agriculture:1.00/0.70;education_culture:1.00/0.70;engineering_bay:1.00/0.70;life_support_habitat:1.00/0.70;medical_bay:1.00/0.70;security:1.00/0.70","agriculture:0.06/0.07;education_culture:0.36/0.23;engineering_bay:0.06/0.00;life_support_habitat:1.00/0.69;medical_bay:0.08/0.00;security:0.36/0.00"
the_long_dark,preservers,starter,objective-first,50,1,34,15,0,0,0.7850,1.0000,9564,10033,0.0000,0,0.2403,0.2525,0.3302,0.1690,740.58,2,6415,4480,3804,5051,905,783,0,568,0,0,0,93133.14,78.56,620.36,"agriculture:1.00/0.70;education_culture:1.00/0.70;engineering_bay:1.00/0.70;life_support_habitat:1.00/0.70;medical_bay:1.00/0.70;security:1.00/0.70","agriculture:0.00/0.00;education_culture:1.00/0.88;engineering_bay:0.00/0.00;life_support_habitat:1.00/0.37;medical_bay:1.00/0.15;security:0.32/0.00"
the_long_dark,wanderers,cargo,conservative,50,2,45,3,0,0,0.8307,1.0000,3514,9027,0.0000,0,0.2088,0.4725,0.6091,0.5581,680.50,2,5352,4679,4083,0,5501,785,0,3670,2784,0,0,53603.56,83.10,620.24,"agriculture:1.00/0.70;education_culture:1.00/0.70;engineering_bay:1.00/0.70;life_support_habitat:1.00/0.70;medical_bay:1.00/0.70;security:1.00/0.70","agriculture:0.72/0.58;education_culture:1.00/0.93;engineering_bay:0.00/0.00;life_support_habitat:1.00/0.40;medical_bay:1.00/0.34;security:0.22/0.00"
the_long_dark,wanderers,cargo,first-choice,50,0,30,18,2,0,0.7539,0.9191,70,0,0.0000,0,0.0000,0.2805,0.0500,0.4609,592.04,100,5927,4506,2834,4972,1067,764,12,1656,2269,14,14,48814.42,75.44,603.64,"agriculture:1.00/0.70;education_culture:1.00/0.70;engineering_bay:1.00/0.70;life_support_habitat:1.00/0.70;medical_bay:1.00/0.70;security:1.00/0.70","agriculture:0.06/0.00;education_culture:0.00/0.00;engineering_bay:0.43/0.22;life_support_habitat:1.00/0.29;medical_bay:0.00/0.00;security:0.00/0.00"
the_long_dark,wanderers,cargo,objective-first,50,0,24,26,0,0,0.7598,1.0000,3514,9480,0.0000,0,0.1499,0.3260,0.4494,0.5228,809.12,3,6425,4343,3797,4941,936,812,0,594,0,0,0,86728.76,76.00,621.86,"agriculture:1.00/0.70;education_culture:1.00/0.70;engineering_bay:1.00/0.70;life_support_habitat:1.00/0.70;medical_bay:1.00/0.70;security:1.00/0.70","agriculture:0.00/0.00;education_culture:1.00/0.97;engineering_bay:0.00/0.20;life_support_habitat:1.00/0.44;medical_bay:1.00/0.43;security:0.47/0.00"
the_long_dark,wanderers,combat,conservative,50,3,45,2,0,0,0.8320,1.0000,2514,9017,0.0000,0,0.3967,0.5195,0.4897,0.4106,679.92,2,5221,4643,4162,0,5391,792,0,3704,2749,0,0,53530.96,83.24,615.20,"agriculture:1.00/0.70;education_culture:1.00/0.70;engineering_bay:1.00/0.70;life_support_habitat:1.00/0.70;medical_bay:1.00/0.70;security:1.00/0.70","agriculture:0.74/0.48;education_culture:1.00/0.76;engineering_bay:0.00/0.00;life_support_habitat:1.00/0.51;medical_bay:1.00/0.47;security:0.00/0.00"
the_long_dark,wanderers,combat,first-choice,50,0,19,30,1,0,0.7435,0.9364,128,0,0.0000,0,0.0000,0.2875,0.0789,0.4609,665.40,100,6077,4440,2772,4992,1082,793,7,1750,2425,19,19,49509.58,74.30,605.66,"agriculture:1.00/0.70;education_culture:1.00/0.70;engineering_bay:1.00/0.70;life_support_habitat:1.00/0.70;medical_bay:1.00/0.70;security:1.00/0.70","agriculture:0.00/0.07;education_culture:0.47/0.00;engineering_bay:0.28/0.20;life_support_habitat:1.00/0.38;medical_bay:0.59/0.00;security:0.00/0.00"
the_long_dark,wanderers,combat,objective-first,50,0,22,28,0,0,0.7581,1.0000,2514,9480,0.0000,0,0.2462,0.3480,0.4494,0.5188,812.86,1,6410,4329,3821,4981,932,815,0,606,0,0,0,86160.36,75.84,621.86,"agriculture:1.00/0.70;education_culture:1.00/0.70;engineering_bay:1.00/0.70;life_support_habitat:1.00/0.70;medical_bay:1.00/0.70;security:1.00/0.70","agriculture:0.01/0.00;education_culture:1.00/0.93;engineering_bay:0.00/0.45;life_support_habitat:1.00/0.39;medical_bay:1.00/0.43;security:0.30/0.00"
the_long_dark,wanderers,fuel,conservative,50,2,42,6,0,0,0.8195,1.0000,6713,7951,0.8563,0,0.3658,0.5770,0.4780,0.5581,671.84,0,5039,4569,3986,0,5270,733,0,3442,2828,0,0,53554.16,81.94,600.00,"agriculture:1.00/0.70;education_culture:1.00/0.70;engineering_bay:1.00/0.70;life_support_habitat:1.00/0.70;medical_bay:1.00/0.70;security:1.00/0.70","agriculture:0.72/0.48;education_culture:1.00/0.85;engineering_bay:0.20/0.08;life_support_habitat:1.00/0.53;medical_bay:1.00/0.40;security:0.27/0.00"
the_long_dark,wanderers,fuel,first-choice,50,1,24,24,1,0,0.7282,0.8809,0,0,0.8500,0,0.0000,0.2740,0.0028,0.4609,630.50,99,5625,4275,2746,4942,1038,758,11,1486,2367,12,12,46822.10,72.80,586.54,"agriculture:1.00/0.70;education_culture:1.00/0.70;engineering_bay:1.00/0.70;life_support_habitat:1.00/0.70;medical_bay:1.00/0.70;security:1.00/0.70","agriculture:0.48/0.00;education_culture:0.38/0.05;engineering_bay:0.00/0.15;life_support_habitat:1.00/0.58;medical_bay:0.20/0.00;security:0.38/0.00"
the_long_dark,wanderers,fuel,objective-first,50,0,25,25,0,0,0.7551,1.0000,6713,9536,0.8373,0,0.3428,0.4295,0.4938,0.5171,791.90,11,6105,4248,3806,4819,861,768,0,484,0,0,0,85944.16,75.48,600.00,"agriculture:1.00/0.70;education_culture:1.00/0.70;engineering_bay:1.00/0.70;life_support_habitat:1.00/0.70;medical_bay:1.00/0.70;security:1.00/0.70","agriculture:0.00/0.00;education_culture:1.00/0.76;engineering_bay:0.06/0.00;life_support_habitat:1.00/0.28;medical_bay:0.97/0.04;security:0.04/0.00"
the_long_dark,wanderers,speed,conservative,50,13,36,1,0,0,0.8599,1.0000,4074,8604,0.0000,0,0.3267,0.4775,0.5797,0.5581,602.10,2,4959,4490,3994,0,5543,811,0,3942,3581,0,0,53679.36,86.04,605.96,"agriculture:1.00/0.70;education_culture:1.00/0.70;engineering_bay:1.00/0.70;life_support_habitat:1.00/0.70;medical_bay:1.00/0.70;security:1.00/0.70","agriculture:0.71/0.48;education_culture:1.00/0.81;engineering_bay:0.36/0.03;life_support_habitat:1.00/0.56;medical_bay:1.00/0.47;security:0.51/0.00"
the_long_dark,wanderers,speed,first-choice,50,3,23,23,1,0,0.7493,0.8697,85,238,0.0000,0,0.0283,0.2570,0.0000,0.4609,577.26,99,6025,4399,2764,4742,1083,750,20,1830,3073,19,19,46286.72,74.94,591.44,"agriculture:1.00/0.70;education_culture:1.00/0.70;engineering_bay:1.00/0.70;life_support_habitat:1.00/0.70;medical_bay:1.00/0.70;security:1.00/0.70","agriculture:0.40/0.24;education_culture:0.42/0.11;engineering_bay:0.30/0.00;life_support_habitat:1.00/0.68;medical_bay:0.43/0.00;security:0.21/0.00"
the_long_dark,wanderers,speed,objective-first,50,0,32,18,0,0,0.7585,1.0000,4074,9480,0.0000,0,0.2633,0.3620,0.4494,0.4721,815.38,5,6365,4387,3876,4926,900,825,0,602,0,0,0,95824.26,75.84,621.38,"agriculture:1.00/0.70;education_culture:1.00/0.70;engineering_bay:1.00/0.70;life_support_habitat:1.00/0.70;medical_bay:1.00/0.70;security:1.00/0.70","agriculture:0.00/0.00;education_culture:1.00/1.00;engineering_bay:0.00/0.00;life_support_habitat:1.00/0.44;medical_bay:1.00/0.13;security:0.53/0.00"
the_long_dark,wanderers,starter,conservative,50,7,41,2,0,0,0.8482,1.0000,5240,9695,0.0000,0,0.2665,0.5440,0.4454,0.5577,592.22,4,5051,4524,3980,0,5409,746,0,3592,3327,0,0,53571.16,84.92,603.52,"agriculture:1.00/0.70;education_culture:1.00/0.70;engineering_bay:1.00/0.70;life_support_habitat:1.00/0.70;medical_bay:1.00/0.70;security:1.00/0.70","agriculture:0.70/0.28;education_culture:1.00/0.82;engineering_bay:0.35/0.00;life_support_habitat:1.00/0.40;medical_bay:1.00/0.40;security:0.07/0.00"
the_long_dark,wanderers,starter,first-choice,50,2,25,22,1,0,0.7564,0.9163,599,0,0.0000,0,0.0075,0.2065,0.0869,0.4609,600.80,99,5958,4455,2785,4914,1087,759,10,1644,2846,14,14,48906.94,75.60,600.66,"agriculture:1.00/0.70;education_culture:1.00/0.70;engineering_bay:1.00/0.70;life_support_habitat:1.00/0.70;medical_bay:1.00/0.70;security:1.00/0.70","agriculture:0.49/0.15;education_culture:0.15/0.00;engineering_bay:0.04/0.05;life_support_habitat:1.00/0.49;medical_bay:0.08/0.00;security:0.13/0.00"
the_long_dark,wanderers,starter,objective-first,50,0,24,26,0,0,0.7543,1.0000,9764,9480,0.0000,0,0.1840,0.3360,0.4494,0.4745,835.88,10,6363,4359,3784,4926,908,813,0,592,0,0,0,91764.16,75.48,620.04,"agriculture:1.00/0.70;education_culture:1.00/0.70;engineering_bay:1.00/0.70;life_support_habitat:1.00/0.70;medical_bay:1.00/0.70;security:1.00/0.70","agriculture:0.00/0.00;education_culture:1.00/0.83;engineering_bay:0.00/0.00;life_support_habitat:1.00/0.61;medical_bay:1.00/0.12;security:0.22/0.00"
the_long_tow,adaptors,cargo,conservative,50,43,7,0,0,0,0.9395,1.0000,3357,9113,0.5049,0,0.5115,0.6435,0.6756,0.5697,320.02,0,3411,3488,2930,0,4242,579,0,2218,1675,0,0,24665.44,93.90,450.00,"agriculture:1.00/0.70;education_culture:1.00/0.70;engineering_bay:1.00/0.70;life_support_habitat:1.00/0.70;medical_bay:1.00/0.70;security:1.00/0.70","agriculture:0.70/0.48;education_culture:1.00/0.84;engineering_bay:0.23/0.00;life_support_habitat:1.00/0.40;medical_bay:1.00/0.25;security:0.07/0.00"
the_long_tow,adaptors,cargo,first-choice,50,9,28,13,0,0,0.8138,0.9985,972,17,0.4612,0,0.1854,0.3300,0.1502,0.5093,557.96,99,4228,3418,2143,3879,826,572,0,909,1186,10,10,24391.06,81.32,450.00,"agriculture:1.00/0.70;education_culture:1.00/0.70;engineering_bay:1.00/0.70;life_support_habitat:1.00/0.70;medical_bay:1.00/0.70;security:1.00/0.70","agriculture:0.27/0.13;education_culture:0.09/0.00;engineering_bay:0.00/0.20;life_support_habitat:1.00/0.27;medical_bay:0.35/0.00;security:0.00/0.00"
the_long_tow,adaptors,cargo,objective-first,50,8,42,0,0,0,0.8544,1.0000,3357,9579,0.4964,0,0.4474,0.4490,0.4952,0.5305,470.72,0,4234,3275,2742,3899,711,560,0,740,737,0,0,35920.44,85.38,450.00,"agriculture:1.00/0.70;education_culture:1.00/0.70;engineering_bay:1.00/0.70;life_support_habitat:1.00/0.70;medical_bay:1.00/0.70;security:1.00/0.70","agriculture:0.28/0.15;education_culture:1.00/0.80;engineering_bay:0.47/0.42;life_support_habitat:1.00/0.33;medical_bay:1.00/0.22;security:0.31/0.00"
the_long_tow,adaptors,combat,conservative,50,45,5,0,0,0,0.9440,1.0000,2357,9429,0.5049,0,0.5060,0.6425,0.5802,0.5526,305.12,0,3509,3565,2891,0,4187,567,0,2193,1556,0,0,24617.24,94.46,450.00,"agriculture:1.00/0.70;education_culture:1.00/0.70;engineering_bay:1.00/0.70;life_support_habitat:1.00/0.70;medical_bay:1.00/0.70;security:1.00/0.70","agriculture:0.71/0.48;education_culture:1.00/0.84;engineering_bay:0.23/0.00;life_support_habitat:1.00/0.40;medical_bay:1.00/0.25;security:0.07/0.00"
the_long_tow,adaptors,combat,first-choice,50,9,25,16,0,0,0.8008,0.9982,70,0,0.4612,0,0.2339,0.4095,0.0000,0.5093,583.02,99,4166,3376,2121,3904,813,573,0,926,1149,7,7,24284.26,80.12,450.00,"agriculture:1.00/0.70;education_culture:1.00/0.70;engineering_bay:1.00/0.70;life_support_habitat:1.00/0.70;medical_bay:1.00/0.70;security:1.00/0.70","agriculture:0.26/0.07;education_culture:0.09/0.00;engineering_bay:0.00/0.20;life_support_habitat:1.00/0.27;medical_bay:0.35/0.00;security:0.00/0.00"
the_long_tow,adaptors,combat,objective-first,50,8,42,0,0,0,0.8542,1.0000,2357,9579,0.4964,0,0.4473,0.4490,0.4952,0.5470,469.44,0,4233,3303,2704,3910,691,557,0,744,718,0,0,35151.24,85.40,450.00,"agriculture:1.00/0.70;education_culture:1.00/0.70;engineering_bay:1.00/0.70;life_support_habitat:1.00/0.70;medical_bay:1.00/0.70;security:1.00/0.70","agriculture:0.28/0.15;education_culture:1.00/0.80;engineering_bay:0.47/0.42;life_support_habitat:1.00/0.33;medical_bay:1.00/0.22;security:0.31/0.00"
the_long_tow,adaptors,fuel,conservative,50,40,10,0,0,0,0.9417,1.0000,6572,9628,0.8578,0,0.6074,0.6645,0.6682,0.5697,316.30,0,3511,3500,2934,0,4128,552,0,2242,1756,0,0,24583.44,94.20,450.00,"agriculture:1.00/0.70;education_culture:1.00/0.70;engineering_bay:1.00/0.70;life_support_habitat:1.00/0.70;medical_bay:1.00/0.70;security:1.00/0.70","agriculture:0.71/0.48;education_culture:1.00/0.78;engineering_bay:0.74/0.00;life_support_habitat:1.00/0.30;medical_bay:1.00/0.29;security:0.35/0.00"
the_long_tow,adaptors,fuel,first-choice,50,6,30,14,0,0,0.8069,1.0000,810,0,0.8500,0,0.0952,0.3560,0.0012,0.5093,577.28,99,4163,3507,2091,3929,805,579,0,905,1259,8,8,24564.16,80.72,450.00,"agriculture:1.00/0.70;education_culture:1.00/0.70;engineering_bay:1.00/0.70;life_support_habitat:1.00/0.70;medical_bay:1.00/0.70;security:1.00/0.70","agriculture:0.36/0.13;education_culture:0.15/0.00;engineering_bay:0.51/0.36;life_support_habitat:1.00/0.38;medical_bay:0.23/0.00;security:0.29/0.00"
the_long_tow,adaptors,fuel,objective-first,50,9,41,0,0,0,0.8639,1.0000,6572,8997,0.8579,0,0.4474,0.4490,0.5624,0.5428,447.42,0,4232,3339,2715,3849,695,549,0,719,864,0,0,35670.64,86.42,450.00,"agriculture:1.00/0.70;education_culture:1.00/0.70;engineering_bay:1.00/0.70;life_support_habitat:1.00/0.70;medical_bay:1.00/0.70;security:1.00/0.70","agriculture:0.00/0.00;education_culture:1.00/0.82;engineering_bay:0.45/0.46;life_support_habitat:1.00/0.34;medical_bay:1.00/0.49;security:0.33/0.00"
the_long_tow,adaptors,speed,conservative,50,43,7,0,0,0,0.9379,1.0000,3941,9623,0.5049,0,0.6401,0.6675,0.6756,0.5697,329.28,0,3513,3449,2876,0,4218,567,0,2488,2295,0,0,24703.44,93.84,450.00,"agriculture:1.00/0.70;education_culture:1.00/0.70;engineering_bay:1.00/0.70;life_support_habitat:1.00/0.70;medical_bay:1.00/0.70;security:1.00/0.70","agriculture:0.72/0.48;education_culture:1.00/0.82;engineering_bay:0.78/0.02;life_support_habitat:1.00/0.40;medical_bay:1.00/0.32;security:0.48/0.00"
the_long_tow,adaptors,speed,first-choice,50,8,24,18,0,0,0.7972,1.0000,0,591,0.4612,0,0.1199,0.2565,0.2580,0.3992,618.48,99,4221,3504,2092,3955,793,556,0,1031,1750,7,7,24442.92,79.74,450.00,"agriculture:1.00/0.70;education_culture:1.00/0.70;engineering_bay:1.00/0.70;life_support_habitat:1.00/0.70;medical_bay:1.00/0.70;security:1.00/0.70","agriculture:0.39/0.14;education_culture:0.06/0.00;engineering_bay:0.24/0.00;life_support_habitat:1.00/0.34;medical_bay:0.60/0.00;security:0.25/0.00"
the_long_tow,adaptors,speed,objective-first,50,10,40,0,0,0,0.8618,1.0000,3941,9016,0.6019,42,0.4474,0.4490,0.5740,0.3475,457.92,0,4298,3253,2723,3833,694,555,0,760,812,0,0,42124.24,86.18,450.00,"agriculture:1.00/0.70;education_culture:1.00/0.70;engineering_bay:1.00/0.70;life_support_habitat:1.00/0.70;medical_bay:1.00/0.70;security:1.00/0.70","agriculture:0.00/0.00;education_culture:1.00/0.82;engineering_bay:0.52/0.42;life_support_habitat:1.00/0.33;medical_bay:1.00/0.22;security:0.32/0.00"
the_long_tow,adaptors,starter,conservative,50,40,10,0,0,0,0.9417,1.0000,7662,8675,0.6215,0,0.6431,0.6410,0.5912,0.5367,313.90,0,3452,3518,2975,0,4166,555,0,2394,2195,0,0,24564.44,94.12,450.00,"agriculture:1.00/0.70;education_culture:1.00/0.70;engineering_bay:1.00/0.70;life_support_habitat:1.00/0.70;medical_bay:1.00/0.70;security:1.00/0.70","agriculture:0.74/0.38;education_culture:1.00/0.83;engineering_bay:0.14/0.00;life_support_habitat:1.00/0.33;medical_bay:1.00/0.19;security:0.11/0.00"
the_long_tow,adaptors,starter,first-choice,50,12,24,14,0,0,0.8119,1.0000,0,16,0.4717,0,0.1696,0.3670,0.3655,0.5049,561.62,99,4220,3403,2095,3993,873,585,0,960,1717,9,9,24267.44,81.18,450.00,"agriculture:1.00/0.70;education_culture:1.00/0.70;engineering_bay:1.00/0.70;life_support_habitat:1.00/0.70;medical_bay:1.00/0.70;security:1.00/0.70","agriculture:0.00/0.00;education_culture:0.00/0.00;engineering_bay:0.00/0.00;life_support_habitat:1.00/0.34;medical_bay:0.35/0.00;security:0.14/0.00"
the_long_tow,adaptors,starter,objective-first,50,7,43,0,0,0,0.8634,1.0000,9607,8606,0.6117,3,0.4475,0.4495,0.5838,0.5006,449.32,0,4175,3388,2717,3871,758,567,0,713,886,0,0,40425.84,86.46,450.00,"agriculture:1.00/0.70;education_culture:1.00/0.70;engineering_bay:1.00/0.70;life_support_habitat:1.00/0.70;medical_bay:1.00/0.70;security:1.00/0.70","agriculture:0.00/0.00;education_culture:1.00/0.80;engineering_bay:0.51/0.42;life_support_habitat:1.00/0.43;medical_bay:1.00/0.55;security:0.31/0.00"
the_long_tow,preservers,cargo,conservative,50,44,6,0,0,0,0.9436,1.0000,3357,10826,0.5049,0,0.5477,0.6555,0.6426,0.5156,313.10,0,3488,3474,2898,0,4254,548,0,2358,1705,0,0,24615.74,94.26,450.00,"agriculture:1.00/0.70;education_culture:1.00/0.70;engineering_bay:1.00/0.70;life_support_habitat:1.00/0.70;medical_bay:1.00/0.70;security:1.00/0.70","agriculture:0.71/0.50;education_culture:1.00/0.63;engineering_bay:0.74/0.30;life_support_habitat:1.00/0.45;medical_bay:1.00/0.35;security:0.38/0.00"
the_long_tow,preservers,cargo,first-choice,50,6,33,11,0,0,0.8093,0.9998,106,0,0.4514,0,0.1726,0.3600,0.3279,0.5034,578.38,97,4153,3330,2203,3997,835,577,0,956,1185,23,23,24138.92,80.98,450.00,"agriculture:1.00/0.70;education_culture:1.00/0.70;engineering_bay:1.00/0.70;life_support_habitat:1.00/0.70;medical_bay:1.00/0.70;security:1.00/0.70","agriculture:0.00/0.00;education_culture:0.49/0.13;engineering_bay:0.15/0.00;life_support_habitat:1.00/0.27;medical_bay:0.34/0.00;security:0.00/0.00"
the_long_tow,preservers,cargo,objective-first,50,10,38,2,0,0,0.8604,1.0000,3357,10587,0.4964,29,0.4474,0.4490,0.6457,0.5156,458.52,0,4329,3298,2728,3896,698,561,0,763,740,0,0,35966.34,86.04,450.00,"agriculture:1.00/0.70;education_culture:1.00/0.70;engineering_bay:1.00/0.70;life_support_habitat:1.00/0.70;medical_bay:1.00/0.70;security:1.00/0.70","agriculture:0.31/0.00;education_culture:1.00/0.78;engineering_bay:0.51/0.40;life_support_habitat:1.00/0.33;medical_bay:1.00/0.19;security:0.32/0.00"
the_long_tow,preservers,combat,conservative,50,43,7,0,0,0,0.9409,1.0000,2357,10433,0.5049,0,0.6713,0.6430,0.6578,0.5131,315.76,0,3479,3428,2877,0,4309,560,0,2344,1607,0,0,24714.94,94.08,450.00,"agriculture:1.00/0.70;education_culture:1.00/0.70;engineering_bay:1.00/0.70;life_support_habitat:1.00/0.70;medical_bay:1.00/0.70;security:1.00/0.70","agriculture:0.70/0.45;education_culture:1.00/0.82;engineering_bay:0.53/0.00;life_support_habitat:1.00/0.32;medical_bay:1.00/0.22;security:0.12/0.00"
the_long_tow,preservers,combat,first-choice,50,11,28,11,0,0,0.8278,0.9998,0,4,0.4514,0,0.1559,0.3520,0.4228,0.4095,520.70,98,4166,3378,2198,3942,831,557,0,938,1157,11,11,24206.98,82.76,450.00,"agriculture:1.00/0.70;education_culture:1.00/0.70;engineering_bay:1.00/0.70;life_support_habitat:1.00/0.70;medical_bay:1.00/0.70;security:1.00/0.70","agriculture:0.00/0.00;education_culture:0.49/0.13;engineering_bay:0.15/0.00;life_support_habitat:1.00/0.27;medical_bay:0.34/0.00;security:0.00/0.00"
the_long_tow,preservers,combat,objective-first,50,10,38,2,0,0,0.8605,1.0000,2357,10587,0.4964,48,0.4473,0.4490,0.6457,0.5156,455.70,0,4348,3261,2670,3904,714,543,0,745,717,0,0,35374.34,86.02,450.00,"agriculture:1.00/0.70;education_culture:1.00/0.70;engineering_bay:1.00/0.70;life_support_habitat:1.00/0.70;medical_bay:1.00/0.70;security:1.00/0.70","agriculture:0.31/0.00;education_culture:1.00/0.78;engineering_bay:0.51/0.40;life_support_habitat:1.00/0.33;medical_bay:1.00/0.19;security:0.32/0.00"
the_long_tow,preservers,fuel,conservative,50,43,7,0,0,0,0.9434,1.0000,6572,8945,0.8578,0,0.6924,0.6875,0.6578,0.5156,306.78,0,3459,3512,2907,0,4228,572,0,2314,1755,0,0,24654.14,94.34,450.00,"agriculture:1.00/0.70;education_culture:1.00/0.70;engineering_bay:1.00/0.70;life_support_habitat:1.00/0.70;medical_bay:1.00/0.70;security:1.00/0.70","agriculture:0.73/0.48;education_culture:1.00/0.63;engineering_bay:0.28/0.00;life_support_habitat:1.00/0.46;medical_bay:1.00/0.32;security:0.64/0.00"
the_long_tow,preservers,fuel,first-choice,50,7,38,5,0,0,0.8266,1.0000,58,0,0.8250,0,0.2461,0.3140,0.2559,0.5034,523.80,99,4093,3398,2189,4036,788,574,0,876,1252,24,24,24130.76,82.64,450.00,"agriculture:1.00/0.70;education_culture:1.00/0.70;engineering_bay:1.00/0.70;life_support_habitat:1.00/0.70;medical_bay:1.00/0.70;security:1.00/0.70","agriculture:0.36/0.00;education_culture:0.15/0.00;engineering_bay:0.60/0.00;life_support_habitat:1.00/0.35;medical_bay:0.14/0.00;security:0.58/0.00"
the_long_tow,preservers,fuel,objective-first,50,8,40,2,0,0,0.8497,1.0000,6572,9809,0.8579,43,0.4474,0.4490,0.6240,0.5156,497.94,0,4251,3250,2744,3823,729,563,0,723,864,0,0,35476.34,85.00,450.00,"agriculture:1.00/0.70;education_culture:1.00/0.70;engineering_bay:1.00/0.70;life_support_habitat:1.00/0.70;medical_bay:1.00/0.70;security:1.00/0.70","agriculture:0.00/0.00;education_culture:1.00/0.82;engineering_bay:0.59/0.42;life_support_habitat:1.00/0.58;medical_bay:1.00/0.22;security:0.35/0.00"
the_long_tow,preservers,speed,conservative,50,45,5,0,0,0,0.9468,1.0000,3941,10767,0.5049,0,0.6120,0.6700,0.6578,0.5156,294.62,0,3546,3514,2896,0,4215,555,0,2539,2319,0,0,24722.54,94.66,450.00,"agriculture:1.00/0.70;education_culture:1.00/0.70;engineering_bay:1.00/0.70;life_support_habitat:1.00/0.70;medical_bay:1.00/0.70;security:1.00/0.70","agriculture:0.75/0.48;education_culture:1.00/0.85;engineering_bay:0.72/0.27;life_support_habitat:1.00/0.43;medical_bay:1.00/0.19;security:0.13/0.00"
the_long_tow,preservers,speed,first-choice,50,8,32,10,0,0,0.8166,1.0000,1554,0,0.4514,0,0.0000,0.3070,0.0000,0.5034,541.68,99,4160,3388,2134,3973,824,571,0,1021,1795,21,21,24558.14,81.66,450.00,"agriculture:1.00/0.70;education_culture:1.00/0.70;engineering_bay:1.00/0.70;life_support_habitat:1.00/0.70;medical_bay:1.00/0.70;security:1.00/0.70","agriculture:0.45/0.05;education_culture:0.27/0.00;engineering_bay:0.07/0.00;life_support_habitat:1.00/0.35;medical_bay:0.54/0.00;security:0.00/0.00"
the_long_tow,preservers,speed,objective-first,50,11,36,3,0,0,0.8487,1.0000,3941,9808,0.5404,30,0.4475,0.4490,0.5614,0.5156,494.66,0,4236,3310,2719,3909,691,558,0,762,823,0,0,42459.14,84.84,450.00,"agriculture:1.00/0.70;education_culture:1.00/0.70;engineering_bay:1.00/0.70;life_support_habitat:1.00/0.70;medical_bay:1.00/0.70;security:1.00/0.70","agriculture:0.00/0.00;education_culture:1.00/0.73;engineering_bay:0.51/0.42;life_support_habitat:1.00/0.28;medical_bay:1.00/0.19;security:0.35/0.00"
the_long_tow,preservers,starter,conservative,50,44,6,0,0,0,0.9499,1.0000,7277,10407,0.5748,0,0.6284,0.6820,0.6578,0.5156,288.26,0,3413,3424,2830,0,4293,538,0,2427,2221,0,0,24641.14,94.94,450.00,"agriculture:1.00/0.70;education_culture:1.00/0.70;engineering_bay:1.00/0.70;life_support_habitat:1.00/0.70;medical_bay:1.00/0.70;security:1.00/0.70","agriculture:0.70/0.48;education_culture:1.00/0.71;engineering_bay:0.44/0.00;life_support_habitat:1.00/0.50;medical_bay:1.00/0.32;security:0.50/0.00"
the_long_tow,preservers,starter,first-choice,50,10,30,10,0,0,0.8273,0.9995,2057,492,0.4625,0,0.1438,0.3870,0.2003,0.5036,512.88,96,4191,3442,2153,3964,809,574,0,928,1719,9,9,24362.04,82.74,450.00,"agriculture:1.00/0.70;education_culture:1.00/0.70;engineering_bay:1.00/0.70;life_support_habitat:1.00/0.70;medical_bay:1.00/0.70;security:1.00/0.70","agriculture:0.09/0.00;education_culture:0.04/0.00;engineering_bay:0.34/0.00;life_support_habitat:1.00/0.39;medical_bay:0.05/0.00;security:0.29/0.00"
the_long_tow,preservers,starter,objective-first,50,12,37,1,0,0,0.8669,1.0000,9607,10607,0.5520,12,0.4474,0.4490,0.5804,0.4669,438.22,0,4267,3264,2654,3843,752,555,0,745,890,0,0,40835.34,86.68,450.00,"agriculture:1.00/0.70;education_culture:1.00/0.70;engineering_bay:1.00/0.70;life_support_habitat:1.00/0.70;medical_bay:1.00/0.70;security:1.00/0.70","agriculture:0.25/0.00;education_culture:1.00/0.50;engineering_bay:0.48/0.42;life_support_habitat:1.00/0.18;medical_bay:1.00/0.19;security:0.32/0.00"
the_long_tow,wanderers,cargo,conservative,50,34,16,0,0,0,0.9174,1.0000,3396,10601,0.6704,0,0.5883,0.6130,0.6617,0.5237,391.24,0,3529,3476,3004,0,4127,539,0,2368,1640,0,0,24580.64,91.76,450.00,"agriculture:1.00/0.70;education_culture:1.00/0.70;engineering_bay:1.00/0.70;life_support_habitat:1.00/0.70;medical_bay:1.00/0.70;security:1.00/0.70","agriculture:0.73/0.18;education_culture:1.00/0.80;engineering_bay:0.62/0.07;life_support_habitat:1.00/0.45;medical_bay:1.00/0.32;security:0.72/0.15"
the_long_tow,wanderers,cargo,first-choice,50,10,17,23,0,0,0.7812,0.9997,291,6,0.4474,0,0.0318,0.2585,0.4635,0.4636,639.08,100,4320,3412,2154,3938,859,544,0,909,1338,12,12,24483.48,78.12,450.00,"agriculture:1.00/0.70;education_culture:1.00/0.70;engineering_bay:1.00/0.70;life_support_habitat:1.00/0.70;medical_bay:1.00/0.70;security:1.00/0.70","agriculture:0.00/0.00;education_culture:0.36/0.20;engineering_bay:0.26/0.00;life_support_habitat:1.00/0.36;medical_bay:0.80/0.00;security:0.40/0.00"
the_long_tow,wanderers,cargo,objective-first,50,2,43,5,0,0,0.8296,1.0000,3396,10254,0.5357,0,0.4474,0.4490,0.5462,0.5237,546.88,0,4305,3327,2790,3781,680,555,0,760,755,0,0,36269.64,82.88,450.00,"agriculture:1.00/0.70;education_culture:1.00/0.70;engineering_bay:1.00/0.70;life_support_habitat:1.00/0.70;medical_bay:1.00/0.70;security:1.00/0.70","agriculture:0.00/0.00;education_culture:1.00/0.83;engineering_bay:0.52/0.42;life_support_habitat:1.00/0.33;medical_bay:1.00/0.25;security:0.33/0.00"
the_long_tow,wanderers,combat,conservative,50,35,15,0,0,0,0.9169,1.0000,2396,10987,0.6704,0,0.5991,0.6540,0.6617,0.5237,391.88,0,3476,3531,2991,0,4139,564,0,2319,1519,0,0,24548.84,91.72,450.00,"agriculture:1.00/0.70;education_culture:1.00/0.70;engineering_bay:1.00/0.70;life_support_habitat:1.00/0.70;medical_bay:1.00/0.70;security:1.00/0.70","agriculture:0.56/0.38;education_culture:1.00/0.82;engineering_bay:0.33/0.17;life_support_habitat:1.00/0.40;medical_bay:1.00/0.38;security:0.49/0.00"
the_long_tow,wanderers,combat,first-choice,50,8,27,15,0,0,0.8015,0.9998,1324,481,0.4474,0,0.1999,0.3185,0.4574,0.4636,596.62,98,4202,3436,2191,3892,819,568,0,938,1518,10,10,24335.12,80.16,450.00,"agriculture:1.00/0.70;education_culture:1.00/0.70;engineering_bay:1.00/0.70;life_support_habitat:1.00/0.70;medical_bay:1.00/0.70;security:1.00/0.70","agriculture:0.00/0.04;education_culture:0.36/0.20;engineering_bay:0.26/0.00;life_support_habitat:1.00/0.30;medical_bay:0.80/0.00;security:0.40/0.00"
the_long_tow,wanderers,combat,objective-first,50,2,41,7,0,0,0.8270,1.0000,2396,10896,0.5356,0,0.4474,0.4490,0.5462,0.5237,551.60,0,4268,3361,2774,3694,699,572,0,774,726,0,0,35587.44,82.64,450.00,"agriculture:1.00/0.70;education_culture:1.00/0.70;engineering_bay:1.00/0.70;life_support_habitat:1.00/0.70;medical_bay:1.00/0.70;security:1.00/0.70","agriculture:0.00/0.00;education_culture:1.00/0.83;engineering_bay:0.52/0.42;life_support_habitat:1.00/0.33;medical_bay:1.00/0.25;security:0.33/0.00"
the_long_tow,wanderers,fuel,conservative,50,35,15,0,0,0,0.9247,1.0000,6631,11125,0.8578,0,0.6908,0.6670,0.6018,0.5237,370.24,0,3536,3510,2925,0,4205,563,0,2241,1715,0,0,24633.04,92.48,450.00,"agriculture:1.00/0.70;education_culture:1.00/0.70;engineering_bay:1.00/0.70;life_support_habitat:1.00/0.70;medical_bay:1.00/0.70;security:1.00/0.70","agriculture:0.71/0.28;education_culture:1.00/0.80;engineering_bay:0.54/0.00;life_support_habitat:1.00/0.33;medical_bay:1.00/0.25;security:0.29/0.00"
the_long_tow,wanderers,fuel,first-choice,50,6,32,12,0,0,0.7982,0.9981,0,0,0.7000,0,0.1741,0.3800,0.3189,0.4636,599.84,100,4280,3505,2233,3901,827,550,0,884,1462,7,7,24252.32,79.86,450.00,"agriculture:1.00/0.70;education_culture:1.00/0.70;engineering_bay:1.00/0.70;life_support_habitat:1.00/0.70;medical_bay:1.00/0.70;security:1.00/0.70","agriculture:0.48/0.00;education_culture:0.08/0.00;engineering_bay:0.07/0.00;life_support_habitat:1.00/0.46;medical_bay:0.33/0.00;security:0.08/0.00"
the_long_tow,wanderers,fuel,objective-first,50,5,39,6,0,0,0.8348,1.0000,6631,10532,0.8579,53,0.4474,0.4490,0.5536,0.5237,528.96,0,4207,3322,2774,3775,705,550,0,708,866,0,0,35162.24,83.46,450.00,"agriculture:1.00/0.70;education_culture:1.00/0.70;engineering_bay:1.00/0.70;life_support_habitat:1.00/0.70;medical_bay:1.00/0.70;security:1.00/0.70","agriculture:0.00/0.00;education_culture:1.00/0.84;engineering_bay:0.47/0.40;life_support_habitat:1.00/0.38;medical_bay:1.00/0.22;security:0.31/0.00"
the_long_tow,wanderers,speed,conservative,50,39,11,0,0,0,0.9271,1.0000,3941,11483,0.6704,0,0.5948,0.6470,0.6214,0.5237,360.94,0,3433,3517,2939,0,4115,582,0,2492,2204,0,0,24515.64,92.72,450.00,"agriculture:1.00/0.70;education_culture:1.00/0.70;engineering_bay:1.00/0.70;life_support_habitat:1.00/0.70;medical_bay:1.00/0.70;security:1.00/0.70","agriculture:0.66/0.48;education_culture:1.00/0.80;engineering_bay:0.62/0.27;life_support_habitat:1.00/0.40;medical_bay:1.00/0.35;security:0.38/0.00"
the_long_tow,wanderers,speed,first-choice,50,7,30,13,0,0,0.7993,1.0000,430,20,0.4474,0,0.0000,0.2845,0.4572,0.4636,608.00,98,4177,3531,2169,3885,788,554,0,1104,2005,5,5,24677.42,80.00,450.00,"agriculture:1.00/0.70;education_culture:1.00/0.70;engineering_bay:1.00/0.70;life_support_habitat:1.00/0.70;medical_bay:1.00/0.70;security:1.00/0.70","agriculture:0.46/0.43;education_culture:0.10/0.00;engineering_bay:0.42/0.28;life_support_habitat:1.00/0.31;medical_bay:0.07/0.00;security:0.40/0.00"
the_long_tow,wanderers,speed,objective-first,50,8,40,2,0,0,0.8376,1.0000,3941,11171,0.5378,40,0.4474,0.4490,0.5398,0.5237,522.36,0,4225,3364,2792,3804,731,566,0,725,822,0,0,41655.44,83.78,450.00,"agriculture:1.00/0.70;education_culture:1.00/0.70;engineering_bay:1.00/0.70;life_support_habitat:1.00/0.70;medical_bay:1.00/0.70;security:1.00/0.70","agriculture:0.55/0.00;education_culture:1.00/0.82;engineering_bay:0.45/0.40;life_support_habitat:1.00/0.38;medical_bay:1.00/0.19;security:0.03/0.00"
the_long_tow,wanderers,starter,conservative,50,31,19,0,0,0,0.9172,1.0000,7320,10806,0.6780,0,0.5261,0.6020,0.6617,0.5237,381.40,0,3482,3505,2936,0,4154,559,0,2379,2192,0,0,24645.24,91.78,450.00,"agriculture:1.00/0.70;education_culture:1.00/0.70;engineering_bay:1.00/0.70;life_support_habitat:1.00/0.70;medical_bay:1.00/0.70;security:1.00/0.70","agriculture:0.74/0.38;education_culture:1.00/0.84;engineering_bay:0.53/0.00;life_support_habitat:1.00/0.40;medical_bay:1.00/0.49;security:0.26/0.00"
the_long_tow,wanderers,starter,first-choice,50,13,27,10,0,0,0.8303,1.0000,70,9,0.4584,0,0.1952,0.3425,0.3549,0.4470,512.78,99,4204,3445,2177,3889,768,545,0,956,1923,11,11,24286.92,83.08,450.00,"agriculture:1.00/0.70;education_culture:1.00/0.70;engineering_bay:1.00/0.70;life_support_habitat:1.00/0.70;medical_bay:1.00/0.70;security:1.00/0.70","agriculture:0.52/0.15;education_culture:0.41/0.00;engineering_bay:0.25/0.00;life_support_habitat:1.00/0.62;medical_bay:0.40/0.00;security:0.31/0.00"
the_long_tow,wanderers,starter,objective-first,50,8,38,4,0,0,0.8378,1.0000,9405,10347,0.5451,31,0.4474,0.4490,0.5962,0.5057,523.52,0,4171,3305,2720,3782,696,553,0,746,890,0,0,40038.44,83.78,450.00,"agriculture:1.00/0.70;education_culture:1.00/0.70;engineering_bay:1.00/0.70;life_support_habitat:1.00/0.70;medical_bay:1.00/0.70;security:1.00/0.70","agriculture:0.22/0.00;education_culture:1.00/0.85;engineering_bay:0.48/0.46;life_support_habitat:1.00/0.43;medical_bay:1.00/0.52;security:0.03/0.00"
the_sanctuary_run,adaptors,cargo,conservative,50,39,11,0,0,0,0.9291,1.0000,3340,9798,0.4080,0,0.5874,0.6105,0.6137,0.5591,342.52,0,3210,3213,2693,0,3594,485,0,1924,1546,0,0,28072.90,92.84,400.00,"agriculture:1.00/0.70;education_culture:1.00/0.70;engineering_bay:1.00/0.70;life_support_habitat:1.00/0.70;medical_bay:1.00/0.70;security:1.00/0.70","agriculture:0.71/0.48;education_culture:1.00/0.81;engineering_bay:0.05/0.00;life_support_habitat:1.00/0.36;medical_bay:1.00/0.44;security:0.00/0.00"
the_sanctuary_run,adaptors,cargo,first-choice,50,9,37,4,0,0,0.8383,1.0000,1548,87,0.2366,0,0.4469,0.4490,0.2567,0.4481,638.68,96,3669,3251,1817,3415,778,488,0,624,889,8,8,27512.86,83.86,400.00,"agriculture:1.00/0.70;education_culture:1.00/0.70;engineering_bay:1.00/0.70;life_support_habitat:1.00/0.70;medical_bay:1.00/0.70;security:1.00/0.70","agriculture:0.52/0.28;education_culture:0.69/0.00;engineering_bay:0.24/0.05;life_support_habitat:1.00/0.44;medical_bay:0.53/0.15;security:0.00/0.00"
the_sanctuary_run,adaptors,cargo,objective-first,50,28,22,0,0,0,0.8988,1.0000,3340,8780,0.4080,44,0.4470,0.4495,0.4042,0.5485,449.68,0,3804,3119,2449,3284,656,495,0,172,0,0,0,45809.76,89.84,400.00,"agriculture:1.00/0.70;education_culture:1.00/0.70;engineering_bay:1.00/0.70;life_support_habitat:1.00/0.70;medical_bay:1.00/0.70;security:1.00/0.70","agriculture:0.32/0.00;education_culture:1.00/0.85;engineering_bay:0.00/0.25;life_support_habitat:1.00/0.36;medical_bay:1.00/0.44;security:0.35/0.00"
the_sanctuary_run,adaptors,combat,conservative,50,39,11,0,0,0,0.9291,1.0000,2340,10207,0.4080,0,0.6734,0.6750,0.6137,0.5774,340.48,0,3247,3211,2603,0,3653,489,0,1881,1396,0,0,28218.30,92.88,400.00,"agriculture:1.00/0.70;education_culture:1.00/0.70;engineering_bay:1.00/0.70;life_support_habitat:1.00/0.70;medical_bay:1.00/0.70;security:1.00/0.70","agriculture:0.72/0.38;education_culture:1.00/0.85;engineering_bay:0.04/0.00;life_support_habitat:1.00/0.36;medical_bay:1.00/0.17;security:0.49/0.00"
the_sanctuary_run,adaptors,combat,first-choice,50,15,29,6,0,0,0.8456,1.0000,548,79,0.2366,0,0.4457,0.4490,0.2441,0.4481,614.80,96,3620,3231,1830,3440,758,480,0,613,799,7,7,27662.28,84.60,400.00,"agriculture:1.00/0.70;education_culture:1.00/0.70;engineering_bay:1.00/0.70;life_support_habitat:1.00/0.70;medical_bay:1.00/0.70;security:1.00/0.70","agriculture:0.48/0.38;education_culture:0.66/0.16;engineering_bay:0.32/0.00;life_support_habitat:1.00/0.28;medical_bay:0.19/0.00;security:0.40/0.00"
the_sanctuary_run,adaptors,combat,objective-first,50,28,22,0,0,0,0.8984,1.0000,2340,8780,0.4080,44,0.4470,0.4495,0.4042,0.5485,451.10,0,3814,3115,2455,3277,656,492,0,176,0,0,0,44874.10,89.82,400.00,"agriculture:1.00/0.70;education_culture:1.00/0.70;engineering_bay:1.00/0.70;life_support_habitat:1.00/0.70;medical_bay:1.00/0.70;security:1.00/0.70","agriculture:0.32/0.00;education_culture:1.00/0.85;engineering_bay:0.00/0.25;life_support_habitat:1.00/0.36;medical_bay:1.00/0.44;security:0.35/0.00"
the_sanctuary_run,adaptors,fuel,conservative,50,37,13,0,0,0,0.9299,1.0000,6474,9629,0.8588,0,0.5654,0.6685,0.6137,0.5703,340.20,0,3164,3278,2584,0,3617,497,0,1860,1634,0,0,28179.86,93.02,400.00,"agriculture:1.00/0.70;education_culture:1.00/0.70;engineering_bay:1.00/0.70;life_support_habitat:1.00/0.70;medical_bay:1.00/0.70;security:1.00/0.70","agriculture:0.75/0.48;education_culture:1.00/0.85;engineering_bay:0.04/0.00;life_support_habitat:1.00/0.46;medical_bay:1.00/0.24;security:0.15/0.00"
the_sanctuary_run,adaptors,fuel,first-choice,50,18,29,3,0,0,0.8758,1.0000,147,0,0.8250,0,0.4471,0.4490,0.4219,0.5062,510.40,95,3662,3253,1861,3439,765,515,0,590,961,13,13,27345.52,87.60,400.00,"agriculture:1.00/0.70;education_culture:1.00/0.70;engineering_bay:1.00/0.70;life_support_habitat:1.00/0.70;medical_bay:1.00/0.70;security:1.00/0.70","agriculture:0.07/0.00;education_culture:0.76/0.08;engineering_bay:0.02/0.05;life_support_habitat:1.00/0.41;medical_bay:0.50/0.45;security:0.46/0.00"
the_sanctuary_run,adaptors,fuel,objective-first,50,23,27,0,0,0,0.8929,1.0000,6474,6950,0.8588,49,0.4469,0.4495,0.3842,0.4723,469.90,0,3780,3184,2463,3280,643,494,0,161,0,0,0,47308.14,89.30,400.00,"agriculture:1.00/0.70;education_culture:1.00/0.70;engineering_bay:1.00/0.70;life_support_habitat:1.00/0.70;medical_bay:1.00/0.70;security:1.00/0.70","agriculture:0.31/0.00;education_culture:1.00/0.85;engineering_bay:0.00/0.25;life_support_habitat:1.00/0.36;medical_bay:1.00/0.44;security:0.35/0.00"
the_sanctuary_run,adaptors,speed,conservative,50,41,9,0,0,0,0.9325,1.0000,3855,10207,0.3667,0,0.6489,0.6385,0.5786,0.5712,333.70,0,3148,3303,2605,0,3677,496,0,2102,2047,0,0,28145.36,93.26,400.00,"agriculture:1.00/0.70;education_culture:1.00/0.70;engineering_bay:1.00/0.70;life_support_habitat:1.00/0.70;medical_bay:1.00/0.70;security:1.00/0.70","agriculture:0.74/0.48;education_culture:1.00/0.83;engineering_bay:0.74/0.43;life_support_habitat:1.00/0.41;medical_bay:1.00/0.54;security:0.23/0.00"
the_sanctuary_run,adaptors,speed,first-choice,50,15,30,5,0,0,0.8525,1.0000,98,0,0.0574,14,0.4469,0.4490,0.3973,0.5061,584.94,94,3674,3271,1901,3372,786,504,0,773,1436,18,18,27455.16,85.24,400.00,"agriculture:1.00/0.70;education_culture:1.00/0.70;engineering_bay:1.00/0.70;life_support_habitat:1.00/0.70;medical_bay:1.00/0.70;security:1.00/0.70","agriculture:0.46/0.41;education_culture:0.83/0.30;engineering_bay:0.44/0.14;life_support_habitat:1.00/0.37;medical_bay:0.10/0.00;security:0.21/0.00"
the_sanctuary_run,adaptors,speed,objective-first,50,27,23,0,0,0,0.8919,1.0000,3855,8016,0.4080,44,0.4469,0.4495,0.3842,0.5409,473.16,0,3767,3173,2458,3272,646,467,0,164,0,0,0,52179.08,89.16,400.00,"agriculture:1.00/0.70;education_culture:1.00/0.70;engineering_bay:1.00/0.70;life_support_habitat:1.00/0.70;medical_bay:1.00/0.70;security:1.00/0.70","agriculture:0.35/0.00;education_culture:1.00/0.82;engineering_bay:0.00/0.00;life_support_habitat:1.00/0.36;medical_bay:1.00/0.44;security:0.15/0.00"
the_sanctuary_run,adaptors,starter,conservative,50,40,10,0,0,0,0.9354,1.0000,7412,9288,0.5666,4,0.6969,0.6990,0.6137,0.5775,320.50,0,3071,3326,2705,0,3660,483,0,1986,2087,0,0,28152.94,93.52,400.00,"agriculture:1.00/0.70;education_culture:1.00/0.70;engineering_bay:1.00/0.70;life_support_habitat:1.00/0.70;medical_bay:1.00/0.70;security:1.00/0.70","agriculture:0.72/0.48;education_culture:1.00/0.85;engineering_bay:0.21/0.05;life_support_habitat:1.00/0.46;medical_bay:1.00/0.24;security:0.45/0.00"
the_sanctuary_run,adaptors,starter,first-choice,50,13,34,3,0,0,0.8598,1.0000,70,0,0.0815,22,0.4469,0.4490,0.1978,0.5157,566.12,95,3596,3134,1922,3498,775,497,0,614,1358,24,24,27266.58,86.00,400.00,"agriculture:1.00/0.70;education_culture:1.00/0.70;engineering_bay:1.00/0.70;life_support_habitat:1.00/0.70;medical_bay:1.00/0.70;security:1.00/0.70","agriculture:0.50/0.31;education_culture:0.83/0.20;engineering_bay:0.00/0.00;life_support_habitat:1.00/0.49;medical_bay:0.48/0.00;security:0.46/0.00"
the_sanctuary_run,adaptors,starter,objective-first,50,28,22,0,0,0,0.9013,1.0000,9590,8780,0.4080,12,0.4470,0.4495,0.4042,0.5485,441.70,0,3769,3135,2448,3319,645,490,0,168,0,0,0,52177.08,90.10,400.00,"agriculture:1.00/0.70;education_culture:1.00/0.70;engineering_bay:1.00/0.70;life_support_habitat:1.00/0.70;medical_bay:1.00/0.70;security:1.00/0.70","agriculture:0.31/0.00;education_culture:1.00/0.85;engineering_bay:0.00/0.25;life_support_habitat:1.00/0.36;medical_bay:1.00/0.44;security:0.35/0.00"
the_sanctuary_run,preservers,cargo,conservative,50,36,14,0,0,0,0.9195,1.0000,3340,9225,0.0265,0,0.6179,0.6790,0.5492,0.5308,378.56,0,3261,3199,2622,0,3658,495,0,1981,1566,0,0,28046.88,91.96,400.00,"agriculture:1.00/0.70;education_culture:1.00/0.70;engineering_bay:1.00/0.70;life_support_habitat:1.00/0.70;medical_bay:1.00/0.70;security:1.00/0.70","agriculture:0.74/0.38;education_culture:1.00/0.81;engineering_bay:0.00/0.00;life_support_habitat:1.00/0.46;medical_bay:1.00/0.16;security:0.42/0.00"
the_sanctuary_run,preservers,cargo,first-choice,50,13,36,1,0,0,0.8553,1.0000,1750,519,0.0083,0,0.4469,0.4490,0.4829,0.0000,592.60,98,3650,3172,1896,3427,767,506,0,686,883,13,13,28018.22,85.60,400.00,"agriculture:1.00/0.70;education_culture:1.00/0.70;engineering_bay:1.00/0.70;life_support_habitat:1.00/0.70;medical_bay:1.00/0.70;security:1.00/0.70","agriculture:0.50/0.43;education_culture:0.49/0.04;engineering_bay:0.00/0.00;life_support_habitat:1.00/0.40;medical_bay:0.39/0.00;security:0.43/0.00"
the_sanctuary_run,preservers,cargo,objective-first,50,20,30,0,0,0,0.8914,1.0000,3340,9771,0.0547,63,0.4469,0.4495,0.1322,0.5369,475.44,0,3807,3165,2465,3360,611,499,0,170,0,0,0,46071.84,89.12,400.00,"agriculture:1.00/0.70;education_culture:1.00/0.70;engineering_bay:1.00/0.70;life_support_habitat:1.00/0.70;medical_bay:1.00/0.70;security:1.00/0.70","agriculture:0.32/0.00;education_culture:1.00/0.77;engineering_bay:0.00/0.00;life_support_habitat:1.00/0.51;medical_bay:1.00/0.36;security:0.48/0.00"
the_sanctuary_run,preservers,combat,conservative,50,36,14,0,0,0,0.9197,1.0000,2340,9376,0.0265,3,0.6969,0.6990,0.5492,0.4366,378.06,0,3146,3294,2549,0,3647,502,0,1928,1462,0,0,28188.74,91.96,400.00,"agriculture:1.00/0.70;education_culture:1.00/0.70;engineering_bay:1.00/0.70;life_support_habitat:1.00/0.70;medical_bay:1.00/0.70;security:1.00/0.70","agriculture:0.71/0.40;education_culture:1.00/0.85;engineering_bay:0.02/0.05;life_support_habitat:1.00/0.46;medical_bay:1.00/0.06;security:0.29/0.00"
the_sanctuary_run,preservers,combat,first-choice,50,13,34,3,0,0,0.8510,1.0000,154,0,0.0083,0,0.4469,0.4490,0.5195,0.5025,610.74,96,3695,3195,1939,3483,730,482,0,643,776,18,18,27588.52,85.06,400.00,"agriculture:1.00/0.70;education_culture:1.00/0.70;engineering_bay:1.00/0.70;life_support_habitat:1.00/0.70;medical_bay:1.00/0.70;security:1.00/0.70","agriculture:0.46/0.42;education_culture:0.49/0.04;engineering_bay:0.00/0.00;life_support_habitat:1.00/0.40;medical_bay:0.39/0.00;security:0.43/0.00"
the_sanctuary_run,preservers,combat,objective-first,50,19,31,0,0,0,0.8909,1.0000,2340,9771,0.0547,62,0.4469,0.4495,0.1322,0.5369,477.22,0,3807,3168,2483,3371,610,499,0,171,0,0,0,44997.90,89.08,400.00,"agriculture:1.00/0.70;education_culture:1.00/0.70;engineering_bay:1.00/0.70;life_support_habitat:1.00/0.70;medical_bay:1.00/0.70;security:1.00/0.70","agriculture:0.32/0.00;education_culture:1.00/0.77;engineering_bay:0.00/0.00;life_support_habitat:1.00/0.51;medical_bay:1.00/0.36;security:0.48/0.00"
the_sanctuary_run,preservers,fuel,conservative,50,42,8,0,0,0,0.9351,1.0000,6585,10441,0.8599,0,0.6811,0.6990,0.5926,0.4980,320.58,0,3199,3200,2584,0,3653,492,0,1888,1616,0,0,28134.74,93.56,400.00,"agriculture:1.00/0.70;education_culture:1.00/0.70;engineering_bay:1.00/0.70;life_support_habitat:1.00/0.70;medical_bay:1.00/0.70;security:1.00/0.70","agriculture:0.72/0.18;education_culture:1.00/0.85;engineering_bay:0.46/0.00;life_support_habitat:1.00/0.38;medical_bay:1.00/0.36;security:0.36/0.00"
the_sanctuary_run,preservers,fuel,first-choice,50,12,34,4,0,0,0.8598,1.0000,573,0,0.8500,2,0.4469,0.4490,0.3736,0.5403,570.94,98,3616,3220,1934,3535,755,499,0,612,994,15,15,27512.42,85.90,400.00,"agriculture:1.00/0.70;education_culture:1.00/0.70;engineering_bay:1.00/0.70;life_support_habitat:1.00/0.70;medical_bay:1.00/0.70;security:1.00/0.70","agriculture:0.29/0.00;education_culture:0.63/0.05;engineering_bay:0.42/0.25;life_support_habitat:1.00/0.28;medical_bay:0.47/0.00;security:0.15/0.00"
the_sanctuary_run,preservers,fuel,objective-first,50,23,27,0,0,0,0.8952,1.0000,6585,10240,0.8598,60,0.4469,0.4495,0.4804,0.5316,462.86,0,3781,3144,2472,3442,614,529,0,171,0,0,0,47166.00,89.54,400.00,"agriculture:1.00/0.70;education_culture:1.00/0.70;engineering_bay:1.00/0.70;life_support_habitat:1.00/0.70;medical_bay:1.00/0.70;security:1.00/0.70","agriculture:0.33/0.00;education_culture:1.00/0.75;engineering_bay:0.00/0.25;life_support_habitat:1.00/0.51;medical_bay:1.00/0.39;security:0.50/0.00"
the_sanctuary_run,preservers,speed,conservative,50,40,10,0,0,0,0.9292,1.0000,3855,9952,0.0265,0,0.6214,0.6345,0.5937,0.5488,342.04,0,3224,3178,2578,0,3604,501,0,2188,2093,0,0,28265.78,92.94,400.00,"agriculture:1.00/0.70;education_culture:1.00/0.70;engineering_bay:1.00/0.70;life_support_habitat:1.00/0.70;medical_bay:1.00/0.70;security:1.00/0.70","agriculture:0.72/0.48;education_culture:1.00/0.85;engineering_bay:0.71/0.40;life_support_habitat:1.00/0.53;medical_bay:1.00/0.56;security:0.31/0.00"
the_sanctuary_run,preservers,speed,first-choice,50,14,28,8,0,0,0.8517,1.0000,931,0,0.0083,0,0.4469,0.4490,0.2078,0.5025,598.90,98,3636,3207,1941,3472,755,493,0,803,1449,16,16,27943.12,85.18,400.00,"agriculture:1.00/0.70;education_culture:1.00/0.70;engineering_bay:1.00/0.70;life_support_habitat:1.00/0.70;medical_bay:1.00/0.70;security:1.00/0.70","agriculture:0.47/0.42;education_culture:0.54/0.10;engineering_bay:0.00/0.00;life_support_habitat:1.00/0.47;medical_bay:0.42/0.00;security:0.38/0.00"
the_sanctuary_run,preservers,speed,objective-first,50,29,21,0,0,0,0.9013,1.0000,3855,10526,0.0547,59,0.4469,0.4495,0.4624,0.5372,441.60,0,3787,3103,2443,3480,600,505,0,169,0,0,0,52699.42,90.18,400.00,"agriculture:1.00/0.70;education_culture:1.00/0.70;engineering_bay:1.00/0.70;life_support_habitat:1.00/0.70;medical_bay:1.00/0.70;security:1.00/0.70","agriculture:0.09/0.00;education_culture:1.00/0.85;engineering_bay:0.20/0.05;life_support_habitat:1.00/0.36;medical_bay:1.00/0.06;security:0.45/0.00"
the_sanctuary_run,preservers,starter,conservative,50,43,7,0,0,0,0.9409,1.0000,8082,8658,0.5397,0,0.6710,0.6990,0.5937,0.5495,303.10,0,3127,3209,2567,0,3717,482,0,2035,2078,0,0,28230.58,94.12,400.00,"agriculture:1.00/0.70;education_culture:1.00/0.70;engineering_bay:1.00/0.70;life_support_habitat:1.00/0.70;medical_bay:1.00/0.70;security:1.00/0.70","agriculture:0.72/0.48;education_culture:1.00/0.80;engineering_bay:0.28/0.00;life_support_habitat:1.00/0.57;medical_bay:1.00/0.16;security:0.31/0.00"
the_sanctuary_run,preservers,starter,first-choice,50,16,31,3,0,0,0.8637,1.0000,70,0,0.0137,6,0.4469,0.4490,0.5195,0.5251,564.04,98,3618,3186,2006,3432,744,477,0,699,1419,10,10,27905.60,86.40,400.00,"agriculture:1.00/0.70;education_culture:1.00/0.70;engineering_bay:1.00/0.70;life_support_habitat:1.00/0.70;medical_bay:1.00/0.70;security:1.00/0.70","agriculture:0.42/0.15;education_culture:0.51/0.00;engineering_bay:0.00/0.00;life_support_habitat:1.00/0.53;medical_bay:0.37/0.00;security:0.10/0.00"
the_sanctuary_run,preservers,starter,objective-first,50,28,22,0,0,0,0.8975,1.0000,9590,10285,0.0547,60,0.4469,0.4495,0.5058,0.5369,454.82,0,3793,3111,2504,3403,602,500,0,173,0,0,0,52224.22,89.72,400.00,"agriculture:1.00/0.70;education_culture:1.00/0.70;engineering_bay:1.00/0.70;life_support_habitat:1.00/0.70;medical_bay:1.00/0.70;security:1.00/0.70","agriculture:0.03/0.00;education_culture:1.00/0.69;engineering_bay:0.00/0.00;life_support_habitat:1.00/0.46;medical_bay:1.00/0.06;security:0.18/0.00"
the_sanctuary_run,wanderers,cargo,conservative,50,31,19,0,0,0,0.9121,1.0000,3341,9886,0.4022,0,0.6887,0.6990,0.5337,0.5558,403.92,0,3172,3263,2489,0,3702,461,0,2069,1565,0,0,28245.04,91.20,400.00,"agriculture:1.00/0.70;education_culture:1.00/0.70;engineering_bay:1.00/0.70;life_support_habitat:1.00/0.70;medical_bay:1.00/0.70;security:1.00/0.70","agriculture:0.67/0.48;education_culture:1.00/0.81;engineering_bay:0.53/0.35;life_support_habitat:1.00/0.51;medical_bay:1.00/0.20;security:0.42/0.00"
the_sanctuary_run,wanderers,cargo,first-choice,50,14,32,4,0,0,0.8461,1.0000,386,510,0.2465,0,0.3454,0.4490,0.4813,0.3886,612.20,98,3679,3177,2002,3497,726,500,0,752,1154,12,12,27301.90,84.62,400.00,"agriculture:1.00/0.70;education_culture:1.00/0.70;engineering_bay:1.00/0.70;life_support_habitat:1.00/0.70;medical_bay:1.00/0.70;security:1.00/0.70","agriculture:0.51/0.24;education_culture:0.89/0.36;engineering_bay:0.18/0.00;life_support_habitat:1.00/0.42;medical_bay:0.29/0.00;security:0.00/0.00"
the_sanctuary_run,wanderers,cargo,objective-first,50,17,33,0,0,0,0.8806,1.0000,3341,8185,0.2518,62,0.4469,0.4495,0.5012,0.5558,510.60,0,3873,3039,2374,3303,629,476,0,191,0,0,0,45487.42,88.08,400.00,"agriculture:1.00/0.70;education_culture:1.00/0.70;engineering_bay:1.00/0.70;life_support_habitat:1.00/0.70;medical_bay:1.00/0.70;security:1.00/0.70","agriculture:0.33/0.00;education_culture:1.00/0.82;engineering_bay:0.00/0.20;life_support_habitat:1.00/0.56;medical_bay:1.00/0.30;security:0.39/0.00"
the_sanctuary_run,wanderers,combat,conservative,50,34,16,0,0,0,0.9104,1.0000,2341,9849,0.3974,0,0.6969,0.6990,0.5337,0.5558,410.12,0,3241,3220,2505,0,3725,446,0,1964,1450,0,0,28112.88,91.00,400.00,"agriculture:1.00/0.70;education_culture:1.00/0.70;engineering_bay:1.00/0.70;life_support_habitat:1.00/0.70;medical_bay:1.00/0.70;security:1.00/0.70","agriculture:0.75/0.48;education_culture:1.00/0.85;engineering_bay:0.00/0.00;life_support_habitat:1.00/0.46;medical_bay:1.00/0.40;security:0.44/0.00"
the_sanctuary_run,wanderers,combat,first-choice,50,13,34,3,0,0,0.8497,1.0000,0,0,0.2462,2,0.4469,0.4490,0.2398,0.3886,602.02,98,3673,3134,2017,3511,724,496,0,727,1167,15,15,27189.10,84.92,400.00,"agriculture:1.00/0.70;education_culture:1.00/0.70;engineering_bay:1.00/0.70;life_support_habitat:1.00/0.70;medical_bay:1.00/0.70;security:1.00/0.70","agriculture:0.19/0.00;education_culture:0.76/0.19;engineering_bay:0.00/0.20;life_support_habitat:1.00/0.33;medical_bay:0.38/0.00;security:0.16/0.00"
the_sanctuary_run,wanderers,combat,objective-first,50,17,33,0,0,0,0.8820,1.0000,2341,8185,0.2518,62,0.4470,0.4495,0.5012,0.5558,506.26,0,3863,3028,2378,3317,630,472,0,189,0,0,0,44774.58,88.26,400.00,"agriculture:1.00/0.70;education_culture:1.00/0.70;engineering_bay:1.00/0.70;life_support_habitat:1.00/0.70;medical_bay:1.00/0.70;security:1.00/0.70","agriculture:0.33/0.00;education_culture:1.00/0.82;engineering_bay:0.00/0.20;life_support_habitat:1.00/0.56;medical_bay:1.00/0.30;security:0.39/0.00"
the_sanctuary_run,wanderers,fuel,conservative,50,36,14,0,0,0,0.9223,1.0000,6586,9946,0.8706,2,0.6969,0.6990,0.5337,0.5558,367.20,0,3101,3231,2489,0,3694,478,0,1911,1628,0,0,28034.60,92.26,400.00,"agriculture:1.00/0.70;education_culture:1.00/0.70;engineering_bay:1.00/0.70;life_support_habitat:1.00/0.70;medical_bay:1.00/0.70;security:1.00/0.70","agriculture:0.73/0.18;education_culture:1.00/0.85;engineering_bay:0.00/0.00;life_support_habitat:1.00/0.26;medical_bay:1.00/0.00;security:0.17/0.00"
the_sanctuary_run,wanderers,fuel,first-choice,50,17,29,4,0,0,0.8478,1.0000,1980,0,0.8500,0,0.4469,0.4490,0.4909,0.3886,601.86,95,3734,3157,1974,3379,754,483,0,751,1265,10,10,27329.42,84.78,400.00,"agriculture:1.00/0.70;education_culture:1.00/0.70;engineering_bay:1.00/0.70;life_support_habitat:1.00/0.70;medical_bay:1.00/0.70;security:1.00/0.70","agriculture:0.43/0.07;education_culture:0.62/0.00;engineering_bay:0.00/0.00;life_support_habitat:1.00/0.33;medical_bay:0.46/0.00;security:0.00/0.00"
the_sanctuary_run,wanderers,fuel,objective-first,50,16,34,0,0,0,0.8852,1.0000,6586,9588,0.8483,68,0.4469,0.4495,0.4210,0.5385,496.30,0,3831,3024,2409,3297,644,475,0,194,0,0,0,46741.82,88.44,400.00,"agriculture:1.00/0.70;education_culture:1.00/0.70;engineering_bay:1.00/0.70;life_support_habitat:1.00/0.70;medical_bay:1.00/0.70;security:1.00/0.70","agriculture:0.10/0.00;education_culture:1.00/0.74;engineering_bay:0.00/0.00;life_support_habitat:1.00/0.46;medical_bay:1.00/0.00;security:0.37/0.00"
the_sanctuary_run,wanderers,speed,conservative,50,35,15,0,0,0,0.9185,1.0000,3856,9890,0.4856,0,0.6245,0.6890,0.5337,0.5527,382.00,0,3099,3256,2517,0,3720,463,0,2148,2032,0,0,28212.26,91.84,400.00,"agriculture:1.00/0.70;education_culture:1.00/0.70;engineering_bay:1.00/0.70;life_support_habitat:1.00/0.70;medical_bay:1.00/0.70;security:1.00/0.70","agriculture:0.73/0.48;education_culture:1.00/0.85;engineering_bay:0.73/0.38;life_support_habitat:1.00/0.57;medical_bay:1.00/0.50;security:0.34/0.00"
the_sanctuary_run,wanderers,speed,first-choice,50,14,30,6,0,0,0.8437,1.0000,0,0,0.2285,0,0.4006,0.4490,0.5396,0.3886,614.96,99,3736,3222,1962,3431,749,499,0,842,1618,8,8,27497.34,84.38,400.00,"agriculture:1.00/0.70;education_culture:1.00/0.70;engineering_bay:1.00/0.70;life_support_habitat:1.00/0.70;medical_bay:1.00/0.70;security:1.00/0.70","agriculture:0.45/0.40;education_culture:0.63/0.30;engineering_bay:0.00/0.00;life_support_habitat:1.00/0.53;medical_bay:0.19/0.00;security:0.42/0.00"
the_sanctuary_run,wanderers,speed,objective-first,50,23,27,0,0,0,0.8906,1.0000,3856,8187,0.2518,47,0.4469,0.4490,0.4210,0.4893,477.42,0,3836,3055,2391,3280,632,479,0,189,0,0,0,51961.82,89.00,400.00,"agriculture:1.00/0.70;education_culture:1.00/0.70;engineering_bay:1.00/0.70;life_support_habitat:1.00/0.70;medical_bay:1.00/0.70;security:1.00/0.70","agriculture:0.25/0.00;education_culture:1.00/0.82;engineering_bay:0.00/0.00;life_support_habitat:1.00/0.41;medical_bay:1.00/0.00;security:0.64/0.00"
the_sanctuary_run,wanderers,starter,conservative,50,35,15,0,0,0,0.9170,1.0000,7102,9948,0.6400,0,0.6898,0.6865,0.5337,0.5559,387.46,0,3197,3190,2599,0,3717,480,0,2015,2052,0,0,28185.40,91.68,400.00,"agriculture:1.00/0.70;education_culture:1.00/0.70;engineering_bay:1.00/0.70;life_support_habitat:1.00/0.70;medical_bay:1.00/0.70;security:1.00/0.70","agriculture:0.58/0.08;education_culture:1.00/0.85;engineering_bay:0.00/0.00;life_support_habitat:1.00/0.33;medical_bay:1.00/0.50;security:0.44/0.00"
the_sanctuary_run,wanderers,starter,first-choice,50,10,35,5,0,0,0.8370,1.0000,178,420,0.3335,0,0.3984,0.4490,0.5396,0.3887,640.46,98,3738,3218,2003,3456,675,515,0,696,1598,12,12,27139.42,83.72,400.00,"agriculture:1.00/0.70;education_culture:1.00/0.70;engineering_bay:1.00/0.70;life_support_habitat:1.00/0.70;medical_bay:1.00/0.70;security:1.00/0.70","agriculture:0.46/0.27;education_culture:0.58/0.00;engineering_bay:0.00/0.00;life_support_habitat:1.00/0.40;medical_bay:0.16/0.00;security:0.20/0.00"
the_sanctuary_run,wanderers,starter,objective-first,50,17,33,0,0,0,0.8804,1.0000,9591,8185,0.2518,63,0.4469,0.4495,0.5088,0.5558,513.58,0,3872,3061,2383,3268,636,484,0,194,0,0,0,51815.62,88.00,400.00,"agriculture:1.00/0.70;education_culture:1.00/0.70;engineering_bay:1.00/0.70;life_support_habitat:1.00/0.70;medical_bay:1.00/0.70;security:1.00/0.70","agriculture:0.00/0.00;education_culture:1.00/0.79;engineering_bay:0.00/0.00;life_support_habitat:1.00/0.41;medical_bay:1.00/0.00;security:0.34/0.00"
the_seedbearers_writ,adaptors,cargo,conservative,50,48,2,0,0,0,0.9505,1.0000,3533,11586,0.1626,0,0.4441,0.5905,0.5417,0.5981,311.74,0,3488,3426,1954,0,3812,521,0,1980,1533,0,0,22639.98,95.02,420.00,"agriculture:1.00/0.70;education_culture:1.00/0.70;engineering_bay:1.00/0.70;life_support_habitat:1.00/0.70;medical_bay:1.00/0.70;security:1.00/0.70","agriculture:1.00/0.90;education_culture:1.00/0.95;engineering_bay:0.71/0.53;life_support_habitat:0.65/0.15;medical_bay:1.00/0.33;security:0.55/0.00"
the_seedbearers_writ,adaptors,cargo,first-choice,50,15,35,0,0,0,0.8704,1.0000,0,810,0.0000,0,0.4469,0.4490,0.1028,0.0630,644.30,98,4012,3412,1953,3538,792,533,0,725,929,1,1,22411.38,87.08,420.10,"agriculture:1.00/0.70;education_culture:1.00/0.70;engineering_bay:1.00/0.70;life_support_habitat:1.00/0.70;medical_bay:1.00/0.70;security:1.00/0.70","agriculture:0.49/0.52;education_culture:1.00/1.00;engineering_bay:0.42/0.30;life_support_habitat:0.35/0.10;medical_bay:0.27/0.15;security:0.12/0.00"
the_seedbearers_writ,adaptors,cargo,objective-first,50,36,14,0,0,0,0.9105,1.0000,3533,11586,0.0000,32,0.4469,0.4490,0.2501,0.5981,483.60,0,4085,3310,1822,3489,673,519,0,208,86,0,0,38738.18,91.06,420.04,"agriculture:1.00/0.70;education_culture:1.00/0.70;engineering_bay:1.00/0.70;life_support_habitat:1.00/0.70;medical_bay:1.00/0.70;security:1.00/0.70","agriculture:1.00/0.90;education_culture:1.00/0.88;engineering_bay:0.00/0.05;life_support_habitat:0.29/0.05;medical_bay:1.00/0.36;security:0.60/0.00"
the_seedbearers_writ,adaptors,combat,conservative,50,45,5,0,0,0,0.9471,1.0000,2533,11586,0.1626,0,0.5188,0.6305,0.5355,0.5981,322.86,0,3484,3427,1984,0,3923,519,0,1973,1451,0,0,22611.98,94.72,420.00,"agriculture:1.00/0.70;education_culture:1.00/0.70;engineering_bay:1.00/0.70;life_support_habitat:1.00/0.70;medical_bay:1.00/0.70;security:1.00/0.70","agriculture:1.00/0.90;education_culture:1.00/1.00;engineering_bay:0.72/0.58;life_support_habitat:0.74/0.39;medical_bay:1.00/0.43;security:0.49/0.00"
the_seedbearers_writ,adaptors,combat,first-choice,50,18,32,0,0,0,0.8761,1.0000,2234,3047,0.0000,0,0.4337,0.4490,0.0586,0.5453,625.08,100,3983,3365,1929,3543,804,538,0,744,858,0,0,22657.90,87.58,420.10,"agriculture:1.00/0.70;education_culture:1.00/0.70;engineering_bay:1.00/0.70;life_support_habitat:1.00/0.70;medical_bay:1.00/0.70;security:1.00/0.70","agriculture:0.50/0.62;education_culture:1.00/0.94;engineering_bay:0.52/0.61;life_support_habitat:0.35/0.21;medical_bay:0.27/0.00;security:0.11/0.00"
the_seedbearers_writ,adaptors,combat,objective-first,50,36,14,0,0,0,0.9101,1.0000,2533,11586,0.0000,32,0.4469,0.4490,0.2501,0.5981,485.18,0,4093,3308,1818,3480,672,519,0,207,62,0,0,38040.18,91.04,420.04,"agriculture:1.00/0.70;education_culture:1.00/0.70;engineering_bay:1.00/0.70;life_support_habitat:1.00/0.70;medical_bay:1.00/0.70;security:1.00/0.70","agriculture:1.00/0.90;education_culture:1.00/0.88;engineering_bay:0.00/0.05;life_support_habitat:0.29/0.05;medical_bay:1.00/0.33;security:0.60/0.00"
the_seedbearers_writ,adaptors,fuel,conservative,50,47,3,0,0,0,0.9506,1.0000,6467,11586,0.8568,0,0.6263,0.6700,0.5189,0.5981,306.78,0,3385,3492,2005,0,3881,526,0,2023,1668,0,0,22513.18,95.04,420.00,"agriculture:1.00/0.70;education_culture:1.00/0.70;engineering_bay:1.00/0.70;life_support_habitat:1.00/0.70;medical_bay:1.00/0.70;security:1.00/0.70","agriculture:1.00/0.90;education_culture:1.00/0.96;engineering_bay:0.74/0.63;life_support_habitat:0.49/0.00;medical_bay:1.00/0.43;security:0.25/0.00"
the_seedbearers_writ,adaptors,fuel,first-choice,50,14,36,0,0,0,0.8733,1.0000,2084,5244,0.8500,0,0.4408,0.4245,0.1680,0.5547,639.68,98,4040,3353,1954,3543,771,506,0,778,1064,0,0,22571.30,87.26,420.00,"agriculture:1.00/0.70;education_culture:1.00/0.70;engineering_bay:1.00/0.70;life_support_habitat:1.00/0.70;medical_bay:1.00/0.70;security:1.00/0.70","agriculture:1.00/0.90;education_culture:1.00/0.89;engineering_bay:0.48/0.48;life_support_habitat:0.37/0.05;medical_bay:0.96/0.28;security:0.19/0.00"
the_seedbearers_writ,adaptors,fuel,objective-first,50,31,19,0,0,0,0.9076,1.0000,6738,11586,0.8568,42,0.4469,0.4490,0.1239,0.5981,496.18,0,4233,3323,1832,3418,688,504,0,190,100,0,0,39242.18,90.76,420.00,"agriculture:1.00/0.70;education_culture:1.00/0.70;engineering_bay:1.00/0.70;life_support_habitat:1.00/0.70;medical_bay:1.00/0.70;security:1.00/0.70","agriculture:1.00/0.90;education_culture:1.00/0.95;engineering_bay:0.00/0.00;life_support_habitat:0.32/0.45;medical_bay:1.00/0.63;security:0.35/0.00"
the_seedbearers_writ,adaptors,speed,conservative,50,47,3,0,0,0,0.9521,1.0000,4153,11586,0.1668,0,0.5915,0.6195,0.5417,0.5981,301.38,0,3402,3443,1980,0,3896,528,0,2090,2104,0,0,22686.38,95.14,420.00,"agriculture:1.00/0.70;education_culture:1.00/0.70;engineering_bay:1.00/0.70;life_support_habitat:1.00/0.70;medical_bay:1.00/0.70;security:1.00/0.70","agriculture:0.97/0.90;education_culture:1.00/1.00;engineering_bay:0.74/0.63;life_support_habitat:0.72/0.70;medical_bay:1.00/0.43;security:0.27/0.00"
the_seedbearers_writ,adaptors,speed,first-choice,50,14,36,0,0,0,0.8680,1.0000,3090,5244,0.0000,0,0.3847,0.4490,0.4830,0.4125,664.38,99,3947,3382,1922,3493,774,508,0,839,1534,0,0,22659.70,86.88,420.08,"agriculture:1.00/0.70;education_culture:1.00/0.70;engineering_bay:1.00/0.70;life_support_habitat:1.00/0.70;medical_bay:1.00/0.70;security:1.00/0.70","agriculture:0.46/0.62;education_culture:1.00/0.90;engineering_bay:0.55/0.62;life_support_habitat:0.48/0.42;medical_bay:0.47/0.30;security:0.28/0.00"
the_seedbearers_writ,adaptors,speed,objective-first,50,30,20,0,0,0,0.9090,1.0000,4153,11586,0.0000,0,0.4469,0.4150,0.1319,0.5981,490.20,0,4193,3333,1876,3413,676,517,0,211,99,0,0,44931.18,90.92,420.04,"agriculture:1.00/0.70;education_culture:1.00/0.70;engineering_bay:1.00/0.70;life_support_habitat:1.00/0.70;medical_bay:1.00/0.70;security:1.00/0.70","agriculture:1.00/0.90;education_culture:1.00/0.95;engineering_bay:0.00/0.00;life_support_habitat:0.62/0.45;medical_bay:1.00/0.33;security:0.35/0.00"
the_seedbearers_writ,adaptors,starter,conservative,50,48,2,0,0,0,0.9549,1.0000,7644,11586,0.5119,0,0.5696,0.5980,0.3249,0.5981,290.28,0,3369,3454,2047,0,3849,539,0,1986,2077,0,0,22694.38,95.54,420.00,"agriculture:1.00/0.70;education_culture:1.00/0.70;engineering_bay:1.00/0.70;life_support_habitat:1.00/0.70;medical_bay:1.00/0.70;security:1.00/0.70","agriculture:1.00/0.90;education_culture:1.00/0.96;engineering_bay:0.71/0.63;life_support_habitat:0.45/0.00;medical_bay:1.00/0.63;security:0.24/0.00"
the_seedbearers_writ,adaptors,starter,first-choice,50,16,34,0,0,0,0.8760,1.0000,4320,6547,0.0596,0,0.3175,0.4490,0.3572,0.4105,630.82,99,4072,3403,1952,3582,772,533,0,796,1495,0,0,22604.00,87.62,420.00,"agriculture:1.00/0.70;education_culture:1.00/0.70;engineering_bay:1.00/0.70;life_support_habitat:1.00/0.70;medical_bay:1.00/0.70;security:1.00/0.70","agriculture:1.00/0.90;education_culture:0.62/0.60;engineering_bay:0.55/0.45;life_support_habitat:0.20/0.05;medical_bay:0.45/0.00;security:0.43/0.00"
the_seedbearers_writ,adaptors,starter,objective-first,50,33,17,0,0,0,0.9105,1.0000,9783,11586,0.0000,55,0.4469,0.4490,0.2398,0.5981,483.74,0,4120,3334,1848,3487,668,519,0,209,100,0,0,44380.58,91.10,420.04,"agriculture:1.00/0.70;education_culture:1.00/0.70;engineering_bay:1.00/0.70;life_support_habitat:1.00/0.70;medical_bay:1.00/0.70;security:1.00/0.70","agriculture:1.00/0.90;education_culture:1.00/0.80;engineering_bay:0.00/0.00;life_support_habitat:0.29/0.05;medical_bay:1.00/0.33;security:0.36/0.00"
the_seedbearers_writ,preservers,cargo,conservative,50,47,3,0,0,0,0.9390,1.0000,3533,11637,0.2633,0,0.4967,0.6075,0.5864,0.5723,361.58,0,3484,3406,2055,0,3948,516,0,2059,1553,0,0,22649.20,93.92,420.00,"agriculture:1.00/0.70;education_culture:1.00/0.70;engineering_bay:1.00/0.70;life_support_habitat:1.00/0.70;medical_bay:1.00/0.70;security:1.00/0.70","agriculture:1.00/0.90;education_culture:1.00/0.90;engineering_bay:0.75/0.58;life_support_habitat:0.66/0.35;medical_bay:1.00/0.43;security:0.55/0.00"
the_seedbearers_writ,preservers,cargo,first-choice,50,15,35,0,0,0,0.8716,1.0000,3414,4801,0.0000,0,0.3175,0.3700,0.0000,0.5112,646.90,100,4073,3407,1994,3517,788,498,0,656,972,0,0,22522.86,87.22,420.04,"agriculture:1.00/0.70;education_culture:1.00/0.70;engineering_bay:1.00/0.70;life_support_habitat:1.00/0.70;medical_bay:1.00/0.70;security:1.00/0.70","agriculture:1.00/0.90;education_culture:0.53/0.50;engineering_bay:0.39/0.26;life_support_habitat:0.34/0.00;medical_bay:0.59/0.00;security:0.37/0.00"
the_seedbearers_writ,preservers,cargo,objective-first,50,32,18,0,0,0,0.9152,1.0000,3533,11637,0.2068,0,0.4469,0.4490,0.1297,0.5723,463.26,0,4136,3290,1905,3531,644,526,0,223,85,0,0,38432.20,91.60,420.00,"agriculture:1.00/0.70;education_culture:1.00/0.70;engineering_bay:1.00/0.70;life_support_habitat:1.00/0.70;medical_bay:1.00/0.70;security:1.00/0.70","agriculture:1.00/0.90;education_culture:1.00/1.00;engineering_bay:0.00/0.25;life_support_habitat:0.04/0.20;medical_bay:1.00/0.33;security:0.34/0.00"
the_seedbearers_writ,preservers,combat,conservative,50,46,4,0,0,0,0.9404,1.0000,2533,11637,0.2085,0,0.4649,0.5935,0.3657,0.5723,352.08,0,3430,3372,2056,0,3932,520,0,1981,1459,0,0,22646.60,94.08,420.00,"agriculture:1.00/0.70;education_culture:1.00/0.70;engineering_bay:1.00/0.70;life_support_habitat:1.00/0.70;medical_bay:1.00/0.70;security:1.00/0.70","agriculture:1.00/0.90;education_culture:1.00/0.98;engineering_bay:0.71/0.53;life_support_habitat:0.73/0.35;medical_bay:1.00/0.43;security:0.52/0.00"
the_seedbearers_writ,preservers,combat,first-choice,50,15,35,0,0,0,0.8723,1.0000,2414,4452,0.0000,0,0.3486,0.3690,0.0000,0.5112,643.46,99,4052,3389,1970,3586,749,511,0,702,880,0,0,22551.46,87.18,420.04,"agriculture:1.00/0.70;education_culture:1.00/0.70;engineering_bay:1.00/0.70;life_support_habitat:1.00/0.70;medical_bay:1.00/0.70;security:1.00/0.70","agriculture:1.00/0.90;education_culture:0.53/0.51;engineering_bay:0.00/0.00;life_support_habitat:0.34/0.00;medical_bay:0.50/0.45;security:0.00/0.00"
the_seedbearers_writ,preservers,combat,objective-first,50,32,18,0,0,0,0.9145,1.0000,2533,11637,0.2068,0,0.4469,0.4490,0.1297,0.5723,466.62,0,4137,3291,1903,3533,647,525,0,224,61,0,0,37727.00,91.52,420.00,"agriculture:1.00/0.70;education_culture:1.00/0.70;engineering_bay:1.00/0.70;life_support_habitat:1.00/0.70;medical_bay:1.00/0.70;security:1.00/0.70","agriculture:1.00/0.90;education_culture:1.00/1.00;engineering_bay:0.00/0.25;life_support_habitat:0.04/0.20;medical_bay:1.00/0.33;security:0.34/0.00"
the_seedbearers_writ,preservers,fuel,conservative,50,43,7,0,0,0,0.9379,1.0000,6738,11637,0.8579,0,0.6470,0.6895,0.5032,0.5723,365.34,0,3359,3423,2063,0,3914,523,0,2032,1685,0,0,22639.00,93.72,420.00,"agriculture:1.00/0.70;education_culture:1.00/0.70;engineering_bay:1.00/0.70;life_support_habitat:1.00/0.70;medical_bay:1.00/0.70;security:1.00/0.70","agriculture:1.00/0.90;education_culture:1.00/0.90;engineering_bay:0.74/0.53;life_support_habitat:0.71/0.35;medical_bay:1.00/0.33;security:0.73/0.30"
the_seedbearers_writ,preservers,fuel,first-choice,50,14,36,0,0,0,0.8678,1.0000,3970,5070,0.8500,0,0.3593,0.4490,0.0509,0.5112,666.60,99,3996,3340,1902,3604,726,527,0,749,1113,0,0,22649.26,86.84,420.00,"agriculture:1.00/0.70;education_culture:1.00/0.70;engineering_bay:1.00/0.70;life_support_habitat:1.00/0.70;medical_bay:1.00/0.70;security:1.00/0.70","agriculture:1.00/0.90;education_culture:0.45/0.47;engineering_bay:0.00/0.00;life_support_habitat:0.51/0.30;medical_bay:0.38/0.30;security:0.34/0.00"
the_seedbearers_writ,preservers,fuel,objective-first,50,38,12,0,0,0,0.9199,1.0000,6738,11637,0.8579,0,0.4469,0.4490,0.4003,0.5723,443.32,0,4125,3235,1872,3542,680,515,0,223,100,0,0,39988.60,92.04,420.00,"agriculture:1.00/0.70;education_culture:1.00/0.70;engineering_bay:1.00/0.70;life_support_habitat:1.00/0.70;medical_bay:1.00/0.70;security:1.00/0.70","agriculture:1.00/0.90;education_culture:1.00/1.00;engineering_bay:0.00/0.25;life_support_habitat:0.04/0.20;medical_bay:1.00/0.33;security:0.34/0.00"
the_seedbearers_writ,preservers,speed,conservative,50,49,1,0,0,0,0.9483,1.0000,4153,11637,0.2670,0,0.5864,0.6705,0.5864,0.5723,317.30,0,3348,3328,2016,0,3969,535,0,2138,2195,0,0,22694.60,94.84,420.00,"agriculture:1.00/0.70;education_culture:1.00/0.70;engineering_bay:1.00/0.70;life_support_habitat:1.00/0.70;medical_bay:1.00/0.70;security:1.00/0.70","agriculture:1.00/0.90;education_culture:1.00/0.95;engineering_bay:0.70/0.63;life_support_habitat:0.74/0.55;medical_bay:1.00/0.53;security:0.27/0.00"
the_seedbearers_writ,preservers,speed,first-choice,50,23,27,0,0,0,0.8774,1.0000,3519,4232,0.0000,0,0.4029,0.4490,0.1038,0.5112,623.32,100,4029,3374,1959,3534,783,514,0,825,1551,0,0,22697.06,87.78,420.04,"agriculture:1.00/0.70;education_culture:1.00/0.70;engineering_bay:1.00/0.70;life_support_habitat:1.00/0.70;medical_bay:1.00/0.70;security:1.00/0.70","agriculture:1.00/0.90;education_culture:0.55/0.60;engineering_bay:0.38/0.32;life_support_habitat:0.35/0.07;medical_bay:0.24/0.00;security:0.00/0.00"
the_seedbearers_writ,preservers,speed,objective-first,50,38,12,0,0,0,0.9173,1.0000,4153,11637,0.2068,17,0.4469,0.4490,0.1987,0.5723,454.32,0,4116,3252,1820,3568,629,539,0,210,100,0,0,45102.40,91.70,420.00,"agriculture:1.00/0.70;education_culture:1.00/0.70;engineering_bay:1.00/0.70;life_support_habitat:1.00/0.70;medical_bay:1.00/0.70;security:1.00/0.70","agriculture:1.00/0.90;education_culture:1.00/0.85;engineering_bay:0.00/0.33;life_support_habitat:0.31/0.00;medical_bay:1.00/0.63;security:0.64/0.00"
the_seedbearers_writ,preservers,starter,conservative,50,45,5,0,0,0,0.9431,1.0000,7820,11637,0.3949,0,0.6543,0.6795,0.5864,0.5723,343.10,0,3333,3462,2020,0,3952,561,0,1970,2151,0,0,22718.80,94.44,420.00,"agriculture:1.00/0.70;education_culture:1.00/0.70;engineering_bay:1.00/0.70;life_support_habitat:1.00/0.70;medical_bay:1.00/0.70;security:1.00/0.70","agriculture:1.00/0.90;education_culture:1.00/1.00;engineering_bay:0.72/0.53;life_support_habitat:0.61/0.17;medical_bay:1.00/0.43;security:0.30/0.00"
the_seedbearers_writ,preservers,starter,first-choice,50,18,32,0,0,0,0.8814,1.0000,3218,3308,0.0000,0,0.4470,0.4490,0.0000,0.4105,602.66,99,3877,3329,1953,3586,795,521,0,736,1508,0,0,22613.44,88.06,420.06,"agriculture:1.00/0.70;education_culture:1.00/0.70;engineering_bay:1.00/0.70;life_support_habitat:1.00/0.70;medical_bay:1.00/0.70;security:1.00/0.70","agriculture:1.00/0.95;education_culture:0.69/0.62;engineering_bay:0.35/0.27;life_support_habitat:0.18/0.05;medical_bay:0.52/0.30;security:0.14/0.00"
the_seedbearers_writ,preservers,starter,objective-first,50,35,15,0,0,0,0.9160,1.0000,9783,11637,0.2068,0,0.4469,0.4490,0.1709,0.5723,460.02,0,4118,3283,1905,3530,655,538,0,223,100,0,0,44434.20,91.58,420.00,"agriculture:1.00/0.70;education_culture:1.00/0.70;engineering_bay:1.00/0.70;life_support_habitat:1.00/0.70;medical_bay:1.00/0.70;security:1.00/0.70","agriculture:1.00/0.90;education_culture:1.00/0.90;engineering_bay:0.00/0.33;life_support_habitat:0.31/0.00;medical_bay:1.00/0.63;security:0.64/0.00"
the_seedbearers_writ,wanderers,cargo,conservative,50,40,10,0,0,0,0.9300,1.0000,3464,11739,0.1765,0,0.5462,0.5945,0.4937,0.5849,399.50,0,3393,3493,1953,0,3832,530,0,1959,1537,0,0,22649.88,92.94,420.00,"agriculture:1.00/0.70;education_culture:1.00/0.70;engineering_bay:1.00/0.70;life_support_habitat:1.00/0.70;medical_bay:1.00/0.70;security:1.00/0.70","agriculture:1.00/0.90;education_culture:1.00/0.92;engineering_bay:0.74/0.63;life_support_habitat:0.70/0.25;medical_bay:1.00/0.36;security:0.71/0.30"
the_seedbearers_writ,wanderers,cargo,first-choice,50,13,37,0,0,0,0.8587,1.0000,1026,6870,0.0000,0,0.3865,0.4490,0.0122,0.5650,705.46,100,4019,3349,1964,3506,688,533,0,818,1211,0,0,22404.50,85.80,420.04,"agriculture:1.00/0.70;education_culture:1.00/0.70;engineering_bay:1.00/0.70;life_support_habitat:1.00/0.70;medical_bay:1.00/0.70;security:1.00/0.70","agriculture:0.57/0.62;education_culture:1.00/0.98;engineering_bay:0.42/0.59;life_support_habitat:0.49/0.40;medical_bay:0.74/0.30;security:0.49/0.00"
the_seedbearers_writ,wanderers,cargo,objective-first,50,26,24,0,0,0,0.8979,1.0000,3464,11739,0.0000,29,0.4469,0.4490,0.0000,0.5849,537.36,0,4127,3250,1855,3413,668,509,0,221,87,0,0,38377.68,89.76,420.02,"agriculture:1.00/0.70;education_culture:1.00/0.70;engineering_bay:1.00/0.70;life_support_habitat:1.00/0.70;medical_bay:1.00/0.70;security:1.00/0.70","agriculture:1.00/0.90;education_culture:1.00/0.84;engineering_bay:0.00/0.00;life_support_habitat:0.00/0.00;medical_bay:1.00/0.36;security:0.20/0.00"
the_seedbearers_writ,wanderers,combat,conservative,50,44,6,0,0,0,0.9347,1.0000,2464,11739,0.1765,0,0.5118,0.6660,0.4407,0.5849,379.88,0,3381,3434,2005,0,3805,533,0,1994,1455,0,0,22605.48,93.44,420.00,"agriculture:1.00/0.70;education_culture:1.00/0.70;engineering_bay:1.00/0.70;life_support_habitat:1.00/0.70;medical_bay:1.00/0.70;security:1.00/0.70","agriculture:1.00/0.90;education_culture:1.00/0.98;engineering_bay:0.75/0.63;life_support_habitat:0.58/0.17;medical_bay:1.00/0.36;security:0.42/0.00"
the_seedbearers_writ,wanderers,combat,first-choice,50,14,36,0,0,0,0.8706,1.0000,962,4558,0.0000,0,0.4469,0.3790,0.4304,0.5650,654.28,99,3923,3337,1938,3609,728,502,0,826,1332,0,0,22375.10,87.04,420.18,"agriculture:1.00/0.70;education_culture:1.00/0.70;engineering_bay:1.00/0.70;life_support_habitat:1.00/0.70;medical_bay:1.00/0.70;security:1.00/0.70","agriculture:0.51/0.62;education_culture:1.00/0.95;engineering_bay:0.53/0.51;life_support_habitat:0.47/0.22;medical_bay:0.68/0.00;security:0.50/0.30"
the_seedbearers_writ,wanderers,combat,objective-first,50,27,23,0,0,0,0.8979,1.0000,2464,11739,0.0000,29,0.4469,0.4490,0.0000,0.5849,537.38,0,4132,3245,1855,3419,667,507,0,221,63,0,0,37777.28,89.76,420.02,"agriculture:1.00/0.70;education_culture:1.00/0.70;engineering_bay:1.00/0.70;life_support_habitat:1.00/0.70;medical_bay:1.00/0.70;security:1.00/0.70","agriculture:1.00/0.90;education_culture:1.00/0.84;engineering_bay:0.00/0.00;life_support_habitat:0.00/0.00;medical_bay:1.00/0.36;security:0.20/0.00"
the_seedbearers_writ,wanderers,fuel,conservative,50,44,6,0,0,0,0.9391,1.0000,6579,11739,0.8579,0,0.6065,0.6420,0.5843,0.5849,358.88,0,3338,3473,1998,0,3818,514,0,1997,1612,0,0,22455.28,93.92,420.00,"agriculture:1.00/0.70;education_culture:1.00/0.70;engineering_bay:1.00/0.70;life_support_habitat:1.00/0.70;medical_bay:1.00/0.70;security:1.00/0.70","agriculture:1.00/0.90;education_culture:1.00/0.93;engineering_bay:0.75/0.53;life_support_habitat:0.72/0.40;medical_bay:1.00/0.56;security:0.00/0.00"
the_seedbearers_writ,wanderers,fuel,first-choice,50,13,37,0,0,0,0.8660,1.0000,2030,6870,0.8500,0,0.4469,0.4490,0.0493,0.5650,672.22,99,4032,3337,1928,3557,749,512,0,778,1362,0,0,22419.90,86.62,420.00,"agriculture:1.00/0.70;education_culture:1.00/0.70;engineering_bay:1.00/0.70;life_support_habitat:1.00/0.70;medical_bay:1.00/0.70;security:1.00/0.70","agriculture:1.00/0.90;education_culture:0.53/0.62;engineering_bay:0.47/0.47;life_support_habitat:0.21/0.00;medical_bay:0.53/0.15;security:0.39/0.00"
the_seedbearers_writ,wanderers,fuel,objective-first,50,28,22,0,0,0,0.8981,1.0000,6579,11739,0.8550,59,0.4470,0.4490,0.2401,0.5849,536.64,0,4150,3266,1861,3381,635,507,0,220,99,0,0,39679.88,89.80,420.00,"agriculture:1.00/0.70;education_culture:1.00/0.70;engineering_bay:1.00/0.70;life_support_habitat:1.00/0.70;medical_bay:1.00/0.70;security:1.00/0.70","agriculture:1.00/0.90;education_culture:1.00/0.84;engineering_bay:0.00/0.00;life_support_habitat:0.00/0.00;medical_bay:1.00/0.36;security:0.20/0.00"
the_seedbearers_writ,wanderers,speed,conservative,50,44,6,0,0,0,0.9292,1.0000,4153,11739,0.1790,0,0.5997,0.6275,0.5833,0.5849,401.86,0,3425,3403,2006,0,3824,515,0,2101,2101,0,0,22588.68,92.88,420.00,"agriculture:1.00/0.70;education_culture:1.00/0.70;engineering_bay:1.00/0.70;life_support_habitat:1.00/0.70;medical_bay:1.00/0.70;security:1.00/0.70","agriculture:1.00/0.90;education_culture:1.00/0.95;engineering_bay:0.74/0.58;life_support_habitat:0.73/0.60;medical_bay:1.00/0.46;security:0.42/0.00"
the_seedbearers_writ,wanderers,speed,first-choice,50,17,33,0,0,0,0.8685,1.0000,2747,6870,0.0000,0,0.2769,0.4490,0.2092,0.5650,661.38,100,4030,3347,1965,3603,725,516,0,856,1769,0,0,22578.60,86.84,420.14,"agriculture:1.00/0.70;education_culture:1.00/0.70;engineering_bay:1.00/0.70;life_support_habitat:1.00/0.70;medical_bay:1.00/0.70;security:1.00/0.70","agriculture:1.00/0.90;education_culture:0.50/0.40;engineering_bay:0.42/0.25;life_support_habitat:0.54/0.40;medical_bay:0.24/0.00;security:0.10/0.00"
the_seedbearers_writ,wanderers,speed,objective-first,50,22,28,0,0,0,0.8953,1.0000,4153,11739,0.0000,39,0.4469,0.4490,0.1187,0.5849,548.72,2,4179,3297,1887,3376,652,528,0,231,97,0,0,44952.38,89.52,420.02,"agriculture:1.00/0.70;education_culture:1.00/0.70;engineering_bay:1.00/0.70;life_support_habitat:1.00/0.70;medical_bay:1.00/0.70;security:1.00/0.70","agriculture:1.00/0.90;education_culture:1.00/0.85;engineering_bay:0.00/0.20;life_support_habitat:0.41/0.00;medical_bay:1.00/0.36;security:0.42/0.00"
the_seedbearers_writ,wanderers,starter,conservative,50,45,5,0,0,0,0.9359,1.0000,6906,11739,0.2840,0,0.6747,0.6765,0.5843,0.5849,374.54,0,3322,3458,2009,0,3862,531,0,2049,2080,0,0,22600.28,93.58,420.00,"agriculture:1.00/0.70;education_culture:1.00/0.70;engineering_bay:1.00/0.70;life_support_habitat:1.00/0.70;medical_bay:1.00/0.70;security:1.00/0.70","agriculture:1.00/0.90;education_culture:1.00/0.95;engineering_bay:0.74/0.63;life_support_habitat:0.47/0.19;medical_bay:1.00/0.49;security:0.23/0.00"
the_seedbearers_writ,wanderers,starter,first-choice,50,22,28,0,0,0,0.8872,1.0000,3732,2966,0.0000,0,0.4376,0.4490,0.1221,0.5159,578.06,99,4097,3429,1988,3405,706,523,0,796,1740,0,0,22402.20,88.74,420.02,"agriculture:1.00/0.70;education_culture:1.00/0.70;engineering_bay:1.00/0.70;life_support_habitat:1.00/0.70;medical_bay:1.00/0.70;security:1.00/0.70","agriculture:1.00/0.90;education_culture:0.50/0.29;engineering_bay:0.03/0.00;life_support_habitat:0.56/0.05;medical_bay:0.17/0.15;security:0.00/0.00"
the_seedbearers_writ,wanderers,starter,objective-first,50,23,27,0,0,0,0.8935,1.0000,9534,11739,0.0000,18,0.4469,0.4490,0.0000,0.5849,556.46,0,4163,3224,1874,3412,645,511,0,221,100,0,0,44535.48,89.38,420.02,"agriculture:1.00/0.70;education_culture:1.00/0.70;engineering_bay:1.00/0.70;life_support_habitat:1.00/0.70;medical_bay:1.00/0.70;security:1.00/0.70","agriculture:1.00/0.90;education_culture:1.00/0.95;engineering_bay:0.00/0.35;life_support_habitat:0.01/0.00;medical_bay:1.00/0.36;security:0.63/0.00"
the_sunset_relief,adaptors,cargo,conservative,50,44,6,0,0,0,0.9474,1.0000,3514,10265,0.0802,0,0.5881,0.6470,0.5945,0.4858,315.98,0,3156,3299,2534,0,3568,510,0,2042,1638,0,0,25690.50,94.76,400.00,"agriculture:1.00/0.70;education_culture:1.00/0.70;engineering_bay:1.00/0.70;life_support_habitat:1.00/0.70;medical_bay:1.00/0.70;security:1.00/0.70","agriculture:0.73/0.48;education_culture:1.00/0.85;engineering_bay:0.61/0.15;life_support_habitat:1.00/0.38;medical_bay:1.00/0.34;security:0.52/0.00"
the_sunset_relief,adaptors,cargo,first-choice,50,22,28,0,0,0,0.8827,1.0000,600,0,0.0000,0,0.4251,0.4490,0.2880,0.4901,514.70,96,3738,3344,1859,3517,709,468,0,743,1051,13,13,25306.18,88.36,400.18,"agriculture:1.00/0.70;education_culture:1.00/0.70;engineering_bay:1.00/0.70;life_support_habitat:1.00/0.70;medical_bay:1.00/0.70;security:1.00/0.70","agriculture:0.50/0.42;education_culture:0.63/0.16;engineering_bay:0.12/0.00;life_support_habitat:1.00/0.27;medical_bay:0.18/0.00;security:0.17/0.00"
the_sunset_relief,adaptors,cargo,objective-first,50,46,4,0,0,0,0.9693,1.0000,3514,3735,0.0000,49,0.4469,0.4490,0.3862,0.4543,202.64,0,3777,3251,2298,3393,611,483,0,202,0,0,0,44339.90,96.94,400.00,"agriculture:1.00/0.70;education_culture:1.00/0.70;engineering_bay:1.00/0.70;life_support_habitat:1.00/0.70;medical_bay:1.00/0.70;security:1.00/0.70","agriculture:0.00/0.00;education_culture:1.00/0.82;engineering_bay:0.00/0.00;life_support_habitat:1.00/0.33;medical_bay:1.00/0.24;security:0.39/0.00"
the_sunset_relief,adaptors,combat,conservative,50,43,7,0,0,0,0.9408,1.0000,2514,10264,0.0802,0,0.6688,0.6990,0.5945,0.4857,337.44,0,3241,3282,2520,0,3591,511,0,1960,1584,0,0,25671.90,94.06,400.00,"agriculture:1.00/0.70;education_culture:1.00/0.70;engineering_bay:1.00/0.70;life_support_habitat:1.00/0.70;medical_bay:1.00/0.70;security:1.00/0.70","agriculture:0.70/0.50;education_culture:1.00/0.85;engineering_bay:0.04/0.00;life_support_habitat:1.00/0.48;medical_bay:1.00/0.34;security:0.07/0.00"
the_sunset_relief,adaptors,combat,first-choice,50,25,25,0,0,0,0.8962,1.0000,65,9,0.0000,0,0.4469,0.4490,0.4634,0.4901,466.42,98,3733,3242,1886,3510,768,485,0,752,982,7,7,25405.56,89.66,400.12,"agriculture:1.00/0.70;education_culture:1.00/0.70;engineering_bay:1.00/0.70;life_support_habitat:1.00/0.70;medical_bay:1.00/0.70;security:1.00/0.70","agriculture:0.27/0.12;education_culture:0.58/0.00;engineering_bay:0.40/0.17;life_support_habitat:1.00/0.31;medical_bay:0.03/0.00;security:0.39/0.00"
the_sunset_relief,adaptors,combat,objective-first,50,45,5,0,0,0,0.9692,1.0000,2514,3735,0.0000,49,0.4469,0.4490,0.3862,0.4543,200.96,0,3769,3253,2310,3391,609,483,0,206,0,0,0,43450.90,96.92,400.00,"agriculture:1.00/0.70;education_culture:1.00/0.70;engineering_bay:1.00/0.70;life_support_habitat:1.00/0.70;medical_bay:1.00/0.70;security:1.00/0.70","agriculture:0.00/0.00;education_culture:1.00/0.82;engineering_bay:0.00/0.00;life_support_habitat:1.00/0.33;medical_bay:1.00/0.24;security:0.39/0.00"
the_sunset_relief,adaptors,fuel,conservative,50,47,3,0,0,0,0.9547,1.0000,6744,10104,0.8626,0,0.6877,0.6700,0.5945,0.5209,293.78,0,3243,3342,2491,0,3619,507,0,2029,1753,0,0,25552.50,95.46,400.00,"agriculture:1.00/0.70;education_culture:1.00/0.70;engineering_bay:1.00/0.70;life_support_habitat:1.00/0.70;medical_bay:1.00/0.70;security:1.00/0.70","agriculture:0.70/0.48;education_culture:1.00/0.85;engineering_bay:0.74/0.30;life_support_habitat:1.00/0.35;medical_bay:1.00/0.40;security:0.40/0.00"
the_sunset_relief,adaptors,fuel,first-choice,50,21,28,1,0,0,0.8796,1.0000,2561,535,0.8500,0,0.4469,0.4440,0.0000,0.4901,530.86,99,3750,3205,1881,3476,758,501,0,718,1219,6,6,25575.72,87.88,400.00,"agriculture:1.00/0.70;education_culture:1.00/0.70;engineering_bay:1.00/0.70;life_support_habitat:1.00/0.70;medical_bay:1.00/0.70;security:1.00/0.70","agriculture:0.50/0.41;education_culture:0.61/0.06;engineering_bay:0.00/0.00;life_support_habitat:1.00/0.36;medical_bay:0.17/0.00;security:0.16/0.00"
the_sunset_relief,adaptors,fuel,objective-first,50,45,5,0,0,0,0.9653,1.0000,6744,3735,0.8626,49,0.4469,0.4490,0.5384,0.4415,214.52,0,3830,3193,2316,3334,612,486,0,208,0,0,0,45876.50,96.56,400.00,"agriculture:1.00/0.70;education_culture:1.00/0.70;engineering_bay:1.00/0.70;life_support_habitat:1.00/0.70;medical_bay:1.00/0.70;security:1.00/0.70","agriculture:0.31/0.15;education_culture:1.00/0.79;engineering_bay:0.00/0.00;life_support_habitat:1.00/0.33;medical_bay:1.00/0.24;security:0.11/0.00"
the_sunset_relief,adaptors,speed,conservative,50,47,3,0,0,0,0.9464,1.0000,4074,10635,0.0842,0,0.6070,0.6630,0.5945,0.5577,319.22,0,3250,3243,2482,0,3641,482,0,2184,2209,0,0,25681.30,94.64,400.00,"agriculture:1.00/0.70;education_culture:1.00/0.70;engineering_bay:1.00/0.70;life_support_habitat:1.00/0.70;medical_bay:1.00/0.70;security:1.00/0.70","agriculture:0.75/0.48;education_culture:1.00/0.83;engineering_bay:0.73/0.45;life_support_habitat:1.00/0.55;medical_bay:1.00/0.54;security:0.74/0.20"
the_sunset_relief,adaptors,speed,first-choice,50,22,27,1,0,0,0.8963,1.0000,1406,506,0.0000,0,0.4470,0.4490,0.0000,0.4901,464.38,95,3702,3300,1898,3462,762,482,0,843,1616,5,5,25431.60,89.60,400.38,"agriculture:1.00/0.70;education_culture:1.00/0.70;engineering_bay:1.00/0.70;life_support_habitat:1.00/0.70;medical_bay:1.00/0.70;security:1.00/0.70","agriculture:0.50/0.25;education_culture:0.63/0.27;engineering_bay:0.08/0.00;life_support_habitat:1.00/0.41;medical_bay:0.54/0.15;security:0.10/0.00"
the_sunset_relief,adaptors,speed,objective-first,50,47,3,0,0,0,0.9714,1.0000,4074,3735,0.0000,52,0.4469,0.4490,0.5858,0.5276,189.08,0,3793,3182,2349,3338,627,480,0,219,0,0,0,50615.30,97.18,400.00,"agriculture:1.00/0.70;education_culture:1.00/0.70;engineering_bay:1.00/0.70;life_support_habitat:1.00/0.70;medical_bay:1.00/0.70;security:1.00/0.70","agriculture:0.31/0.15;education_culture:1.00/0.79;engineering_bay:0.00/0.00;life_support_habitat:1.00/0.33;medical_bay:1.00/0.24;security:0.11/0.00"
the_sunset_relief,adaptors,starter,conservative,50,47,3,0,0,0,0.9452,1.0000,7970,9580,0.4023,0,0.6484,0.6720,0.5945,0.5702,325.38,0,3178,3309,2432,0,3649,498,0,2084,2165,0,0,25623.10,94.48,400.00,"agriculture:1.00/0.70;education_culture:1.00/0.70;engineering_bay:1.00/0.70;life_support_habitat:1.00/0.70;medical_bay:1.00/0.70;security:1.00/0.70","agriculture:0.74/0.38;education_culture:1.00/0.85;engineering_bay:0.00/0.00;life_support_habitat:1.00/0.37;medical_bay:1.00/0.34;security:0.36/0.00"
the_sunset_relief,adaptors,starter,first-choice,50,20,30,0,0,0,0.8862,1.0000,70,0,0.0000,0,0.4469,0.4490,0.1794,0.4901,505.78,96,3741,3302,1926,3481,744,498,0,769,1598,13,13,25349.92,88.62,400.36,"agriculture:1.00/0.70;education_culture:1.00/0.70;engineering_bay:1.00/0.70;life_support_habitat:1.00/0.70;medical_bay:1.00/0.70;security:1.00/0.70","agriculture:0.48/0.40;education_culture:0.82/0.39;engineering_bay:0.00/0.00;life_support_habitat:1.00/0.52;medical_bay:0.62/0.00;security:0.40/0.00"
the_sunset_relief,adaptors,starter,objective-first,50,47,3,0,0,0,0.9692,1.0000,9764,4392,0.0000,49,0.4469,0.4490,0.5858,0.4713,198.90,0,3764,3261,2296,3346,611,471,0,205,0,0,0,50249.70,96.90,400.00,"agriculture:1.00/0.70;education_culture:1.00/0.70;engineering_bay:1.00/0.70;life_support_habitat:1.00/0.70;medical_bay:1.00/0.70;security:1.00/0.70","agriculture:0.00/0.00;education_culture:1.00/0.82;engineering_bay:0.00/0.00;life_support_habitat:1.00/0.33;medical_bay:1.00/0.24;security:0.40/0.00"
the_sunset_relief,preservers,cargo,conservative,50,47,3,0,0,0,0.9513,1.0000,3404,10280,0.1525,0,0.6759,0.6615,0.6168,0.5291,303.76,0,3190,3336,2541,0,3606,500,0,2019,1687,0,0,25636.78,95.22,400.00,"agriculture:1.00/0.70;education_culture:1.00/0.70;engineering_bay:1.00/0.70;life_support_habitat:1.00/0.70;medical_bay:1.00/0.70;security:1.00/0.70","agriculture:0.71/0.48;education_culture:1.00/0.85;engineering_bay:0.74/0.45;life_support_habitat:1.00/0.48;medical_bay:1.00/0.50;security:0.52/0.00"
the_sunset_relief,preservers,cargo,first-choice,50,20,25,5,0,0,0.8748,1.0000,956,0,0.0000,9,0.4470,0.4490,0.3389,0.4787,543.18,97,3698,3248,1898,3405,715,506,0,731,1118,10,10,25341.32,87.50,400.02,"agriculture:1.00/0.70;education_culture:1.00/0.70;engineering_bay:1.00/0.70;life_support_habitat:1.00/0.70;medical_bay:1.00/0.70;security:1.00/0.70","agriculture:0.09/0.01;education_culture:0.53/0.00;engineering_bay:0.46/0.48;life_support_habitat:1.00/0.68;medical_bay:0.39/0.00;security:0.44/0.00"
the_sunset_relief,preservers,cargo,objective-first,50,42,8,0,0,0,0.9518,1.0000,3404,3661,0.0000,21,0.4469,0.4490,0.5556,0.4595,265.68,0,3803,3202,2290,3325,606,498,0,200,0,0,0,45330.78,95.18,400.16,"agriculture:1.00/0.70;education_culture:1.00/0.70;engineering_bay:1.00/0.70;life_support_habitat:1.00/0.70;medical_bay:1.00/0.70;security:1.00/0.70","agriculture:0.07/0.00;education_culture:1.00/0.80;engineering_bay:0.00/0.05;life_support_habitat:1.00/0.38;medical_bay:1.00/0.27;security:0.37/0.00"
the_sunset_relief,preservers,combat,conservative,50,45,5,0,0,0,0.9453,1.0000,2404,10280,0.0000,0,0.6636,0.5870,0.4754,0.5185,324.10,0,3199,3281,2505,0,3649,496,0,1980,1580,0,0,25665.78,94.54,400.00,"agriculture:1.00/0.70;education_culture:1.00/0.70;engineering_bay:1.00/0.70;life_support_habitat:1.00/0.70;medical_bay:1.00/0.70;security:1.00/0.70","agriculture:0.74/0.48;education_culture:1.00/0.80;engineering_bay:0.15/0.10;life_support_habitat:1.00/0.47;medical_bay:1.00/0.40;security:0.27/0.00"
the_sunset_relief,preservers,combat,first-choice,50,20,28,2,0,0,0.8833,1.0000,755,0,0.0000,4,0.4469,0.4490,0.3385,0.4787,507.42,95,3741,3216,1936,3463,738,505,0,679,1019,10,10,25528.84,88.36,400.02,"agriculture:1.00/0.70;education_culture:1.00/0.70;engineering_bay:1.00/0.70;life_support_habitat:1.00/0.70;medical_bay:1.00/0.70;security:1.00/0.70","agriculture:0.52/0.21;education_culture:0.60/0.35;engineering_bay:0.49/0.38;life_support_habitat:1.00/0.62;medical_bay:0.38/0.00;security:0.12/0.00"
the_sunset_relief,preservers,combat,objective-first,50,43,7,0,0,0,0.9531,1.0000,2404,3661,0.0000,21,0.4469,0.4490,0.5556,0.4995,262.64,0,3802,3196,2282,3325,605,497,0,200,0,0,0,44278.18,95.30,400.16,"agriculture:1.00/0.70;education_culture:1.00/0.70;engineering_bay:1.00/0.70;life_support_habitat:1.00/0.70;medical_bay:1.00/0.70;security:1.00/0.70","agriculture:0.07/0.00;education_culture:1.00/0.80;engineering_bay:0.00/0.05;life_support_habitat:1.00/0.38;medical_bay:1.00/0.27;security:0.37/0.00"
the_sunset_relief,preservers,fuel,conservative,50,45,5,0,0,0,0.9554,1.0000,6509,10946,0.8600,0,0.6377,0.6690,0.6168,0.5347,285.20,0,3238,3290,2541,0,3587,493,0,1957,1793,0,0,25597.78,95.48,400.00,"agriculture:1.00/0.70;education_culture:1.00/0.70;engineering_bay:1.00/0.70;life_support_habitat:1.00/0.70;medical_bay:1.00/0.70;security:1.00/0.70","agriculture:0.70/0.48;education_culture:1.00/0.84;engineering_bay:0.24/0.00;life_support_habitat:1.00/0.47;medical_bay:1.00/0.40;security:0.26/0.00"
the_sunset_relief,preservers,fuel,first-choice,50,21,26,3,0,0,0.8798,1.0000,1905,407,0.8250,0,0.4469,0.4490,0.4013,0.4787,516.48,96,3618,3275,1967,3557,709,516,0,705,1180,10,10,25495.06,87.98,400.00,"agriculture:1.00/0.70;education_culture:1.00/0.70;engineering_bay:1.00/0.70;life_support_habitat:1.00/0.70;medical_bay:1.00/0.70;security:1.00/0.70","agriculture:0.49/0.27;education_culture:0.51/0.26;engineering_bay:0.00/0.00;life_support_habitat:1.00/0.51;medical_bay:0.28/0.00;security:0.14/0.00"
the_sunset_relief,preservers,fuel,objective-first,50,45,5,0,0,0,0.9538,1.0000,6509,7540,0.8600,26,0.4469,0.4490,0.5414,0.4545,254.42,0,3894,3199,2343,3319,607,491,0,200,0,0,0,46833.98,95.40,400.00,"agriculture:1.00/0.70;education_culture:1.00/0.70;engineering_bay:1.00/0.70;life_support_habitat:1.00/0.70;medical_bay:1.00/0.70;security:1.00/0.70","agriculture:0.00/0.00;education_culture:1.00/0.83;engineering_bay:0.00/0.00;life_support_habitat:1.00/0.33;medical_bay:1.00/0.27;security:0.37/0.00"
the_sunset_relief,preservers,speed,conservative,50,47,3,0,0,0,0.9524,1.0000,4074,8739,0.1525,0,0.5049,0.6030,0.6022,0.5291,296.32,0,3198,3354,2516,0,3635,504,0,2208,2241,0,0,25683.78,95.22,400.00,"agriculture:1.00/0.70;education_culture:1.00/0.70;engineering_bay:1.00/0.70;life_support_habitat:1.00/0.70;medical_bay:1.00/0.70;security:1.00/0.70","agriculture:0.74/0.48;education_culture:1.00/0.85;engineering_bay:0.76/0.33;life_support_habitat:1.00/0.55;medical_bay:1.00/0.47;security:0.53/0.00"
the_sunset_relief,preservers,speed,first-choice,50,18,26,6,0,0,0.8708,1.0000,1886,492,0.0000,22,0.4469,0.4490,0.4520,0.4787,550.26,96,3674,3331,1969,3473,718,510,0,806,1603,18,18,25446.78,87.12,400.02,"agriculture:1.00/0.70;education_culture:1.00/0.70;engineering_bay:1.00/0.70;life_support_habitat:1.00/0.70;medical_bay:1.00/0.70;security:1.00/0.70","agriculture:0.52/0.28;education_culture:0.53/0.10;engineering_bay:0.19/0.00;life_support_habitat:1.00/0.51;medical_bay:0.31/0.00;security:0.50/0.00"
the_sunset_relief,preservers,speed,objective-first,50,45,5,0,0,0,0.9542,1.0000,4074,4701,0.0000,44,0.4469,0.4490,0.6168,0.5066,259.78,0,3792,3131,2281,3350,619,489,0,204,0,0,0,51422.78,95.44,400.16,"agriculture:1.00/0.70;education_culture:1.00/0.70;engineering_bay:1.00/0.70;life_support_habitat:1.00/0.70;medical_bay:1.00/0.70;security:1.00/0.70","agriculture:0.07/0.00;education_culture:1.00/0.77;engineering_bay:0.03/0.00;life_support_habitat:1.00/0.33;medical_bay:1.00/0.27;security:0.37/0.00"
the_sunset_relief,preservers,starter,conservative,50,42,8,0,0,0,0.9483,1.0000,8151,9998,0.4578,0,0.5841,0.6890,0.6168,0.4713,316.90,0,3038,3303,2602,0,3677,494,0,2085,2197,0,0,25590.98,94.84,400.00,"agriculture:1.00/0.70;education_culture:1.00/0.70;engineering_bay:1.00/0.70;life_support_habitat:1.00/0.70;medical_bay:1.00/0.70;security:1.00/0.70","agriculture:0.74/0.48;education_culture:1.00/0.85;engineering_bay:0.70/0.28;life_support_habitat:1.00/0.48;medical_bay:1.00/0.44;security:0.15/0.00"
the_sunset_relief,preservers,starter,first-choice,50,16,30,4,0,0,0.8709,1.0000,1139,10,0.0016,6,0.4469,0.4490,0.3730,0.5016,548.40,94,3722,3228,1911,3502,717,485,0,718,1675,8,8,25169.44,87.08,400.02,"agriculture:1.00/0.70;education_culture:1.00/0.70;engineering_bay:1.00/0.70;life_support_habitat:1.00/0.70;medical_bay:1.00/0.70;security:1.00/0.70","agriculture:0.47/0.45;education_culture:0.41/0.00;engineering_bay:0.08/0.04;life_support_habitat:1.00/0.30;medical_bay:0.41/0.00;security:0.47/0.00"
the_sunset_relief,preservers,starter,objective-first,50,44,6,0,0,0,0.9584,1.0000,9654,2774,0.0000,51,0.4469,0.4490,0.6002,0.5066,244.36,0,3825,3208,2272,3344,623,500,0,199,0,0,0,51432.58,95.88,400.16,"agriculture:1.00/0.70;education_culture:1.00/0.70;engineering_bay:1.00/0.70;life_support_habitat:1.00/0.70;medical_bay:1.00/0.70;security:1.00/0.70","agriculture:0.07/0.00;education_culture:1.00/0.80;engineering_bay:0.00/0.05;life_support_habitat:1.00/0.38;medical_bay:1.00/0.27;security:0.37/0.00"
the_sunset_relief,wanderers,cargo,conservative,50,33,17,0,0,0,0.9251,1.0000,2944,10572,0.0000,0,0.6035,0.6860,0.5684,0.5150,387.96,0,3243,3384,2647,0,3616,493,0,2036,1632,0,0,25583.86,92.48,400.18,"agriculture:1.00/0.70;education_culture:1.00/0.70;engineering_bay:1.00/0.70;life_support_habitat:1.00/0.70;medical_bay:1.00/0.70;security:1.00/0.70","agriculture:0.70/0.48;education_culture:1.00/0.85;engineering_bay:0.33/0.15;life_support_habitat:1.00/0.49;medical_bay:1.00/0.44;security:0.47/0.00"
the_sunset_relief,wanderers,cargo,first-choice,50,14,35,1,0,0,0.8733,1.0000,1144,1087,0.0000,0,0.3718,0.4360,0.1293,0.4532,546.92,100,3768,3223,1921,3472,723,471,0,777,1286,0,0,25616.66,87.36,400.06,"agriculture:1.00/0.70;education_culture:1.00/0.70;engineering_bay:1.00/0.70;life_support_habitat:1.00/0.70;medical_bay:1.00/0.70;security:1.00/0.70","agriculture:0.51/0.27;education_culture:0.66/0.17;engineering_bay:0.00/0.00;life_support_habitat:1.00/0.55;medical_bay:0.41/0.00;security:0.53/0.00"
the_sunset_relief,wanderers,cargo,objective-first,50,38,12,0,0,0,0.9478,1.0000,2874,5690,0.0000,42,0.4469,0.4490,0.5746,0.4767,284.62,0,3879,3214,2442,3337,639,510,0,217,0,0,0,44490.66,94.84,400.24,"agriculture:1.00/0.70;education_culture:1.00/0.70;engineering_bay:1.00/0.70;life_support_habitat:1.00/0.70;medical_bay:1.00/0.70;security:1.00/0.70","agriculture:0.29/0.00;education_culture:1.00/0.84;engineering_bay:0.03/0.15;life_support_habitat:1.00/0.53;medical_bay:1.00/0.27;security:0.10/0.00"
the_sunset_relief,wanderers,combat,conservative,50,39,11,0,0,0,0.9256,1.0000,1944,9622,0.0000,0,0.6007,0.6915,0.6048,0.5667,389.50,0,3225,3413,2549,0,3624,505,0,1961,1519,0,0,25626.06,92.56,400.18,"agriculture:1.00/0.70;education_culture:1.00/0.70;engineering_bay:1.00/0.70;life_support_habitat:1.00/0.70;medical_bay:1.00/0.70;security:1.00/0.70","agriculture:0.73/0.48;education_culture:1.00/0.85;engineering_bay:0.70/0.40;life_support_habitat:1.00/0.46;medical_bay:1.00/0.34;security:0.20/0.00"
the_sunset_relief,wanderers,combat,first-choice,50,17,31,2,0,0,0.8764,1.0000,70,0,0.0000,0,0.4360,0.4490,0.3886,0.4482,540.12,98,3729,3242,1932,3482,708,498,0,807,1393,8,8,25492.92,87.66,400.06,"agriculture:1.00/0.70;education_culture:1.00/0.70;engineering_bay:1.00/0.70;life_support_habitat:1.00/0.70;medical_bay:1.00/0.70;security:1.00/0.70","agriculture:0.45/0.45;education_culture:0.71/0.44;engineering_bay:0.53/0.26;life_support_habitat:1.00/0.52;medical_bay:0.45/0.00;security:0.62/0.00"
the_sunset_relief,wanderers,combat,objective-first,50,38,12,0,0,0,0.9482,1.0000,1874,5690,0.0000,42,0.4469,0.4490,0.5746,0.4767,279.42,0,3871,3222,2435,3342,630,507,0,219,0,0,0,43426.26,94.86,400.24,"agriculture:1.00/0.70;education_culture:1.00/0.70;engineering_bay:1.00/0.70;life_support_habitat:1.00/0.70;medical_bay:1.00/0.70;security:1.00/0.70","agriculture:0.29/0.00;education_culture:1.00/0.84;engineering_bay:0.03/0.15;life_support_habitat:1.00/0.53;medical_bay:1.00/0.27;security:0.10/0.00"
the_sunset_relief,wanderers,fuel,conservative,50,38,12,0,0,0,0.9315,1.0000,5939,9524,0.8629,0,0.6451,0.6620,0.6184,0.5691,373.64,0,3157,3360,2593,0,3603,513,0,1909,1757,0,0,25596.66,93.18,400.00,"agriculture:1.00/0.70;education_culture:1.00/0.70;engineering_bay:1.00/0.70;life_support_habitat:1.00/0.70;medical_bay:1.00/0.70;security:1.00/0.70","agriculture:0.72/0.48;education_culture:1.00/0.85;engineering_bay:0.55/0.00;life_support_habitat:1.00/0.38;medical_bay:1.00/0.54;security:0.00/0.00"
the_sunset_relief,wanderers,fuel,first-choice,50,16,29,5,0,0,0.8684,1.0000,24,0,0.8500,0,0.4469,0.4490,0.0038,0.4981,559.48,97,3816,3241,1941,3469,729,520,0,714,1345,13,13,25467.36,86.82,400.00,"agriculture:1.00/0.70;education_culture:1.00/0.70;engineering_bay:1.00/0.70;life_support_habitat:1.00/0.70;medical_bay:1.00/0.70;security:1.00/0.70","agriculture:0.47/0.34;education_culture:0.62/0.26;engineering_bay:0.00/0.00;life_support_habitat:1.00/0.33;medical_bay:0.49/0.00;security:0.19/0.00"
the_sunset_relief,wanderers,fuel,objective-first,50,40,10,0,0,0,0.9508,1.0000,5874,7154,0.8628,69,0.4469,0.4490,0.5746,0.4982,273.38,0,3921,3217,2419,3315,686,514,0,207,0,0,0,44984.26,95.08,400.00,"agriculture:1.00/0.70;education_culture:1.00/0.70;engineering_bay:1.00/0.70;life_support_habitat:1.00/0.70;medical_bay:1.00/0.70;security:1.00/0.70","agriculture:0.22/0.00;education_culture:1.00/0.80;engineering_bay:0.34/0.00;life_support_habitat:1.00/0.38;medical_bay:1.00/0.24;security:0.00/0.00"
the_sunset_relief,wanderers,speed,conservative,50,38,12,0,0,0,0.9380,1.0000,4153,10686,0.0000,0,0.5269,0.6975,0.6178,0.5691,346.54,0,3127,3347,2641,0,3631,520,0,2170,2213,0,0,25626.16,93.84,400.18,"agriculture:1.00/0.70;education_culture:1.00/0.70;engineering_bay:1.00/0.70;life_support_habitat:1.00/0.70;medical_bay:1.00/0.70;security:1.00/0.70","agriculture:0.73/0.48;education_culture:1.00/0.82;engineering_bay:0.77/0.45;life_support_habitat:1.00/0.48;medical_bay:1.00/0.44;security:0.49/0.00"
the_sunset_relief,wanderers,speed,first-choice,50,15,32,3,0,0,0.8669,1.0000,85,0,0.0000,0,0.4240,0.4490,0.0035,0.4477,569.78,95,3753,3255,1901,3450,735,483,0,859,1806,10,10,25618.46,86.72,400.06,"agriculture:1.00/0.70;education_culture:1.00/0.70;engineering_bay:1.00/0.70;life_support_habitat:1.00/0.70;medical_bay:1.00/0.70;security:1.00/0.70","agriculture:0.46/0.35;education_culture:0.57/0.04;engineering_bay:0.16/0.00;life_support_habitat:1.00/0.33;medical_bay:0.08/0.00;security:0.00/0.00"
the_sunset_relief,wanderers,speed,objective-first,50,35,15,0,0,0,0.9454,1.0000,4124,7722,0.0000,70,0.4469,0.4490,0.5446,0.4914,298.34,0,3941,3190,2436,3353,662,494,0,201,0,0,0,50589.46,94.54,400.24,"agriculture:1.00/0.70;education_culture:1.00/0.70;engineering_bay:1.00/0.70;life_support_habitat:1.00/0.70;medical_bay:1.00/0.70;security:1.00/0.70","agriculture:0.29/0.00;education_culture:1.00/0.75;engineering_bay:0.00/0.05;life_support_habitat:1.00/0.43;medical_bay:1.00/0.24;security:0.32/0.00"
the_sunset_relief,wanderers,starter,conservative,50,33,17,0,0,0,0.9214,1.0000,7072,10554,0.4773,0,0.5875,0.6320,0.5858,0.5783,401.84,0,3213,3333,2656,0,3558,524,0,2021,2170,0,0,25665.86,92.14,400.00,"agriculture:1.00/0.70;education_culture:1.00/0.70;engineering_bay:1.00/0.70;life_support_habitat:1.00/0.70;medical_bay:1.00/0.70;security:1.00/0.70","agriculture:0.74/0.48;education_culture:1.00/0.84;engineering_bay:0.00/0.00;life_support_habitat:1.00/0.38;medical_bay:1.00/0.34;security:0.45/0.00"
the_sunset_relief,wanderers,starter,first-choice,50,15,31,4,0,0,0.8566,1.0000,148,0,0.0000,0,0.3910,0.4490,0.0000,0.4981,598.84,98,3832,3262,1873,3488,727,481,0,796,1670,8,8,25241.96,85.64,400.00,"agriculture:1.00/0.70;education_culture:1.00/0.70;engineering_bay:1.00/0.70;life_support_habitat:1.00/0.70;medical_bay:1.00/0.70;security:1.00/0.70","agriculture:0.29/0.00;education_culture:0.32/0.00;engineering_bay:0.00/0.00;life_support_habitat:1.00/0.54;medical_bay:0.19/0.00;security:0.15/0.00"
the_sunset_relief,wanderers,starter,objective-first,50,38,12,0,0,0,0.9459,1.0000,9124,5219,0.0000,77,0.4469,0.4490,0.5746,0.4935,296.88,0,3866,3210,2448,3344,641,504,0,218,0,0,0,50310.46,94.60,400.24,"agriculture:1.00/0.70;education_culture:1.00/0.70;engineering_bay:1.00/0.70;life_support_habitat:1.00/0.70;medical_bay:1.00/0.70;security:1.00/0.70","agriculture:0.36/0.00;education_culture:1.00/0.85;engineering_bay:0.06/0.05;life_support_habitat:1.00/0.38;medical_bay:1.00/0.27;security:0.47/0.00"
the_sunward_dive,adaptors,cargo,conservative,50,34,16,0,0,0,0.9170,1.0000,3396,11347,0.0024,5,0.6970,0.6990,0.6358,0.5557,391.58,0,2673,2921,2194,0,3255,434,0,1742,1441,0,0,24161.18,91.66,350.00,"agriculture:1.00/0.70;education_culture:1.00/0.70;engineering_bay:1.00/0.70;life_support_habitat:1.00/0.70;medical_bay:1.00/0.70;security:1.00/0.70","agriculture:0.72/0.50;education_culture:1.00/0.77;engineering_bay:0.72/0.25;life_support_habitat:1.00/0.60;medical_bay:1.00/0.43;security:0.28/0.00"
the_sunward_dive,adaptors,cargo,first-choice,50,10,32,8,0,0,0.8257,1.0000,1453,497,0.0784,36,0.4469,0.4495,0.5062,0.4875,575.46,91,3080,2851,1794,3077,685,425,0,639,1026,2,2,24129.92,82.62,350.00,"agriculture:1.00/0.70;education_culture:1.00/0.70;engineering_bay:1.00/0.70;life_support_habitat:1.00/0.70;medical_bay:1.00/0.70;security:1.00/0.70","agriculture:0.51/0.46;education_culture:0.45/0.52;engineering_bay:0.27/0.00;life_support_habitat:1.00/0.64;medical_bay:0.58/0.00;security:0.53/0.00"
the_sunward_dive,adaptors,cargo,objective-first,50,19,30,1,0,0,0.8800,1.0000,3396,10685,0.0024,87,0.4469,0.4495,0.6070,0.5169,501.82,0,3164,2801,2104,2994,592,417,0,165,1,0,0,41216.58,88.10,350.00,"agriculture:1.00/0.70;education_culture:1.00/0.70;engineering_bay:1.00/0.70;life_support_habitat:1.00/0.70;medical_bay:1.00/0.70;security:1.00/0.70","agriculture:0.17/0.00;education_culture:1.00/0.80;engineering_bay:0.00/0.00;life_support_habitat:1.00/0.33;medical_bay:1.00/0.43;security:0.26/0.00"
the_sunward_dive,adaptors,combat,conservative,50,30,20,0,0,0,0.9042,1.0000,2396,11333,0.0024,25,0.6969,0.6990,0.6444,0.5557,430.70,0,2685,2959,2246,0,3276,436,0,1655,1376,0,0,24118.38,90.48,350.00,"agriculture:1.00/0.70;education_culture:1.00/0.70;engineering_bay:1.00/0.70;life_support_habitat:1.00/0.70;medical_bay:1.00/0.70;security:1.00/0.70","agriculture:0.73/0.45;education_culture:1.00/0.77;engineering_bay:0.72/0.35;life_support_habitat:1.00/0.60;medical_bay:1.00/0.43;security:0.28/0.00"
the_sunward_dive,adaptors,combat,first-choice,50,9,28,13,0,0,0.8165,1.0000,1998,480,0.0784,33,0.4469,0.4495,0.5062,0.4875,593.34,91,3070,2894,1780,3092,671,425,0,658,958,2,2,24171.66,81.68,350.00,"agriculture:1.00/0.70;education_culture:1.00/0.70;engineering_bay:1.00/0.70;life_support_habitat:1.00/0.70;medical_bay:1.00/0.70;security:1.00/0.70","agriculture:0.50/0.43;education_culture:0.52/0.41;engineering_bay:0.30/0.00;life_support_habitat:1.00/0.53;medical_bay:0.56/0.00;security:0.59/0.00"
the_sunward_dive,adaptors,combat,objective-first,50,19,30,1,0,0,0.8795,1.0000,2396,10685,0.0024,87,0.4469,0.4495,0.6070,0.5169,503.30,0,3170,2797,2098,3002,593,417,0,165,1,0,0,40190.58,88.04,350.00,"agriculture:1.00/0.70;education_culture:1.00/0.70;engineering_bay:1.00/0.70;life_support_habitat:1.00/0.70;medical_bay:1.00/0.70;security:1.00/0.70","agriculture:0.17/0.00;education_culture:1.00/0.80;engineering_bay:0.00/0.00;life_support_habitat:1.00/0.33;medical_bay:1.00/0.43;security:0.26/0.00"
the_sunward_dive,adaptors,fuel,conservative,50,36,14,0,0,0,0.9152,1.0000,6631,10669,0.8518,18,0.6946,0.6990,0.6444,0.5557,398.10,0,2569,2965,2267,0,3235,433,0,1711,1635,0,0,24107.78,91.50,350.00,"agriculture:1.00/0.70;education_culture:1.00/0.70;engineering_bay:1.00/0.70;life_support_habitat:1.00/0.70;medical_bay:1.00/0.70;security:1.00/0.70","agriculture:0.72/0.48;education_culture:1.00/0.85;engineering_bay:0.69/0.25;life_support_habitat:1.00/0.52;medical_bay:1.00/0.43;security:0.29/0.00"
the_sunward_dive,adaptors,fuel,first-choice,50,8,24,18,0,0,0.7940,1.0000,2099,480,0.8500,65,0.4472,0.4495,0.3556,0.4875,653.52,88,3117,2830,1850,3136,642,430,0,580,1131,8,8,24146.18,79.40,350.00,"agriculture:1.00/0.70;education_culture:1.00/0.70;engineering_bay:1.00/0.70;life_support_habitat:1.00/0.70;medical_bay:1.00/0.70;security:1.00/0.70","agriculture:0.48/0.40;education_culture:0.50/0.34;engineering_bay:0.00/0.20;life_support_habitat:1.00/0.41;medical_bay:0.37/0.00;security:0.30/0.00"
the_sunward_dive,adaptors,fuel,objective-first,50,25,25,0,0,0,0.8910,1.0000,6631,11372,0.8506,87,0.4469,0.4495,0.5438,0.5446,469.10,0,3155,2781,2095,3023,561,412,0,168,1,0,0,42764.18,89.04,350.00,"agriculture:1.00/0.70;education_culture:1.00/0.70;engineering_bay:1.00/0.70;life_support_habitat:1.00/0.70;medical_bay:1.00/0.70;security:1.00/0.70","agriculture:0.17/0.00;education_culture:1.00/0.80;engineering_bay:0.00/0.00;life_support_habitat:1.00/0.33;medical_bay:1.00/0.43;security:0.26/0.00"
the_sunward_dive,adaptors,speed,conservative,50,31,19,0,0,0,0.9133,1.0000,3941,11391,0.0024,31,0.6971,0.6990,0.6444,0.5473,404.18,0,2624,2869,2267,0,3292,422,0,1837,1973,0,0,24150.18,91.34,350.00,"agriculture:1.00/0.70;education_culture:1.00/0.70;engineering_bay:1.00/0.70;life_support_habitat:1.00/0.70;medical_bay:1.00/0.70;security:1.00/0.70","agriculture:0.71/0.48;education_culture:1.00/0.81;engineering_bay:0.24/0.10;life_support_habitat:1.00/0.50;medical_bay:1.00/0.56;security:0.27/0.00"
the_sunward_dive,adaptors,speed,first-choice,50,11,21,18,0,0,0.8122,1.0000,653,482,0.0784,33,0.4469,0.4550,0.5062,0.4875,618.86,91,3093,2896,1786,3103,679,431,0,687,1465,7,7,24186.76,81.26,350.00,"agriculture:1.00/0.70;education_culture:1.00/0.70;engineering_bay:1.00/0.70;life_support_habitat:1.00/0.70;medical_bay:1.00/0.70;security:1.00/0.70","agriculture:0.50/0.46;education_culture:0.49/0.45;engineering_bay:0.01/0.00;life_support_habitat:1.00/0.46;medical_bay:0.39/0.00;security:0.11/0.00"
the_sunward_dive,adaptors,speed,objective-first,50,22,27,1,0,0,0.8905,1.0000,3941,10965,0.0024,121,0.4469,0.4495,0.4852,0.5232,470.32,0,3163,2824,2098,3081,564,414,0,156,1,0,0,46744.98,89.08,350.00,"agriculture:1.00/0.70;education_culture:1.00/0.70;engineering_bay:1.00/0.70;life_support_habitat:1.00/0.70;medical_bay:1.00/0.70;security:1.00/0.70","agriculture:0.18/0.00;education_culture:1.00/0.80;engineering_bay:0.00/0.00;life_support_habitat:1.00/0.33;medical_bay:1.00/0.43;security:0.26/0.00"
the_sunward_dive,adaptors,starter,conservative,50,34,16,0,0,0,0.9145,1.0000,8242,11059,0.4929,63,0.6971,0.6990,0.5270,0.5557,399.60,0,2736,2934,2316,0,3169,439,0,1728,2019,0,0,24162.98,91.48,350.00,"agriculture:1.00/0.70;education_culture:1.00/0.70;engineering_bay:1.00/0.70;life_support_habitat:1.00/0.70;medical_bay:1.00/0.70;security:1.00/0.70","agriculture:0.72/0.48;education_culture:1.00/0.83;engineering_bay:0.74/0.28;life_support_habitat:1.00/0.45;medical_bay:1.00/0.46;security:0.75/0.20"
the_sunward_dive,adaptors,starter,first-choice,50,6,28,16,0,0,0.8003,1.0000,1994,0,0.0000,18,0.4469,0.4495,0.2971,0.4762,640.58,96,3107,2873,1806,3097,679,444,0,619,1527,11,11,24165.14,80.06,350.08,"agriculture:1.00/0.70;education_culture:1.00/0.70;engineering_bay:1.00/0.70;life_support_habitat:1.00/0.70;medical_bay:1.00/0.70;security:1.00/0.70","agriculture:0.53/0.43;education_culture:0.46/0.62;engineering_bay:0.50/0.36;life_support_habitat:1.00/0.46;medical_bay:0.42/0.07;security:0.38/0.07"
the_sunward_dive,adaptors,starter,objective-first,50,16,33,1,0,0,0.8820,1.0000,9646,10685,0.0024,87,0.4469,0.4495,0.6070,0.5370,495.98,0,3148,2796,2101,2997,596,419,0,169,1,0,0,47359.18,88.34,350.00,"agriculture:1.00/0.70;education_culture:1.00/0.70;engineering_bay:1.00/0.70;life_support_habitat:1.00/0.70;medical_bay:1.00/0.70;security:1.00/0.70","agriculture:0.17/0.00;education_culture:1.00/0.82;engineering_bay:0.00/0.20;life_support_habitat:1.00/0.33;medical_bay:1.00/0.43;security:0.26/0.00"
the_sunward_dive,preservers,cargo,conservative,50,33,17,0,0,0,0.9177,1.0000,3396,10543,0.1649,40,0.6962,0.6990,0.6644,0.5328,388.96,0,2688,2860,2282,0,3339,436,0,1731,1517,0,0,24189.24,91.80,350.00,"agriculture:1.00/0.70;education_culture:1.00/0.70;engineering_bay:1.00/0.70;life_support_habitat:1.00/0.70;medical_bay:1.00/0.70;security:1.00/0.70","agriculture:0.70/0.50;education_culture:1.00/0.81;engineering_bay:0.00/0.00;life_support_habitat:1.00/0.53;medical_bay:1.00/0.47;security:0.31/0.00"
the_sunward_dive,preservers,cargo,first-choice,50,8,28,14,0,0,0.8111,1.0000,891,117,0.2238,43,0.4469,0.4490,0.4940,0.4826,611.56,92,3049,2827,1780,3222,654,401,0,640,1033,7,7,23882.86,81.10,350.00,"agriculture:1.00/0.70;education_culture:1.00/0.70;engineering_bay:1.00/0.70;life_support_habitat:1.00/0.70;medical_bay:1.00/0.70;security:1.00/0.70","agriculture:0.45/0.36;education_culture:0.49/0.42;engineering_bay:0.00/0.00;life_support_habitat:1.00/0.42;medical_bay:0.67/0.00;security:0.55/0.00"
the_sunward_dive,preservers,cargo,objective-first,50,21,29,0,0,0,0.8895,1.0000,3396,9670,0.0000,78,0.4469,0.4495,0.5236,0.4502,473.90,0,3168,2804,2319,3083,570,426,0,166,2,0,0,41680.84,88.98,350.02,"agriculture:1.00/0.70;education_culture:1.00/0.70;engineering_bay:1.00/0.70;life_support_habitat:1.00/0.70;medical_bay:1.00/0.70;security:1.00/0.70","agriculture:0.56/0.15;education_culture:1.00/0.85;engineering_bay:0.00/0.00;life_support_habitat:1.00/0.38;medical_bay:1.00/0.37;security:0.32/0.00"
the_sunward_dive,preservers,combat,conservative,50,31,19,0,0,0,0.9172,1.0000,2396,10541,0.1649,53,0.6963,0.6990,0.6568,0.5328,391.42,0,2668,2890,2360,0,3269,437,0,1728,1394,0,0,24164.44,91.76,350.00,"agriculture:1.00/0.70;education_culture:1.00/0.70;engineering_bay:1.00/0.70;life_support_habitat:1.00/0.70;medical_bay:1.00/0.70;security:1.00/0.70","agriculture:0.74/0.45;education_culture:1.00/0.82;engineering_bay:0.74/0.35;life_support_habitat:1.00/0.38;medical_bay:1.00/0.47;security:0.36/0.00"
the_sunward_dive,preservers,combat,first-choice,50,6,26,18,0,0,0.8060,1.0000,491,117,0.2238,39,0.4469,0.4505,0.4940,0.4826,622.44,94,3064,2887,1778,3126,622,421,0,654,939,8,8,23925.58,80.64,350.00,"agriculture:1.00/0.70;education_culture:1.00/0.70;engineering_bay:1.00/0.70;life_support_habitat:1.00/0.70;medical_bay:1.00/0.70;security:1.00/0.70","agriculture:0.32/0.13;education_culture:0.53/0.37;engineering_bay:0.48/0.27;life_support_habitat:1.00/0.46;medical_bay:0.69/0.07;security:0.29/0.00"
the_sunward_dive,preservers,combat,objective-first,50,21,29,0,0,0,0.8895,1.0000,2396,9670,0.0000,78,0.4469,0.4495,0.5236,0.4502,473.88,0,3168,2804,2319,3085,570,426,0,166,1,0,0,40691.84,88.98,350.02,"agriculture:1.00/0.70;education_culture:1.00/0.70;engineering_bay:1.00/0.70;life_support_habitat:1.00/0.70;medical_bay:1.00/0.70;security:1.00/0.70","agriculture:0.56/0.15;education_culture:1.00/0.85;engineering_bay:0.00/0.00;life_support_habitat:1.00/0.38;medical_bay:1.00/0.37;security:0.32/0.00"
the_sunward_dive,preservers,fuel,conservative,50,34,16,0,0,0,0.9240,1.0000,6631,10661,0.8518,6,0.6970,0.6990,0.6644,0.5328,371.24,0,2631,2897,2338,0,3311,427,0,1707,1606,0,0,24099.64,92.42,350.00,"agriculture:1.00/0.70;education_culture:1.00/0.70;engineering_bay:1.00/0.70;life_support_habitat:1.00/0.70;medical_bay:1.00/0.70;security:1.00/0.70","agriculture:0.71/0.48;education_culture:1.00/0.81;engineering_bay:0.00/0.00;life_support_habitat:1.00/0.48;medical_bay:1.00/0.40;security:0.21/0.00"
the_sunward_dive,preservers,fuel,first-choice,50,9,26,15,0,0,0.7975,1.0000,420,219,0.8500,31,0.4470,0.4490,0.4734,0.3735,661.96,93,3082,2955,1753,3149,609,425,0,606,1169,8,8,24044.26,79.88,350.00,"agriculture:1.00/0.70;education_culture:1.00/0.70;engineering_bay:1.00/0.70;life_support_habitat:1.00/0.70;medical_bay:1.00/0.70;security:1.00/0.70","agriculture:0.51/0.38;education_culture:0.48/0.43;engineering_bay:0.00/0.00;life_support_habitat:1.00/0.50;medical_bay:0.58/0.00;security:0.37/0.00"
the_sunward_dive,preservers,fuel,objective-first,50,17,33,0,0,0,0.8836,1.0000,6631,10015,0.8506,90,0.4469,0.4495,0.5444,0.5328,490.34,0,3182,2778,2304,3093,586,414,0,166,2,0,0,42927.04,88.36,350.00,"agriculture:1.00/0.70;education_culture:1.00/0.70;engineering_bay:1.00/0.70;life_support_habitat:1.00/0.70;medical_bay:1.00/0.70;security:1.00/0.70","agriculture:0.56/0.15;education_culture:1.00/0.85;engineering_bay:0.00/0.00;life_support_habitat:1.00/0.38;medical_bay:1.00/0.37;security:0.32/0.00"
the_sunward_dive,preservers,speed,conservative,50,35,15,0,0,0,0.9235,1.0000,3941,10083,0.1649,44,0.6970,0.6990,0.6522,0.5328,373.32,0,2566,2923,2343,0,3349,431,0,1982,1957,0,0,24172.04,92.32,350.00,"agriculture:1.00/0.70;education_culture:1.00/0.70;engineering_bay:1.00/0.70;life_support_habitat:1.00/0.70;medical_bay:1.00/0.70;security:1.00/0.70","agriculture:0.71/0.48;education_culture:1.00/0.85;engineering_bay:0.55/0.45;life_support_habitat:1.00/0.43;medical_bay:1.00/0.50;security:0.60/0.00"
the_sunward_dive,preservers,speed,first-choice,50,7,28,15,0,0,0.8060,1.0000,3558,495,0.2020,45,0.4469,0.4495,0.4940,0.4826,630.34,93,3071,2876,1759,3116,657,418,0,715,1540,7,7,24063.10,80.66,350.00,"agriculture:1.00/0.70;education_culture:1.00/0.70;engineering_bay:1.00/0.70;life_support_habitat:1.00/0.70;medical_bay:1.00/0.70;security:1.00/0.70","agriculture:0.48/0.45;education_culture:0.52/0.47;engineering_bay:0.24/0.05;life_support_habitat:1.00/0.48;medical_bay:0.63/0.00;security:0.01/0.00"
the_sunward_dive,preservers,speed,objective-first,50,22,28,0,0,0,0.8916,1.0000,3941,9874,0.0000,138,0.4469,0.4495,0.5820,0.4962,467.74,0,3137,2769,2314,3036,606,420,0,175,2,0,0,47384.74,89.20,350.02,"agriculture:1.00/0.70;education_culture:1.00/0.70;engineering_bay:1.00/0.70;life_support_habitat:1.00/0.70;medical_bay:1.00/0.70;security:1.00/0.70","agriculture:0.56/0.00;education_culture:1.00/0.85;engineering_bay:0.00/0.00;life_support_habitat:1.00/0.38;medical_bay:1.00/0.37;security:0.32/0.00"
the_sunward_dive,preservers,starter,conservative,50,40,10,0,0,0,0.9262,1.0000,7492,11026,0.3722,45,0.6970,0.6990,0.6486,0.5331,366.24,0,2638,2893,2296,0,3393,431,0,1766,2017,0,0,24151.44,92.62,350.00,"agriculture:1.00/0.70;education_culture:1.00/0.70;engineering_bay:1.00/0.70;life_support_habitat:1.00/0.70;medical_bay:1.00/0.70;security:1.00/0.70","agriculture:0.71/0.48;education_culture:1.00/0.85;engineering_bay:0.00/0.15;life_support_habitat:1.00/0.43;medical_bay:0.96/0.43;security:0.66/0.10"
the_sunward_dive,preservers,starter,first-choice,50,4,30,16,0,0,0.7870,1.0000,4165,1319,0.1402,25,0.4470,0.4495,0.4911,0.4806,679.68,97,3066,2840,1787,3156,660,415,0,722,1568,1,1,24093.82,78.74,350.00,"agriculture:1.00/0.70;education_culture:1.00/0.70;engineering_bay:1.00/0.70;life_support_habitat:1.00/0.70;medical_bay:1.00/0.70;security:1.00/0.70","agriculture:0.47/0.47;education_culture:0.46/0.57;engineering_bay:0.08/0.02;life_support_habitat:1.00/0.50;medical_bay:0.68/0.08;security:0.32/0.00"
the_sunward_dive,preservers,starter,objective-first,50,23,26,1,0,0,0.8848,1.0000,9646,9670,0.0000,88,0.4469,0.4495,0.5236,0.4502,487.52,0,3162,2775,2314,3089,588,426,0,168,2,0,0,48232.64,88.46,350.02,"agriculture:1.00/0.70;education_culture:1.00/0.70;engineering_bay:1.00/0.70;life_support_habitat:1.00/0.70;medical_bay:1.00/0.70;security:1.00/0.70","agriculture:0.56/0.00;education_culture:1.00/0.85;engineering_bay:0.00/0.00;life_support_habitat:1.00/0.38;medical_bay:1.00/0.37;security:0.32/0.00"
the_sunward_dive,wanderers,cargo,conservative,50,26,24,0,0,0,0.9047,1.0000,3396,10863,0.0000,0,0.6956,0.6790,0.6192,0.5299,429.32,0,2664,2910,2219,0,3288,433,0,1692,1430,0,0,24214.34,90.46,350.10,"agriculture:1.00/0.70;education_culture:1.00/0.70;engineering_bay:1.00/0.70;life_support_habitat:1.00/0.70;medical_bay:1.00/0.70;security:1.00/0.70","agriculture:0.72/0.48;education_culture:1.00/0.85;engineering_bay:0.74/0.25;life_support_habitat:1.00/0.57;medical_bay:1.00/0.43;security:0.67/0.00"
the_sunward_dive,wanderers,cargo,first-choice,50,9,23,18,0,0,0.7966,1.0000,1154,0,0.0234,1,0.4469,0.4580,0.5957,0.5245,638.12,90,3247,2890,1845,3098,641,420,0,674,1061,7,7,23969.68,79.62,350.02,"agriculture:1.00/0.70;education_culture:1.00/0.70;engineering_bay:1.00/0.70;life_support_habitat:1.00/0.70;medical_bay:1.00/0.70;security:1.00/0.70","agriculture:0.51/0.22;education_culture:0.49/0.39;engineering_bay:0.13/0.00;life_support_habitat:1.00/0.45;medical_bay:0.45/0.00;security:0.61/0.00"
the_sunward_dive,wanderers,cargo,objective-first,50,13,37,0,0,0,0.8723,1.0000,3396,10405,0.0000,113,0.4469,0.4495,0.6436,0.5164,522.98,0,3207,2837,2139,2986,611,422,0,176,1,0,0,41306.74,87.16,350.18,"agriculture:1.00/0.70;education_culture:1.00/0.70;engineering_bay:1.00/0.70;life_support_habitat:1.00/0.70;medical_bay:1.00/0.70;security:1.00/0.70","agriculture:0.00/0.00;education_culture:1.00/0.85;engineering_bay:0.00/0.09;life_support_habitat:1.00/0.43;medical_bay:1.00/0.43;security:0.56/0.00"
the_sunward_dive,wanderers,combat,conservative,50,25,25,0,0,0,0.9013,1.0000,2396,10818,0.0000,16,0.6969,0.6990,0.5916,0.5299,439.36,0,2662,2874,2196,0,3334,428,0,1678,1357,0,0,24255.74,90.14,350.10,"agriculture:1.00/0.70;education_culture:1.00/0.70;engineering_bay:1.00/0.70;life_support_habitat:1.00/0.70;medical_bay:1.00/0.70;security:1.00/0.70","agriculture:0.74/0.48;education_culture:1.00/0.85;engineering_bay:0.75/0.35;life_support_habitat:1.00/0.57;medical_bay:1.00/0.43;security:0.30/0.00"
the_sunward_dive,wanderers,combat,first-choice,50,10,20,20,0,0,0.8018,1.0000,1524,0,0.0234,7,0.4471,0.4495,0.6100,0.5485,624.94,95,3237,2883,1798,3099,642,422,0,698,1222,3,3,24165.00,80.20,350.02,"agriculture:1.00/0.70;education_culture:1.00/0.70;engineering_bay:1.00/0.70;life_support_habitat:1.00/0.70;medical_bay:1.00/0.70;security:1.00/0.70","agriculture:0.42/0.07;education_culture:0.52/0.33;engineering_bay:0.52/0.27;life_support_habitat:1.00/0.56;medical_bay:0.46/0.00;security:0.33/0.00"
the_sunward_dive,wanderers,combat,objective-first,50,12,38,0,0,0,0.8715,1.0000,2396,10405,0.0000,113,0.4469,0.4495,0.6436,0.5244,525.34,0,3199,2831,2143,2966,610,416,0,182,1,0,0,40365.54,87.08,350.18,"agriculture:1.00/0.70;education_culture:1.00/0.70;engineering_bay:1.00/0.70;life_support_habitat:1.00/0.70;medical_bay:1.00/0.70;security:1.00/0.70","agriculture:0.00/0.00;education_culture:1.00/0.85;engineering_bay:0.00/0.09;life_support_habitat:1.00/0.43;medical_bay:1.00/0.43;security:0.56/0.00"
the_sunward_dive,wanderers,fuel,conservative,50,28,22,0,0,0,0.9012,1.0000,6631,11186,0.8526,5,0.6959,0.6990,0.6414,0.5299,439.14,0,2682,2969,2283,0,3201,418,0,1773,1554,0,0,24106.94,90.10,350.00,"agriculture:1.00/0.70;education_culture:1.00/0.70;engineering_bay:1.00/0.70;life_support_habitat:1.00/0.70;medical_bay:1.00/0.70;security:1.00/0.70","agriculture:0.72/0.48;education_culture:1.00/0.85;engineering_bay:0.62/0.23;life_support_habitat:1.00/0.48;medical_bay:1.00/0.47;security:0.62/0.00"
the_sunward_dive,wanderers,fuel,first-choice,50,9,16,25,0,0,0.7843,1.0000,0,563,0.7750,52,0.4471,0.4490,0.4437,0.5136,690.16,91,3196,2852,1810,3092,643,420,0,648,1247,6,6,24064.60,78.38,350.00,"agriculture:1.00/0.70;education_culture:1.00/0.70;engineering_bay:1.00/0.70;life_support_habitat:1.00/0.70;medical_bay:1.00/0.70;security:1.00/0.70","agriculture:0.46/0.30;education_culture:0.49/0.53;engineering_bay:0.00/0.00;life_support_habitat:1.00/0.48;medical_bay:0.43/0.08;security:0.26/0.00"
the_sunward_dive,wanderers,fuel,objective-first,50,11,37,2,0,0,0.8644,1.0000,6631,10752,0.8465,97,0.4469,0.4495,0.3576,0.5198,545.54,0,3206,2849,2126,2964,623,421,0,176,1,0,0,42705.94,86.48,350.00,"agriculture:1.00/0.70;education_culture:1.00/0.70;engineering_bay:1.00/0.70;life_support_habitat:1.00/0.70;medical_bay:1.00/0.70;security:1.00/0.70","agriculture:0.00/0.00;education_culture:1.00/0.85;engineering_bay:0.00/0.00;life_support_habitat:1.00/0.43;medical_bay:1.00/0.43;security:0.32/0.00"
the_sunward_dive,wanderers,speed,conservative,50,27,23,0,0,0,0.9064,1.0000,3941,10119,0.1637,6,0.6969,0.6990,0.6286,0.5299,423.62,0,2599,2918,2287,0,3304,430,0,1990,1974,0,0,24197.34,90.62,350.00,"agriculture:1.00/0.70;education_culture:1.00/0.70;engineering_bay:1.00/0.70;life_support_habitat:1.00/0.70;medical_bay:1.00/0.70;security:1.00/0.70","agriculture:0.73/0.48;education_culture:1.00/0.85;engineering_bay:0.74/0.38;life_support_habitat:1.00/0.53;medical_bay:1.00/0.47;security:0.73/0.20"
the_sunward_dive,wanderers,speed,first-choice,50,8,21,21,0,0,0.7870,1.0000,245,0,0.0173,35,0.4469,0.4490,0.5541,0.5245,695.78,91,3127,2807,1781,3124,659,436,0,785,1544,8,8,24007.52,78.68,350.04,"agriculture:1.00/0.70;education_culture:1.00/0.70;engineering_bay:1.00/0.70;life_support_habitat:1.00/0.70;medical_bay:1.00/0.70;security:1.00/0.70","agriculture:0.49/0.44;education_culture:0.47/0.57;engineering_bay:0.45/0.30;life_support_habitat:1.00/0.60;medical_bay:0.44/0.00;security:0.32/0.00"
the_sunward_dive,wanderers,speed,objective-first,50,14,35,1,0,0,0.8697,1.0000,3941,10752,0.0000,107,0.4469,0.4550,0.6070,0.5164,530.24,0,3239,2822,2097,2956,596,426,0,164,1,0,0,46435.64,86.94,350.18,"agriculture:1.00/0.70;education_culture:1.00/0.70;engineering_bay:1.00/0.70;life_support_habitat:1.00/0.70;medical_bay:1.00/0.70;security:1.00/0.70","agriculture:0.40/0.00;education_culture:1.00/0.84;engineering_bay:0.14/0.15;life_support_habitat:1.00/0.45;medical_bay:1.00/0.43;security:0.34/0.00"
the_sunward_dive,wanderers,starter,conservative,50,29,21,0,0,0,0.9036,1.0000,7348,10969,0.4687,27,0.6970,0.6990,0.5672,0.5206,432.66,0,2633,2923,2322,0,3338,420,0,1731,1977,0,0,24087.74,90.34,350.00,"agriculture:1.00/0.70;education_culture:1.00/0.70;engineering_bay:1.00/0.70;life_support_habitat:1.00/0.70;medical_bay:1.00/0.70;security:1.00/0.70","agriculture:0.72/0.48;education_culture:1.00/0.82;engineering_bay:0.07/0.13;life_support_habitat:1.00/0.48;medical_bay:1.00/0.47;security:0.14/0.00"
the_sunward_dive,wanderers,starter,first-choice,50,7,23,20,0,0,0.7835,1.0000,4154,697,0.0000,51,0.4469,0.4495,0.5429,0.4982,685.56,96,3184,2828,1779,3116,642,407,0,708,1688,0,0,24041.32,78.34,350.10,"agriculture:1.00/0.70;education_culture:1.00/0.70;engineering_bay:1.00/0.70;life_support_habitat:1.00/0.70;medical_bay:1.00/0.70;security:1.00/0.70","agriculture:0.49/0.40;education_culture:0.51/0.52;engineering_bay:0.07/0.00;life_support_habitat:1.00/0.56;medical_bay:0.33/0.00;security:0.30/0.00"
the_sunward_dive,wanderers,starter,objective-first,50,12,38,0,0,0,0.8744,1.0000,9646,10207,0.0000,113,0.4469,0.4495,0.6436,0.5164,516.38,0,3185,2841,2155,2963,597,418,0,179,1,0,0,47663.34,87.40,350.18,"agriculture:1.00/0.70;education_culture:1.00/0.70;engineering_bay:1.00/0.70;life_support_habitat:1.00/0.70;medical_bay:1.00/0.70;security:1.00/0.70","agriculture:0.00/0.00;education_culture:1.00/0.85;engineering_bay:0.00/0.40;life_support_habitat:1.00/0.43;medical_bay:1.00/0.43;security:0.56/0.00"
twin_survey,adaptors,cargo,conservative,50,30,20,0,0,0,0.8997,1.0000,3396,9608,0.0000,0,0.3777,0.6105,0.6486,0.4621,374.30,0,3636,3551,2909,0,3913,549,0,2121,1682,0,0,23641.68,90.00,444.42,"agriculture:1.00/0.70;education_culture:1.00/0.70;engineering_bay:1.00/0.70;life_support_habitat:1.00/0.70;medical_bay:1.00/0.70;security:1.00/0.70","agriculture:0.70/0.50;education_culture:1.00/0.94;engineering_bay:0.28/0.00;life_support_habitat:1.00/0.38;medical_bay:1.00/0.32;security:0.01/0.00"
twin_survey,adaptors,cargo,first-choice,50,0,26,24,0,0,0.7250,0.7766,222,42,0.0000,0,0.4441,0.4075,0.4985,0.4466,534.18,95,3553,3095,1922,3230,660,477,20,676,1001,5,5,17965.18,72.52,380.32,"agriculture:1.00/0.70;education_culture:1.00/0.70;engineering_bay:1.00/0.70;life_support_habitat:1.00/0.70;medical_bay:1.00/0.70;security:1.00/0.70","agriculture:0.35/0.00;education_culture:0.51/0.04;engineering_bay:0.15/0.00;life_support_habitat:1.00/0.46;medical_bay:0.66/0.15;security:0.38/0.00"
twin_survey,adaptors,cargo,objective-first,50,2,48,0,0,0,0.8451,1.0000,3396,9933,0.0000,0,0.4441,0.4495,0.5800,0.4889,475.06,0,4371,3476,2745,3681,696,564,0,234,0,0,0,43498.08,84.54,448.50,"agriculture:1.00/0.70;education_culture:1.00/0.70;engineering_bay:1.00/0.70;life_support_habitat:1.00/0.70;medical_bay:1.00/0.70;security:1.00/0.70","agriculture:0.00/0.00;education_culture:1.00/0.77;engineering_bay:0.00/0.00;life_support_habitat:1.00/0.23;medical_bay:1.00/0.22;security:0.19/0.00"
twin_survey,adaptors,combat,conservative,50,26,24,0,0,0,0.8996,1.0000,2396,8934,0.0000,0,0.3777,0.6105,0.6486,0.5470,376.14,0,3614,3605,2978,0,3911,568,0,2195,1638,0,0,23622.88,89.96,444.40,"agriculture:1.00/0.70;education_culture:1.00/0.70;engineering_bay:1.00/0.70;life_support_habitat:1.00/0.70;medical_bay:1.00/0.70;security:1.00/0.70","agriculture:0.71/0.60;education_culture:1.00/0.85;engineering_bay:0.53/0.25;life_support_habitat:1.00/0.53;medical_bay:1.00/0.49;security:0.52/0.00"
twin_survey,adaptors,combat,first-choice,50,0,21,28,1,0,0.7167,0.7740,0,0,0.0000,0,0.3556,0.3990,0.3137,0.4466,573.70,92,3526,3137,1917,3192,667,478,19,657,888,9,9,17712.92,71.68,379.70,"agriculture:1.00/0.70;education_culture:1.00/0.70;engineering_bay:1.00/0.70;life_support_habitat:1.00/0.70;medical_bay:1.00/0.70;security:1.00/0.70","agriculture:0.34/0.00;education_culture:0.51/0.04;engineering_bay:0.15/0.00;life_support_habitat:1.00/0.46;medical_bay:0.66/0.15;security:0.38/0.00"
twin_survey,adaptors,combat,objective-first,50,2,48,0,0,0,0.8445,1.0000,2396,9933,0.0000,0,0.4441,0.4495,0.5800,0.4889,478.22,0,4381,3482,2732,3703,692,556,0,233,0,0,0,42585.08,84.50,448.50,"agriculture:1.00/0.70;education_culture:1.00/0.70;engineering_bay:1.00/0.70;life_support_habitat:1.00/0.70;medical_bay:1.00/0.70;security:1.00/0.70","agriculture:0.00/0.00;education_culture:1.00/0.77;engineering_bay:0.00/0.00;life_support_habitat:1.00/0.23;medical_bay:1.00/0.22;security:0.19/0.00"
twin_survey,adaptors,fuel,conservative,50,21,29,0,0,0,0.8933,1.0000,6408,9909,0.8482,0,0.6030,0.6450,0.6326,0.5470,385.64,0,3633,3603,2903,0,3843,557,0,2190,1809,0,0,23457.68,89.36,440.00,"agriculture:1.00/0.70;education_culture:1.00/0.70;engineering_bay:1.00/0.70;life_support_habitat:1.00/0.70;medical_bay:1.00/0.70;security:1.00/0.70","agriculture:0.74/0.63;education_culture:1.00/0.97;engineering_bay:0.07/0.00;life_support_habitat:1.00/0.63;medical_bay:1.00/0.39;security:0.18/0.00"
twin_survey,adaptors,fuel,first-choice,50,1,23,26,0,0,0.7343,0.7888,4103,0,0.8500,0,0.3633,0.4490,0.0000,0.4466,520.08,92,3444,3085,1917,3167,675,501,22,635,1050,6,6,18108.46,73.46,377.84,"agriculture:1.00/0.70;education_culture:1.00/0.70;engineering_bay:1.00/0.70;life_support_habitat:1.00/0.70;medical_bay:1.00/0.70;security:1.00/0.70","agriculture:0.36/0.00;education_culture:0.51/0.04;engineering_bay:0.15/0.00;life_support_habitat:1.00/0.46;medical_bay:0.66/0.15;security:0.38/0.00"
twin_survey,adaptors,fuel,objective-first,50,3,47,0,0,0,0.8458,1.0000,6631,9281,0.8431,4,0.4469,0.4495,0.5800,0.5347,474.06,0,4194,3363,2654,3520,683,546,0,207,0,0,0,44313.68,84.60,440.00,"agriculture:1.00/0.70;education_culture:1.00/0.70;engineering_bay:1.00/0.70;life_support_habitat:1.00/0.70;medical_bay:1.00/0.70;security:1.00/0.70","agriculture:0.21/0.00;education_culture:1.00/0.85;engineering_bay:0.00/0.35;life_support_habitat:1.00/0.43;medical_bay:1.00/0.59;security:0.21/0.00"
twin_survey,adaptors,speed,conservative,50,37,13,0,0,0,0.9126,1.0000,3941,10036,0.0000,0,0.5183,0.6460,0.6026,0.5258,377.48,0,3542,3587,2881,0,3985,561,0,2421,2359,0,0,23630.58,91.30,441.02,"agriculture:1.00/0.70;education_culture:1.00/0.70;engineering_bay:1.00/0.70;life_support_habitat:1.00/0.70;medical_bay:1.00/0.70;security:1.00/0.70","agriculture:0.71/0.53;education_culture:1.00/0.90;engineering_bay:0.07/0.20;life_support_habitat:1.00/0.43;medical_bay:1.00/0.42;security:0.37/0.00"
twin_survey,adaptors,speed,first-choice,50,2,32,13,3,0,0.7495,0.8178,85,677,0.0000,0,0.2279,0.4025,0.4297,0.4466,540.74,95,3559,3247,1936,3345,677,515,17,810,1492,4,4,19148.46,74.94,390.26,"agriculture:1.00/0.70;education_culture:1.00/0.70;engineering_bay:1.00/0.70;life_support_habitat:1.00/0.70;medical_bay:1.00/0.70;security:1.00/0.70","agriculture:0.46/0.26;education_culture:0.51/0.04;engineering_bay:0.12/0.00;life_support_habitat:1.00/0.51;medical_bay:0.65/0.00;security:0.38/0.00"
twin_survey,adaptors,speed,objective-first,50,1,49,0,0,0,0.8407,1.0000,3941,9933,0.0000,18,0.4452,0.4490,0.5800,0.4889,486.68,0,4325,3501,2778,3591,680,556,0,239,0,0,0,51097.48,84.10,446.64,"agriculture:1.00/0.70;education_culture:1.00/0.70;engineering_bay:1.00/0.70;life_support_habitat:1.00/0.70;medical_bay:1.00/0.70;security:1.00/0.70","agriculture:0.41/0.00;education_culture:1.00/0.85;engineering_bay:0.00/0.00;life_support_habitat:1.00/0.41;medical_bay:1.00/0.51;security:0.42/0.00"
twin_survey,adaptors,starter,conservative,50,30,20,0,0,0,0.9046,1.0000,8110,10037,0.0000,0,0.6271,0.6480,0.6486,0.5470,348.40,0,3492,3624,2922,0,3915,583,0,2256,2223,0,0,23600.48,90.48,440.70,"agriculture:1.00/0.70;education_culture:1.00/0.70;engineering_bay:1.00/0.70;life_support_habitat:1.00/0.70;medical_bay:1.00/0.70;security:1.00/0.70","agriculture:0.74/0.53;education_culture:1.00/0.90;engineering_bay:0.47/0.13;life_support_habitat:1.00/0.72;medical_bay:1.00/0.29;security:0.41/0.00"
twin_survey,adaptors,starter,first-choice,50,5,23,20,2,0,0.7392,0.8382,1679,5,0.0000,0,0.4446,0.4490,0.4846,0.4466,578.86,97,3639,3157,1991,3248,740,486,25,660,1513,11,11,19455.78,73.90,389.02,"agriculture:1.00/0.70;education_culture:1.00/0.70;engineering_bay:1.00/0.70;life_support_habitat:1.00/0.70;medical_bay:1.00/0.70;security:1.00/0.70","agriculture:0.50/0.37;education_culture:0.67/0.25;engineering_bay:0.18/0.14;life_support_habitat:1.00/0.54;medical_bay:0.75/0.00;security:0.40/0.00"
twin_survey,adaptors,starter,objective-first,50,2,48,0,0,0,0.8440,1.0000,9646,9933,0.0000,5,0.4441,0.4495,0.5800,0.4889,481.20,0,4366,3479,2748,3694,692,571,0,245,0,0,0,49669.08,84.44,448.46,"agriculture:1.00/0.70;education_culture:1.00/0.70;engineering_bay:1.00/0.70;life_support_habitat:1.00/0.70;medical_bay:1.00/0.70;security:1.00/0.70","agriculture:0.26/0.00;education_culture:1.00/0.82;engineering_bay:0.00/0.00;life_support_habitat:1.00/0.18;medical_bay:1.00/0.52;security:0.19/0.00"
twin_survey,preservers,cargo,conservative,50,25,25,0,0,0,0.8955,1.0000,3396,10826,0.0000,0,0.6702,0.6820,0.2760,0.5156,392.26,0,3602,3483,2829,0,4111,568,0,2249,1800,0,0,23618.20,89.60,442.84,"agriculture:1.00/0.70;education_culture:1.00/0.70;engineering_bay:1.00/0.70;life_support_habitat:1.00/0.70;medical_bay:1.00/0.70;security:1.00/0.70","agriculture:0.74/0.63;education_culture:1.00/0.93;engineering_bay:0.30/0.00;life_support_habitat:1.00/0.56;medical_bay:1.00/0.43;security:0.65/0.00"
twin_survey,preservers,cargo,first-choice,50,1,27,22,0,0,0.7476,0.8214,1811,492,0.0000,0,0.4445,0.4490,0.3840,0.4934,494.80,94,3535,3112,2002,3304,717,512,23,638,1016,14,14,19116.42,74.76,389.60,"agriculture:1.00/0.70;education_culture:1.00/0.70;engineering_bay:1.00/0.70;life_support_habitat:1.00/0.70;medical_bay:1.00/0.70;security:1.00/0.70","agriculture:0.42/0.00;education_culture:0.33/0.04;engineering_bay:0.00/0.15;life_support_habitat:1.00/0.57;medical_bay:0.10/0.00;security:0.27/0.00"
twin_survey,preservers,cargo,objective-first,50,2,46,2,0,0,0.8343,1.0000,3396,10826,0.0000,0,0.4438,0.4480,0.4976,0.3684,525.36,0,4394,3387,2620,3727,691,546,0,259,0,0,0,44427.60,83.42,448.44,"agriculture:1.00/0.70;education_culture:1.00/0.70;engineering_bay:1.00/0.70;life_support_habitat:1.00/0.70;medical_bay:1.00/0.70;security:1.00/0.70","agriculture:0.31/0.00;education_culture:1.00/0.68;engineering_bay:0.07/0.00;life_support_habitat:1.00/0.63;medical_bay:1.00/0.32;security:0.57/0.00"
twin_survey,preservers,combat,conservative,50,24,26,0,0,0,0.8937,1.0000,2396,10031,0.0000,0,0.6063,0.6645,0.2260,0.5156,394.44,0,3610,3558,2773,0,4053,576,0,2301,1659,0,0,23617.20,89.44,445.96,"agriculture:1.00/0.70;education_culture:1.00/0.70;engineering_bay:1.00/0.70;life_support_habitat:1.00/0.70;medical_bay:1.00/0.70;security:1.00/0.70","agriculture:0.73/0.55;education_culture:1.00/0.92;engineering_bay:0.07/0.10;life_support_habitat:1.00/0.48;medical_bay:1.00/0.49;security:0.24/0.00"
twin_survey,preservers,combat,first-choice,50,4,27,18,1,0,0.7577,0.8333,811,492,0.0000,0,0.3162,0.3745,0.2695,0.4925,474.06,94,3645,3172,2040,3393,744,513,19,637,971,6,6,19551.96,75.76,396.74,"agriculture:1.00/0.70;education_culture:1.00/0.70;engineering_bay:1.00/0.70;life_support_habitat:1.00/0.70;medical_bay:1.00/0.70;security:1.00/0.70","agriculture:0.10/0.13;education_culture:0.33/0.00;engineering_bay:0.00/0.20;life_support_habitat:1.00/0.54;medical_bay:0.15/0.00;security:0.27/0.00"
twin_survey,preservers,combat,objective-first,50,2,46,2,0,0,0.8339,1.0000,2396,10826,0.0000,0,0.4438,0.4480,0.4976,0.3822,528.30,0,4407,3381,2614,3730,695,552,0,261,0,0,0,43403.60,83.38,448.44,"agriculture:1.00/0.70;education_culture:1.00/0.70;engineering_bay:1.00/0.70;life_support_habitat:1.00/0.70;medical_bay:1.00/0.70;security:1.00/0.70","agriculture:0.31/0.00;education_culture:1.00/0.68;engineering_bay:0.07/0.00;life_support_habitat:1.00/0.63;medical_bay:1.00/0.32;security:0.57/0.00"
twin_survey,preservers,fuel,conservative,50,24,26,0,0,0,0.8972,1.0000,6631,10826,0.8496,0,0.6459,0.6960,0.4614,0.5110,375.48,0,3486,3524,2813,0,3955,569,0,2230,1877,0,0,23607.80,89.72,440.00,"agriculture:1.00/0.70;education_culture:1.00/0.70;engineering_bay:1.00/0.70;life_support_habitat:1.00/0.70;medical_bay:1.00/0.70;security:1.00/0.70","agriculture:0.72/0.53;education_culture:1.00/0.90;engineering_bay:0.06/0.55;life_support_habitat:1.00/0.43;medical_bay:1.00/0.39;security:0.55/0.00"
twin_survey,preservers,fuel,first-choice,50,0,26,23,1,0,0.7339,0.8106,0,2,0.8500,0,0.3222,0.4335,0.5200,0.4804,526.30,96,3450,3051,1972,3367,681,514,20,579,1091,12,12,18788.98,73.40,385.58,"agriculture:1.00/0.70;education_culture:1.00/0.70;engineering_bay:1.00/0.70;life_support_habitat:1.00/0.70;medical_bay:1.00/0.70;security:1.00/0.70","agriculture:0.41/0.16;education_culture:0.00/0.00;engineering_bay:0.00/0.00;life_support_habitat:1.00/0.46;medical_bay:0.45/0.00;security:0.01/0.00"
twin_survey,preservers,fuel,objective-first,50,2,48,0,0,0,0.8468,1.0000,6631,9850,0.8503,0,0.4439,0.4495,0.5026,0.3915,479.98,0,4252,3318,2594,3716,682,553,0,214,0,0,0,44963.80,84.80,440.00,"agriculture:1.00/0.70;education_culture:1.00/0.70;engineering_bay:1.00/0.70;life_support_habitat:1.00/0.70;medical_bay:1.00/0.70;security:1.00/0.70","agriculture:0.00/0.00;education_culture:1.00/0.78;engineering_bay:0.00/0.00;life_support_habitat:1.00/0.48;medical_bay:1.00/0.59;security:0.52/0.00"
twin_survey,preservers,speed,conservative,50,38,12,0,0,0,0.9168,1.0000,3941,10826,0.0000,0,0.5232,0.6610,0.6192,0.5156,358.04,0,3536,3460,2845,0,4070,560,0,2422,2380,0,0,23757.50,91.72,441.46,"agriculture:1.00/0.70;education_culture:1.00/0.70;engineering_bay:1.00/0.70;life_support_habitat:1.00/0.70;medical_bay:1.00/0.70;security:1.00/0.70","agriculture:0.71/0.63;education_culture:1.00/0.92;engineering_bay:0.00/0.00;life_support_habitat:1.00/0.60;medical_bay:1.00/0.42;security:0.16/0.00"
twin_survey,preservers,speed,first-choice,50,5,26,19,0,0,0.7537,0.7920,1681,494,0.0000,0,0.3270,0.4490,0.2455,0.4934,481.64,90,3446,3052,2009,3287,705,497,18,739,1506,13,13,18569.08,75.32,384.06,"agriculture:1.00/0.70;education_culture:1.00/0.70;engineering_bay:1.00/0.70;life_support_habitat:1.00/0.70;medical_bay:1.00/0.70;security:1.00/0.70","agriculture:0.31/0.08;education_culture:0.05/0.00;engineering_bay:0.00/0.00;life_support_habitat:1.00/0.43;medical_bay:0.71/0.30;security:0.36/0.00"
twin_survey,preservers,speed,objective-first,50,3,45,2,0,0,0.8388,1.0000,3941,10826,0.0000,0,0.4446,0.4490,0.5576,0.5156,499.78,0,4290,3424,2643,3718,721,570,0,214,0,0,0,51377.70,83.84,444.38,"agriculture:1.00/0.70;education_culture:1.00/0.70;engineering_bay:1.00/0.70;life_support_habitat:1.00/0.70;medical_bay:1.00/0.70;security:1.00/0.70","agriculture:0.23/0.00;education_culture:1.00/0.95;engineering_bay:0.00/0.00;life_support_habitat:1.00/0.43;medical_bay:1.00/0.32;security:0.11/0.00"
twin_survey,preservers,starter,conservative,50,25,25,0,0,0,0.9050,1.0000,7464,10827,0.0000,0,0.2901,0.5435,0.6756,0.5156,356.26,0,3546,3528,2845,0,3946,565,0,2225,2289,0,0,23631.80,90.54,440.40,"agriculture:1.00/0.70;education_culture:1.00/0.70;engineering_bay:1.00/0.70;life_support_habitat:1.00/0.70;medical_bay:1.00/0.70;security:1.00/0.70","agriculture:0.71/0.53;education_culture:1.00/0.90;engineering_bay:0.23/0.00;life_support_habitat:1.00/0.53;medical_bay:1.00/0.39;security:0.19/0.00"
twin_survey,preservers,starter,first-choice,50,1,30,19,0,0,0.7447,0.8432,0,0,0.0000,0,0.3601,0.4365,0.4945,0.4936,545.28,94,3590,3043,2059,3410,707,487,20,663,1503,12,12,19603.04,74.42,390.46,"agriculture:1.00/0.70;education_culture:1.00/0.70;engineering_bay:1.00/0.70;life_support_habitat:1.00/0.70;medical_bay:1.00/0.70;security:1.00/0.70","agriculture:0.29/0.06;education_culture:0.12/0.00;engineering_bay:0.23/0.00;life_support_habitat:1.00/0.49;medical_bay:0.32/0.00;security:0.42/0.00"
twin_survey,preservers,starter,objective-first,50,1,48,1,0,0,0.8272,1.0000,9646,10826,0.0000,0,0.4446,0.4495,0.5634,0.3612,551.98,0,4410,3400,2594,3741,704,547,0,265,0,0,0,50646.20,82.72,448.06,"agriculture:1.00/0.70;education_culture:1.00/0.70;engineering_bay:1.00/0.70;life_support_habitat:1.00/0.70;medical_bay:1.00/0.70;security:1.00/0.70","agriculture:0.18/0.00;education_culture:1.00/0.73;engineering_bay:0.00/0.15;life_support_habitat:1.00/0.63;medical_bay:1.00/0.62;security:0.25/0.00"
twin_survey,wanderers,cargo,conservative,50,15,35,0,0,0,0.8840,1.0000,3396,11176,0.0000,0,0.4851,0.5520,0.6356,0.5340,428.68,0,3574,3656,2947,0,3889,554,0,2279,1728,0,0,23513.40,88.42,445.08,"agriculture:1.00/0.70;education_culture:1.00/0.70;engineering_bay:1.00/0.70;life_support_habitat:1.00/0.70;medical_bay:1.00/0.70;security:1.00/0.70","agriculture:0.58/0.13;education_culture:1.00/1.00;engineering_bay:0.00/0.00;life_support_habitat:1.00/0.56;medical_bay:1.00/0.35;security:0.24/0.00"
twin_survey,wanderers,cargo,first-choice,50,1,23,24,2,1,0.7133,0.7918,299,345,0.0000,0,0.4057,0.4280,0.3612,0.4156,574.98,94,3526,3027,1980,3312,670,472,19,678,1163,10,10,18181.46,71.40,381.58,"agriculture:1.00/0.70;education_culture:1.00/0.70;engineering_bay:1.00/0.70;life_support_habitat:1.00/0.70;medical_bay:1.00/0.70;security:1.00/0.70","agriculture:0.50/0.34;education_culture:0.49/0.28;engineering_bay:0.42/0.08;life_support_habitat:1.00/0.62;medical_bay:0.70/0.00;security:0.36/0.00"
twin_survey,wanderers,cargo,objective-first,50,3,46,1,0,0,0.8309,1.0000,3396,11016,0.0000,14,0.4446,0.4490,0.5798,0.3420,523.64,0,4308,3438,2802,3663,680,576,0,253,0,0,0,43622.40,83.06,446.38,"agriculture:1.00/0.70;education_culture:1.00/0.70;engineering_bay:1.00/0.70;life_support_habitat:1.00/0.70;medical_bay:1.00/0.70;security:1.00/0.70","agriculture:0.00/0.00;education_culture:1.00/0.93;engineering_bay:0.24/0.00;life_support_habitat:1.00/0.42;medical_bay:1.00/0.23;security:0.64/0.00"
twin_survey,wanderers,combat,conservative,50,20,30,0,0,0,0.8897,1.0000,2396,11441,0.0000,0,0.5240,0.6365,0.6160,0.5340,409.94,0,3579,3637,2892,0,3970,563,0,2318,1676,0,0,23541.60,88.96,444.16,"agriculture:1.00/0.70;education_culture:1.00/0.70;engineering_bay:1.00/0.70;life_support_habitat:1.00/0.70;medical_bay:1.00/0.70;security:1.00/0.70","agriculture:0.74/0.65;education_culture:1.00/1.00;engineering_bay:0.68/0.40;life_support_habitat:1.00/0.48;medical_bay:1.00/0.33;security:0.35/0.00"
twin_survey,wanderers,combat,first-choice,50,2,23,23,2,1,0.7190,0.8060,70,7,0.0000,0,0.0000,0.3340,0.0000,0.4156,598.94,95,3604,3112,2041,3350,669,483,22,793,1251,14,14,18538.80,71.92,387.00,"agriculture:1.00/0.70;education_culture:1.00/0.70;engineering_bay:1.00/0.70;life_support_habitat:1.00/0.70;medical_bay:1.00/0.70;security:1.00/0.70","agriculture:0.50/0.35;education_culture:0.48/0.59;engineering_bay:0.41/0.08;life_support_habitat:1.00/0.62;medical_bay:0.70/0.30;security:0.36/0.00"
twin_survey,wanderers,combat,objective-first,50,4,46,0,0,0,0.8345,1.0000,2396,11016,0.0000,14,0.4446,0.4495,0.5798,0.5231,507.86,0,4326,3436,2792,3688,676,578,0,261,0,0,0,42796.60,83.42,447.80,"agriculture:1.00/0.70;education_culture:1.00/0.70;engineering_bay:1.00/0.70;life_support_habitat:1.00/0.70;medical_bay:1.00/0.70;security:1.00/0.70","agriculture:0.00/0.00;education_culture:1.00/0.93;engineering_bay:0.24/0.00;life_support_habitat:1.00/0.42;medical_bay:1.00/0.23;security:0.64/0.00"
twin_survey,wanderers,fuel,conservative,50,22,28,0,0,0,0.8932,1.0000,6631,11395,0.8578,0,0.6210,0.6820,0.6356,0.5340,388.64,0,3511,3607,2869,0,3881,565,0,2292,1878,0,0,23435.80,89.34,440.00,"agriculture:1.00/0.70;education_culture:1.00/0.70;engineering_bay:1.00/0.70;life_support_habitat:1.00/0.70;medical_bay:1.00/0.70;security:1.00/0.70","agriculture:0.70/0.43;education_culture:1.00/0.90;engineering_bay:0.72/0.35;life_support_habitat:1.00/0.40;medical_bay:1.00/0.29;security:0.31/0.00"
twin_survey,wanderers,fuel,first-choice,50,2,25,22,1,0,0.7477,0.8590,65,15,0.8250,0,0.2874,0.4035,0.5700,0.4156,557.66,95,3689,3220,2062,3349,713,495,17,719,1333,23,23,19327.94,74.74,397.10,"agriculture:1.00/0.70;education_culture:1.00/0.70;engineering_bay:1.00/0.70;life_support_habitat:1.00/0.70;medical_bay:1.00/0.70;security:1.00/0.70","agriculture:0.44/0.18;education_culture:0.22/0.00;engineering_bay:0.45/0.01;life_support_habitat:1.00/0.48;medical_bay:0.33/0.00;security:0.00/0.00"
twin_survey,wanderers,fuel,objective-first,50,1,49,0,0,0,0.8337,1.0000,6631,11125,0.8543,43,0.4469,0.4495,0.5878,0.4180,516.92,0,4292,3366,2659,3699,631,564,0,188,0,0,0,44109.40,83.34,440.00,"agriculture:1.00/0.70;education_culture:1.00/0.70;engineering_bay:1.00/0.70;life_support_habitat:1.00/0.70;medical_bay:1.00/0.70;security:1.00/0.70","agriculture:0.07/0.00;education_culture:1.00/0.92;engineering_bay:0.00/0.10;life_support_habitat:1.00/0.68;medical_bay:1.00/0.59;security:0.12/0.00"
twin_survey,wanderers,speed,conservative,50,34,16,0,0,0,0.9086,1.0000,3941,11153,0.0000,0,0.6686,0.6695,0.6356,0.5340,393.78,0,3511,3577,2770,0,3912,552,0,2412,2352,0,0,23530.40,90.84,440.72,"agriculture:1.00/0.70;education_culture:1.00/0.70;engineering_bay:1.00/0.70;life_support_habitat:1.00/0.70;medical_bay:1.00/0.70;security:1.00/0.70","agriculture:0.71/0.43;education_culture:1.00/0.92;engineering_bay:0.96/0.20;life_support_habitat:1.00/0.38;medical_bay:1.00/0.29;security:0.45/0.00"
twin_survey,wanderers,speed,first-choice,50,1,34,14,1,1,0.7610,0.8777,434,655,0.0000,0,0.4083,0.4360,0.0000,0.4156,524.52,94,3747,3267,2038,3502,726,509,17,925,1742,7,7,20516.06,76.14,403.86,"agriculture:1.00/0.70;education_culture:1.00/0.70;engineering_bay:1.00/0.70;life_support_habitat:1.00/0.70;medical_bay:1.00/0.70;security:1.00/0.70","agriculture:0.47/0.36;education_culture:0.47/0.25;engineering_bay:0.00/0.35;life_support_habitat:1.00/0.46;medical_bay:0.47/0.45;security:0.35/0.00"
twin_survey,wanderers,speed,objective-first,50,1,47,2,0,0,0.8312,1.0000,3941,11126,0.0000,3,0.4442,0.4490,0.4800,0.4840,528.88,0,4346,3488,2778,3655,648,587,0,239,0,0,0,50450.20,83.14,446.64,"agriculture:1.00/0.70;education_culture:1.00/0.70;engineering_bay:1.00/0.70;life_support_habitat:1.00/0.70;medical_bay:1.00/0.70;security:1.00/0.70","agriculture:0.02/0.00;education_culture:1.00/0.91;engineering_bay:0.12/0.00;life_support_habitat:1.00/0.35;medical_bay:1.00/0.25;security:0.00/0.00"
twin_survey,wanderers,starter,conservative,50,22,28,0,0,0,0.8949,1.0000,5574,9838,0.0000,0,0.6005,0.6290,0.6356,0.5343,398.74,0,3490,3615,2876,0,3931,567,0,2328,2271,0,0,23497.40,89.54,440.18,"agriculture:1.00/0.70;education_culture:1.00/0.70;engineering_bay:1.00/0.70;life_support_habitat:1.00/0.70;medical_bay:1.00/0.70;security:1.00/0.70","agriculture:0.68/0.30;education_culture:1.00/0.92;engineering_bay:0.00/0.00;life_support_habitat:1.00/0.38;medical_bay:1.00/0.32;security:0.31/0.00"
twin_survey,wanderers,starter,first-choice,50,2,33,13,2,0,0.7745,0.9044,884,0,0.0000,0,0.3118,0.4485,0.4704,0.4156,520.04,99,3894,3283,2064,3512,723,510,14,818,1800,9,9,20889.54,77.38,410.92,"agriculture:1.00/0.70;education_culture:1.00/0.70;engineering_bay:1.00/0.70;life_support_habitat:1.00/0.70;medical_bay:1.00/0.70;security:1.00/0.70","agriculture:0.22/0.06;education_culture:0.16/0.04;engineering_bay:0.00/0.00;life_support_habitat:1.00/0.52;medical_bay:0.17/0.00;security:0.00/0.00"
twin_survey,wanderers,starter,objective-first,50,0,47,3,0,0,0.8300,1.0000,9646,11016,0.0000,4,0.4439,0.4490,0.6184,0.4381,527.90,0,4353,3450,2783,3665,653,555,0,250,0,0,0,49823.00,83.00,446.28,"agriculture:1.00/0.70;education_culture:1.00/0.70;engineering_bay:1.00/0.70;life_support_habitat:1.00/0.70;medical_bay:1.00/0.70;security:1.00/0.70","agriculture:0.20/0.00;education_culture:1.00/0.53;engineering_bay:0.00/0.05;life_support_habitat:1.00/0.35;medical_bay:1.00/0.20;security:0.28/0.00"
veiled_expanse_survey,adaptors,cargo,conservative,50,47,3,0,0,0,0.9388,1.0000,3450,9572,0.0280,12,0.6969,0.6990,0.6322,0.4739,270.46,0,2783,2883,2310,0,3355,465,0,1673,1254,0,0,21137.36,93.86,360.00,"agriculture:1.00/0.70;education_culture:1.00/0.70;engineering_bay:1.00/0.70;life_support_habitat:1.00/0.70;medical_bay:1.00/0.70;security:1.00/0.70","agriculture:0.73/0.48;education_culture:1.00/0.88;engineering_bay:0.21/0.20;life_support_habitat:1.00/0.52;medical_bay:0.96/0.34;security:0.39/0.00"
veiled_expanse_survey,adaptors,cargo,first-choice,50,6,34,10,0,0,0.8033,0.9072,1852,441,0.0000,0,0.4471,0.4490,0.5081,0.5032,506.64,89,3119,2879,1794,3037,652,421,11,450,815,4,4,18812.88,80.32,347.92,"agriculture:1.00/0.70;education_culture:1.00/0.70;engineering_bay:1.00/0.70;life_support_habitat:1.00/0.70;medical_bay:1.00/0.70;security:1.00/0.70","agriculture:0.51/0.46;education_culture:0.52/0.04;engineering_bay:0.00/0.00;life_support_habitat:1.00/0.42;medical_bay:0.32/0.00;security:0.56/0.00"
veiled_expanse_survey,adaptors,cargo,objective-first,50,24,26,0,0,0,0.8976,1.0000,3450,9572,0.0280,72,0.4469,0.4495,0.6250,0.5719,358.36,0,3295,2710,2129,3144,582,458,0,129,0,0,0,35912.14,89.78,360.00,"agriculture:1.00/0.70;education_culture:1.00/0.70;engineering_bay:1.00/0.70;life_support_habitat:1.00/0.70;medical_bay:1.00/0.70;security:1.00/0.70","agriculture:0.22/0.15;education_culture:1.00/0.90;engineering_bay:0.00/0.00;life_support_habitat:1.00/0.48;medical_bay:1.00/0.34;security:0.26/0.00"
veiled_expanse_survey,adaptors,combat,conservative,50,46,4,0,0,0,0.9382,1.0000,2450,9572,0.0280,11,0.6969,0.6990,0.6364,0.4727,270.06,0,2780,2918,2302,0,3387,476,0,1629,1171,0,0,20995.10,93.92,360.00,"agriculture:1.00/0.70;education_culture:1.00/0.70;engineering_bay:1.00/0.70;life_support_habitat:1.00/0.70;medical_bay:1.00/0.70;security:1.00/0.70","agriculture:0.71/0.40;education_culture:1.00/0.90;engineering_bay:0.71/0.55;life_support_habitat:1.00/0.38;medical_bay:1.00/0.34;security:0.39/0.00"
veiled_expanse_survey,adaptors,combat,first-choice,50,5,31,13,1,0,0.7913,0.8861,1108,630,0.0000,0,0.4469,0.4490,0.5081,0.4688,537.94,90,3145,2803,1778,3016,616,422,13,490,725,3,3,18499.88,79.22,345.12,"agriculture:1.00/0.70;education_culture:1.00/0.70;engineering_bay:1.00/0.70;life_support_habitat:1.00/0.70;medical_bay:1.00/0.70;security:1.00/0.70","agriculture:0.45/0.47;education_culture:0.55/0.16;engineering_bay:0.27/0.00;life_support_habitat:1.00/0.49;medical_bay:0.49/0.30;security:0.27/0.00"
veiled_expanse_survey,adaptors,combat,objective-first,50,24,26,0,0,0,0.8976,1.0000,2450,9572,0.0280,72,0.4469,0.4495,0.6250,0.5719,358.36,0,3295,2710,2129,3144,582,458,0,129,0,0,0,34900.14,89.78,360.00,"agriculture:1.00/0.70;education_culture:1.00/0.70;engineering_bay:1.00/0.70;life_support_habitat:1.00/0.70;medical_bay:1.00/0.70;security:1.00/0.70","agriculture:0.22/0.15;education_culture:1.00/0.90;engineering_bay:0.00/0.00;life_support_habitat:1.00/0.48;medical_bay:1.00/0.34;security:0.26/0.00"
veiled_expanse_survey,adaptors,fuel,conservative,50,43,7,0,0,0,0.9309,1.0000,6700,10501,0.8554,40,0.6970,0.6990,0.6140,0.5143,295.94,0,2789,2863,2304,0,3387,438,0,1592,1422,0,0,21063.62,93.08,360.00,"agriculture:1.00/0.70;education_culture:1.00/0.70;engineering_bay:1.00/0.70;life_support_habitat:1.00/0.70;medical_bay:1.00/0.70;security:1.00/0.70","agriculture:0.70/0.58;education_culture:1.00/0.90;engineering_bay:0.68/0.38;life_support_habitat:1.00/0.48;medical_bay:1.00/0.34;security:0.15/0.00"
veiled_expanse_survey,adaptors,fuel,first-choice,50,5,36,9,0,0,0.8060,0.9411,65,0,0.8500,51,0.4469,0.4490,0.2533,0.5032,520.58,94,3129,2921,1789,3157,620,455,11,453,925,22,22,18847.26,80.58,351.18,"agriculture:1.00/0.70;education_culture:1.00/0.70;engineering_bay:1.00/0.70;life_support_habitat:1.00/0.70;medical_bay:1.00/0.70;security:1.00/0.70","agriculture:0.47/0.56;education_culture:0.70/0.13;engineering_bay:0.48/0.00;life_support_habitat:1.00/0.43;medical_bay:0.32/0.00;security:0.00/0.00"
veiled_expanse_survey,adaptors,fuel,objective-first,50,25,25,0,0,0,0.8964,1.0000,6700,8291,0.8553,101,0.4469,0.4495,0.6048,0.5400,368.12,0,3350,2760,2155,3135,592,453,0,116,0,0,0,37418.10,89.64,360.00,"agriculture:1.00/0.70;education_culture:1.00/0.70;engineering_bay:1.00/0.70;life_support_habitat:1.00/0.70;medical_bay:1.00/0.70;security:1.00/0.70","agriculture:0.22/0.15;education_culture:1.00/0.90;engineering_bay:0.00/0.00;life_support_habitat:1.00/0.48;medical_bay:1.00/0.34;security:0.26/0.00"
veiled_expanse_survey,adaptors,speed,conservative,50,50,0,0,0,0,0.9590,1.0000,3950,9572,0.0304,7,0.6970,0.6990,0.5272,0.4916,244.80,0,2779,2854,2310,0,3446,458,0,1894,1854,0,0,21139.84,95.94,360.00,"agriculture:1.00/0.70;education_culture:1.00/0.70;engineering_bay:1.00/0.70;life_support_habitat:1.00/0.70;medical_bay:1.00/0.70;security:1.00/0.70","agriculture:0.71/0.58;education_culture:1.00/0.95;engineering_bay:0.67/0.38;life_support_habitat:1.00/0.45;medical_bay:0.96/0.34;security:0.46/0.00"
veiled_expanse_survey,adaptors,speed,first-choice,50,5,38,7,0,0,0.8032,0.9256,2054,526,0.0000,57,0.4469,0.4490,0.5081,0.5032,563.58,96,3177,2888,1737,3065,643,428,10,565,1276,9,9,19158.80,80.34,349.28,"agriculture:1.00/0.70;education_culture:1.00/0.70;engineering_bay:1.00/0.70;life_support_habitat:1.00/0.70;medical_bay:1.00/0.70;security:1.00/0.70","agriculture:0.49/0.41;education_culture:0.79/0.46;engineering_bay:0.52/0.48;life_support_habitat:1.00/0.52;medical_bay:0.26/0.00;security:0.53/0.00"
veiled_expanse_survey,adaptors,speed,objective-first,50,26,24,0,0,0,0.8962,1.0000,3950,8772,0.0280,88,0.4469,0.4495,0.5636,0.4492,365.94,0,3282,2799,2126,3115,590,477,0,121,0,0,0,41139.14,89.64,360.00,"agriculture:1.00/0.70;education_culture:1.00/0.70;engineering_bay:1.00/0.70;life_support_habitat:1.00/0.70;medical_bay:1.00/0.70;security:1.00/0.70","agriculture:0.00/0.00;education_culture:1.00/0.80;engineering_bay:0.19/0.40;life_support_habitat:1.00/0.43;medical_bay:1.00/0.34;security:0.36/0.00"
veiled_expanse_survey,adaptors,starter,conservative,50,43,7,0,0,0,0.9346,1.0000,7926,10588,0.3161,32,0.6970,0.6990,0.6364,0.5731,290.22,0,2745,2942,2319,0,3365,448,0,1629,1756,0,0,21021.86,93.48,360.00,"agriculture:1.00/0.70;education_culture:1.00/0.70;engineering_bay:1.00/0.70;life_support_habitat:1.00/0.70;medical_bay:1.00/0.70;security:1.00/0.70","agriculture:0.71/0.58;education_culture:1.00/0.89;engineering_bay:0.71/0.28;life_support_habitat:1.00/0.58;medical_bay:1.00/0.37;security:0.39/0.00"
veiled_expanse_survey,adaptors,starter,first-choice,50,5,36,9,0,0,0.7862,0.8911,70,0,0.0000,29,0.4469,0.4495,0.1387,0.3357,555.60,90,3092,2875,1734,3074,639,445,8,490,1339,6,6,18534.86,78.62,348.04,"agriculture:1.00/0.70;education_culture:1.00/0.70;engineering_bay:1.00/0.70;life_support_habitat:1.00/0.70;medical_bay:1.00/0.70;security:1.00/0.70","agriculture:0.48/0.37;education_culture:0.87/0.33;engineering_bay:0.29/0.00;life_support_habitat:1.00/0.62;medical_bay:0.61/0.00;security:0.26/0.00"
veiled_expanse_survey,adaptors,starter,objective-first,50,25,25,0,0,0,0.8995,1.0000,9700,9572,0.0280,82,0.4469,0.4495,0.6250,0.5072,343.12,0,3269,2724,2151,3147,573,453,0,132,0,0,0,41941.74,90.00,360.00,"agriculture:1.00/0.70;education_culture:1.00/0.70;engineering_bay:1.00/0.70;life_support_habitat:1.00/0.70;medical_bay:1.00/0.70;security:1.00/0.70","agriculture:0.22/0.15;education_culture:1.00/0.90;engineering_bay:0.00/0.00;life_support_habitat:1.00/0.48;medical_bay:1.00/0.34;security:0.26/0.00"
veiled_expanse_survey,preservers,cargo,conservative,50,47,3,0,0,0,0.9336,1.0000,3450,10386,0.0000,20,0.6950,0.6990,0.6169,0.5320,295.24,0,2751,2899,2275,0,3329,452,0,1606,1303,0,0,21117.74,93.42,360.18,"agriculture:1.00/0.70;education_culture:1.00/0.70;engineering_bay:1.00/0.70;life_support_habitat:1.00/0.70;medical_bay:1.00/0.70;security:1.00/0.70","agriculture:0.72/0.58;education_culture:1.00/0.95;engineering_bay:0.11/0.00;life_support_habitat:1.00/0.44;medical_bay:1.00/0.39;security:0.57/0.00"
veiled_expanse_survey,preservers,cargo,first-choice,50,6,37,6,1,0,0.8056,0.9352,2228,631,0.0061,34,0.4469,0.4500,0.4904,0.4454,533.22,92,3160,2942,1790,3110,609,444,10,515,828,7,7,19319.14,80.58,350.94,"agriculture:1.00/0.70;education_culture:1.00/0.70;engineering_bay:1.00/0.70;life_support_habitat:1.00/0.70;medical_bay:1.00/0.70;security:1.00/0.70","agriculture:0.46/0.54;education_culture:0.88/0.46;engineering_bay:0.00/0.09;life_support_habitat:1.00/0.54;medical_bay:0.65/0.00;security:0.63/0.00"
veiled_expanse_survey,preservers,cargo,objective-first,50,22,28,0,0,0,0.8928,1.0000,3450,10386,0.0000,99,0.4469,0.4495,0.6096,0.5069,379.16,0,3230,2779,2176,3113,586,468,0,121,0,0,0,35853.06,89.26,360.02,"agriculture:1.00/0.70;education_culture:1.00/0.70;engineering_bay:1.00/0.70;life_support_habitat:1.00/0.70;medical_bay:1.00/0.70;security:1.00/0.70","agriculture:0.18/0.00;education_culture:1.00/0.88;engineering_bay:0.00/0.00;life_support_habitat:1.00/0.44;medical_bay:0.97/0.39;security:0.52/0.00"
veiled_expanse_survey,preservers,combat,conservative,50,44,6,0,0,0,0.9321,1.0000,2450,10386,0.0000,0,0.6950,0.6990,0.6169,0.5320,302.52,0,2737,2870,2352,0,3338,454,0,1597,1204,0,0,21231.16,93.20,360.20,"agriculture:1.00/0.70;education_culture:1.00/0.70;engineering_bay:1.00/0.70;life_support_habitat:1.00/0.70;medical_bay:1.00/0.70;security:1.00/0.70","agriculture:0.73/0.55;education_culture:1.00/0.90;engineering_bay:0.09/0.05;life_support_habitat:1.00/0.54;medical_bay:1.00/0.39;security:0.27/0.00"
veiled_expanse_survey,preservers,combat,first-choice,50,7,36,6,1,0,0.8054,0.9296,735,540,0.0061,45,0.4469,0.4565,0.4402,0.4454,514.82,91,3134,2963,1758,3150,626,445,10,465,719,9,9,19178.62,80.56,350.68,"agriculture:1.00/0.70;education_culture:1.00/0.70;engineering_bay:1.00/0.70;life_support_habitat:1.00/0.70;medical_bay:1.00/0.70;security:1.00/0.70","agriculture:0.45/0.54;education_culture:0.88/0.46;engineering_bay:0.00/0.00;life_support_habitat:1.00/0.54;medical_bay:0.65/0.00;security:0.63/0.00"
veiled_expanse_survey,preservers,combat,objective-first,50,22,28,0,0,0,0.8936,1.0000,2450,10386,0.0000,99,0.4469,0.4495,0.6096,0.5069,377.44,0,3235,2781,2175,3112,586,469,0,121,0,0,0,34835.84,89.38,360.02,"agriculture:1.00/0.70;education_culture:1.00/0.70;engineering_bay:1.00/0.70;life_support_habitat:1.00/0.70;medical_bay:1.00/0.70;security:1.00/0.70","agriculture:0.18/0.00;education_culture:1.00/0.88;engineering_bay:0.00/0.00;life_support_habitat:1.00/0.44;medical_bay:0.97/0.39;security:0.52/0.00"
veiled_expanse_survey,preservers,fuel,conservative,50,48,2,0,0,0,0.9347,1.0000,6700,10072,0.8528,21,0.6969,0.6990,0.5832,0.5320,302.08,0,2737,2912,2271,0,3337,456,0,1622,1437,0,0,20976.62,93.42,360.00,"agriculture:1.00/0.70;education_culture:1.00/0.70;engineering_bay:1.00/0.70;life_support_habitat:1.00/0.70;medical_bay:1.00/0.70;security:1.00/0.70","agriculture:0.70/0.58;education_culture:1.00/0.85;engineering_bay:0.00/0.10;life_support_habitat:1.00/0.59;medical_bay:1.00/0.39;security:0.00/0.00"
veiled_expanse_survey,preservers,fuel,first-choice,50,3,40,7,0,0,0.8025,0.9534,216,573,0.8250,41,0.4469,0.4490,0.5526,0.4454,549.30,97,3180,2900,1748,3133,603,434,7,496,981,10,10,19707.42,80.26,353.94,"agriculture:1.00/0.70;education_culture:1.00/0.70;engineering_bay:1.00/0.70;life_support_habitat:1.00/0.70;medical_bay:1.00/0.70;security:1.00/0.70","agriculture:0.49/0.62;education_culture:0.89/0.51;engineering_bay:0.00/0.00;life_support_habitat:1.00/0.54;medical_bay:0.65/0.00;security:0.33/0.00"
veiled_expanse_survey,preservers,fuel,objective-first,50,20,30,0,0,0,0.8905,1.0000,6700,10386,0.8528,99,0.4469,0.4495,0.5718,0.4965,378.88,0,3307,2780,2124,3132,572,475,0,121,0,0,0,37505.74,89.04,360.00,"agriculture:1.00/0.70;education_culture:1.00/0.70;engineering_bay:1.00/0.70;life_support_habitat:1.00/0.70;medical_bay:1.00/0.70;security:1.00/0.70","agriculture:0.18/0.00;education_culture:1.00/0.88;engineering_bay:0.00/0.00;life_support_habitat:1.00/0.44;medical_bay:0.97/0.39;security:0.52/0.00"
veiled_expanse_survey,preservers,speed,conservative,50,48,2,0,0,0,0.9495,1.0000,3950,10386,0.0000,7,0.6950,0.6990,0.6169,0.5320,284.98,0,2838,2926,2317,0,3338,466,0,1805,1804,0,0,21002.68,94.90,360.18,"agriculture:1.00/0.70;education_culture:1.00/0.70;engineering_bay:1.00/0.70;life_support_habitat:1.00/0.70;medical_bay:1.00/0.70;security:1.00/0.70","agriculture:0.70/0.58;education_culture:1.00/0.87;engineering_bay:0.52/0.05;life_support_habitat:1.00/0.49;medical_bay:1.00/0.42;security:0.29/0.00"
veiled_expanse_survey,preservers,speed,first-choice,50,7,37,6,0,0,0.8181,0.9425,758,0,0.0000,31,0.4470,0.4490,0.4449,0.4404,526.56,93,3102,2904,1765,3229,642,443,11,571,1305,7,7,19614.62,81.80,351.92,"agriculture:1.00/0.70;education_culture:1.00/0.70;engineering_bay:1.00/0.70;life_support_habitat:1.00/0.70;medical_bay:1.00/0.70;security:1.00/0.70","agriculture:0.47/0.53;education_culture:1.00/0.93;engineering_bay:0.48/0.40;life_support_habitat:1.00/0.50;medical_bay:0.67/0.00;security:0.37/0.00"
veiled_expanse_survey,preservers,speed,objective-first,50,22,28,0,0,0,0.8913,1.0000,3950,10386,0.0000,99,0.4469,0.4495,0.5026,0.5320,374.86,0,3322,2788,2164,3097,591,468,0,121,0,0,0,41828.38,89.14,360.02,"agriculture:1.00/0.70;education_culture:1.00/0.70;engineering_bay:1.00/0.70;life_support_habitat:1.00/0.70;medical_bay:1.00/0.70;security:1.00/0.70","agriculture:0.18/0.00;education_culture:1.00/0.84;engineering_bay:0.00/0.00;life_support_habitat:1.00/0.44;medical_bay:0.97/0.39;security:0.52/0.00"
veiled_expanse_survey,preservers,starter,conservative,50,49,1,0,0,0,0.9402,1.0000,7778,8665,0.4331,35,0.6971,0.6990,0.6169,0.5320,259.08,0,2788,2939,2299,0,3340,451,0,1642,1857,0,0,21172.02,94.02,360.00,"agriculture:1.00/0.70;education_culture:1.00/0.70;engineering_bay:1.00/0.70;life_support_habitat:1.00/0.70;medical_bay:1.00/0.70;security:1.00/0.70","agriculture:0.70/0.48;education_culture:1.00/0.94;engineering_bay:0.42/0.35;life_support_habitat:1.00/0.54;medical_bay:1.00/0.36;security:0.42/0.00"
veiled_expanse_survey,preservers,starter,first-choice,50,6,37,6,1,0,0.8035,0.9037,5389,548,0.0000,41,0.4470,0.4585,0.5357,0.4454,496.42,92,3007,2914,1741,3089,646,456,15,535,1432,2,2,18757.84,80.38,346.80,"agriculture:1.00/0.70;education_culture:1.00/0.70;engineering_bay:1.00/0.70;life_support_habitat:1.00/0.70;medical_bay:1.00/0.70;security:1.00/0.70","agriculture:0.47/0.28;education_culture:1.00/0.84;engineering_bay:0.04/0.00;life_support_habitat:1.00/0.54;medical_bay:1.00/0.40;security:0.44/0.00"
veiled_expanse_survey,preservers,starter,objective-first,50,26,24,0,0,0,0.8939,1.0000,9700,10386,0.0000,117,0.4469,0.4495,0.6096,0.4729,370.22,0,3238,2820,2169,3129,575,469,0,122,0,0,0,41739.46,89.34,360.02,"agriculture:1.00/0.70;education_culture:1.00/0.70;engineering_bay:1.00/0.70;life_support_habitat:1.00/0.70;medical_bay:1.00/0.70;security:1.00/0.70","agriculture:0.18/0.00;education_culture:1.00/0.88;engineering_bay:0.00/0.00;life_support_habitat:1.00/0.44;medical_bay:0.97/0.39;security:0.52/0.00"
veiled_expanse_survey,wanderers,cargo,conservative,50,44,6,0,0,0,0.9272,1.0000,3528,11164,0.0000,16,0.6955,0.6990,0.6145,0.5081,317.54,0,2766,2967,2351,0,3311,431,0,1626,1251,0,0,20957.76,92.72,360.02,"agriculture:1.00/0.70;education_culture:1.00/0.70;engineering_bay:1.00/0.70;life_support_habitat:1.00/0.70;medical_bay:1.00/0.70;security:1.00/0.70","agriculture:0.74/0.50;education_culture:1.00/0.90;engineering_bay:0.05/0.00;life_support_habitat:1.00/0.38;medical_bay:1.00/0.39;security:0.61/0.00"
veiled_expanse_survey,wanderers,cargo,first-choice,50,6,37,7,0,0,0.8180,0.9687,265,0,0.0989,35,0.4469,0.4495,0.4554,0.4981,554.22,95,3211,2951,1802,3138,651,457,6,528,1006,3,3,20186.68,81.84,355.60,"agriculture:1.00/0.70;education_culture:1.00/0.70;engineering_bay:1.00/0.70;life_support_habitat:1.00/0.70;medical_bay:1.00/0.70;security:1.00/0.70","agriculture:0.09/0.24;education_culture:0.54/0.56;engineering_bay:0.00/0.08;life_support_habitat:1.00/0.41;medical_bay:0.34/0.00;security:0.35/0.00"
veiled_expanse_survey,wanderers,cargo,objective-first,50,18,32,0,0,0,0.8859,1.0000,3528,10663,0.0056,120,0.4469,0.4490,0.6145,0.5051,410.12,0,3284,2881,2181,3069,576,440,0,146,0,0,0,35456.06,88.70,360.02,"agriculture:1.00/0.70;education_culture:1.00/0.70;engineering_bay:1.00/0.70;life_support_habitat:1.00/0.70;medical_bay:1.00/0.70;security:1.00/0.70","agriculture:0.06/0.00;education_culture:1.00/0.90;engineering_bay:0.00/0.10;life_support_habitat:1.00/0.43;medical_bay:0.96/0.36;security:0.27/0.00"
veiled_expanse_survey,wanderers,combat,conservative,50,45,5,0,0,0,0.9274,1.0000,2528,11428,0.0000,28,0.6954,0.6990,0.6145,0.5662,313.32,0,2739,2927,2367,0,3350,420,0,1660,1196,0,0,21076.52,92.70,360.02,"agriculture:1.00/0.70;education_culture:1.00/0.70;engineering_bay:1.00/0.70;life_support_habitat:1.00/0.70;medical_bay:1.00/0.70;security:1.00/0.70","agriculture:0.73/0.55;education_culture:1.00/0.90;engineering_bay:0.05/0.00;life_support_habitat:1.00/0.38;medical_bay:1.00/0.39;security:0.61/0.00"
veiled_expanse_survey,wanderers,combat,first-choice,50,5,36,9,0,0,0.8109,0.9733,297,26,0.0989,49,0.4469,0.4490,0.4554,0.4981,596.42,95,3208,2976,1771,3109,669,463,6,558,1081,3,3,20122.26,81.10,355.40,"agriculture:1.00/0.70;education_culture:1.00/0.70;engineering_bay:1.00/0.70;life_support_habitat:1.00/0.70;medical_bay:1.00/0.70;security:1.00/0.70","agriculture:0.49/0.39;education_culture:0.58/0.00;engineering_bay:0.00/0.00;life_support_habitat:1.00/0.59;medical_bay:0.36/0.00;security:0.00/0.00"
veiled_expanse_survey,wanderers,combat,objective-first,50,18,32,0,0,0,0.8862,1.0000,2528,10663,0.0056,120,0.4469,0.4490,0.6145,0.5051,408.80,0,3306,2874,2179,3058,578,437,0,148,0,0,0,34712.24,88.68,360.02,"agriculture:1.00/0.70;education_culture:1.00/0.70;engineering_bay:1.00/0.70;life_support_habitat:1.00/0.70;medical_bay:1.00/0.70;security:1.00/0.70","agriculture:0.06/0.00;education_culture:1.00/0.90;engineering_bay:0.00/0.10;life_support_habitat:1.00/0.43;medical_bay:0.96/0.36;security:0.27/0.00"
veiled_expanse_survey,wanderers,fuel,conservative,50,36,14,0,0,0,0.9214,1.0000,5302,10214,0.8550,0,0.6969,0.6960,0.6145,0.5003,333.60,0,2751,3061,2307,0,3336,454,0,1577,1297,0,0,20766.68,92.16,360.00,"agriculture:1.00/0.70;education_culture:1.00/0.70;engineering_bay:1.00/0.70;life_support_habitat:1.00/0.70;medical_bay:1.00/0.70;security:1.00/0.70","agriculture:0.71/0.38;education_culture:1.00/0.90;engineering_bay:0.14/0.00;life_support_habitat:1.00/0.50;medical_bay:1.00/0.36;security:0.40/0.00"
veiled_expanse_survey,wanderers,fuel,first-choice,50,4,31,15,0,0,0.7960,0.9018,170,0,0.8496,72,0.4470,0.4495,0.4755,0.4981,559.16,88,3068,2869,1751,2986,609,446,14,541,1202,4,4,18256.72,79.60,346.86,"agriculture:1.00/0.70;education_culture:1.00/0.70;engineering_bay:1.00/0.70;life_support_habitat:1.00/0.70;medical_bay:1.00/0.70;security:1.00/0.70","agriculture:0.47/0.55;education_culture:0.64/0.25;engineering_bay:0.48/0.03;life_support_habitat:1.00/0.52;medical_bay:0.44/0.09;security:0.13/0.00"
veiled_expanse_survey,wanderers,fuel,objective-first,50,12,38,0,0,0,0.8790,1.0000,6768,10663,0.8549,117,0.4469,0.4495,0.6145,0.5397,438.34,0,3313,2883,2156,3078,529,435,0,141,0,0,0,36965.16,87.92,360.00,"agriculture:1.00/0.70;education_culture:1.00/0.70;engineering_bay:1.00/0.70;life_support_habitat:1.00/0.70;medical_bay:1.00/0.70;security:1.00/0.70","agriculture:0.06/0.00;education_culture:1.00/0.89;engineering_bay:0.00/0.10;life_support_habitat:1.00/0.43;medical_bay:0.96/0.36;security:0.27/0.00"
veiled_expanse_survey,wanderers,speed,conservative,50,45,5,0,0,0,0.9384,1.0000,4058,11312,0.2292,0,0.6563,0.6990,0.5538,0.5662,333.00,0,2850,2963,2282,0,3290,441,0,1796,1715,0,0,21008.78,93.94,360.00,"agriculture:1.00/0.70;education_culture:1.00/0.70;engineering_bay:1.00/0.70;life_support_habitat:1.00/0.70;medical_bay:1.00/0.70;security:1.00/0.70","agriculture:0.74/0.58;education_culture:1.00/0.93;engineering_bay:0.74/0.45;life_support_habitat:1.00/0.54;medical_bay:1.00/0.36;security:0.22/0.00"
veiled_expanse_survey,wanderers,speed,first-choice,50,7,37,6,0,0,0.8248,0.9413,85,335,0.0585,12,0.4469,0.4495,0.4554,0.4981,545.42,92,3095,2881,1762,3186,619,457,12,661,1530,6,6,19618.44,82.50,350.98,"agriculture:1.00/0.70;education_culture:1.00/0.70;engineering_bay:1.00/0.70;life_support_habitat:1.00/0.70;medical_bay:1.00/0.70;security:1.00/0.70","agriculture:0.50/0.53;education_culture:0.59/0.48;engineering_bay:0.23/0.00;life_support_habitat:1.00/0.38;medical_bay:0.37/0.00;security:0.27/0.00"
veiled_expanse_survey,wanderers,speed,objective-first,50,13,37,0,0,0,0.8832,1.0000,4058,10646,0.0056,82,0.4469,0.4490,0.6118,0.3311,419.00,0,3296,2831,2184,3111,583,452,0,133,0,0,0,41178.68,88.32,360.02,"agriculture:1.00/0.70;education_culture:1.00/0.70;engineering_bay:1.00/0.70;life_support_habitat:1.00/0.70;medical_bay:1.00/0.70;security:1.00/0.70","agriculture:0.33/0.00;education_culture:1.00/0.86;engineering_bay:0.03/0.45;life_support_habitat:1.00/0.48;medical_bay:1.00/0.36;security:0.19/0.00"
veiled_expanse_survey,wanderers,starter,conservative,50,42,8,0,0,0,0.9329,1.0000,6280,10829,0.4322,36,0.6971,0.6990,0.5876,0.5662,301.78,0,2725,2907,2330,0,3359,453,0,1687,1826,0,0,21089.30,93.22,360.00,"agriculture:1.00/0.70;education_culture:1.00/0.70;engineering_bay:1.00/0.70;life_support_habitat:1.00/0.70;medical_bay:1.00/0.70;security:1.00/0.70","agriculture:0.70/0.38;education_culture:1.00/0.87;engineering_bay:0.36/0.00;life_support_habitat:1.00/0.53;medical_bay:1.00/0.49;security:0.66/0.00"
veiled_expanse_survey,wanderers,starter,first-choice,50,2,35,12,1,0,0.7791,0.8625,2180,487,0.0897,36,0.4469,0.4495,0.5082,0.4981,569.68,93,3086,2869,1767,3059,606,444,12,559,1535,3,3,17675.04,77.96,344.26,"agriculture:1.00/0.70;education_culture:1.00/0.70;engineering_bay:1.00/0.70;life_support_habitat:1.00/0.70;medical_bay:1.00/0.70;security:1.00/0.70","agriculture:0.49/0.44;education_culture:0.52/0.51;engineering_bay:0.00/0.00;life_support_habitat:1.00/0.59;medical_bay:0.44/0.30;security:0.26/0.00"
veiled_expanse_survey,wanderers,starter,objective-first,50,17,33,0,0,0,0.8839,1.0000,9778,10140,0.0056,110,0.4469,0.4490,0.6145,0.4719,421.34,0,3315,2892,2181,3058,581,439,0,144,0,0,0,41736.46,88.42,360.02,"agriculture:1.00/0.70;education_culture:1.00/0.70;engineering_bay:1.00/0.70;life_support_habitat:1.00/0.70;medical_bay:1.00/0.70;security:1.00/0.70","agriculture:0.06/0.00;education_culture:1.00/0.89;engineering_bay:0.00/0.10;life_support_habitat:1.00/0.43;medical_bay:0.96/0.36;security:0.27/0.00"
warden_patrol,adaptors,cargo,conservative,50,47,3,0,0,0,0.9559,1.0000,3450,10060,0.0237,0,0.6502,0.6815,0.6317,0.5399,285.28,0,2981,3082,2590,0,3575,465,0,1949,1606,0,0,20679.18,95.62,380.00,"agriculture:1.00/0.70;education_culture:1.00/0.70;engineering_bay:1.00/0.70;life_support_habitat:1.00/0.70;medical_bay:1.00/0.70;security:1.00/0.70","agriculture:0.73/0.43;education_culture:1.00/0.85;engineering_bay:0.69/0.30;life_support_habitat:1.00/0.43;medical_bay:1.00/0.39;security:0.50/0.00"
warden_patrol,adaptors,cargo,first-choice,50,17,30,3,0,0,0.8640,1.0000,548,499,0.0000,0,0.4469,0.4490,0.4831,0.4754,576.54,97,3496,3076,1779,3245,721,478,0,705,1096,5,5,20416.46,86.46,380.02,"agriculture:1.00/0.70;education_culture:1.00/0.70;engineering_bay:1.00/0.70;life_support_habitat:1.00/0.70;medical_bay:1.00/0.70;security:1.00/0.70","agriculture:0.46/0.28;education_culture:0.25/0.00;engineering_bay:0.08/0.00;life_support_habitat:1.00/0.45;medical_bay:0.43/0.00;security:0.10/0.00"
warden_patrol,adaptors,cargo,objective-first,50,31,19,0,0,0,0.9160,1.0000,3450,9808,0.0000,81,0.4469,0.4495,0.4704,0.4789,420.84,0,3616,2976,2387,3311,621,475,0,196,0,0,0,39335.18,91.56,380.00,"agriculture:1.00/0.70;education_culture:1.00/0.70;engineering_bay:1.00/0.70;life_support_habitat:1.00/0.70;medical_bay:1.00/0.70;security:1.00/0.70","agriculture:0.11/0.00;education_culture:1.00/0.85;engineering_bay:0.00/0.00;life_support_habitat:1.00/0.43;medical_bay:1.00/0.32;security:0.16/0.00"
warden_patrol,adaptors,combat,conservative,50,47,3,0,0,0,0.9534,1.0000,2450,10067,0.0237,0,0.6969,0.6990,0.6160,0.5399,296.20,0,2969,3036,2522,0,3617,465,0,1921,1507,0,0,20683.18,95.30,380.00,"agriculture:1.00/0.70;education_culture:1.00/0.70;engineering_bay:1.00/0.70;life_support_habitat:1.00/0.70;medical_bay:1.00/0.70;security:1.00/0.70","agriculture:0.75/0.43;education_culture:1.00/0.90;engineering_bay:0.74/0.45;life_support_habitat:1.00/0.53;medical_bay:1.00/0.45;security:0.60/0.00"
warden_patrol,adaptors,combat,first-choice,50,17,29,4,0,0,0.8658,1.0000,1570,813,0.0000,25,0.4469,0.4490,0.5526,0.4754,574.78,98,3422,3153,1823,3263,696,478,0,711,1021,3,3,20454.88,86.60,380.06,"agriculture:1.00/0.70;education_culture:1.00/0.70;engineering_bay:1.00/0.70;life_support_habitat:1.00/0.70;medical_bay:1.00/0.70;security:1.00/0.70","agriculture:0.08/0.15;education_culture:0.48/0.39;engineering_bay:0.11/0.00;life_support_habitat:1.00/0.40;medical_bay:0.37/0.00;security:0.27/0.00"
warden_patrol,adaptors,combat,objective-first,50,34,16,0,0,0,0.9188,1.0000,2450,9117,0.0000,79,0.4469,0.4495,0.5328,0.4549,409.18,0,3633,2944,2427,3265,612,484,0,189,0,0,0,38138.78,91.88,380.00,"agriculture:1.00/0.70;education_culture:1.00/0.70;engineering_bay:1.00/0.70;life_support_habitat:1.00/0.70;medical_bay:1.00/0.70;security:1.00/0.70","agriculture:0.46/0.00;education_culture:1.00/0.88;engineering_bay:0.00/0.00;life_support_habitat:1.00/0.43;medical_bay:1.00/0.29;security:0.49/0.00"
warden_patrol,adaptors,fuel,conservative,50,46,4,0,0,0,0.9475,1.0000,6700,9335,0.8784,3,0.6970,0.6990,0.6317,0.5528,310.58,0,3001,3078,2410,0,3621,473,0,1833,1677,0,0,20690.78,94.78,380.00,"agriculture:1.00/0.70;education_culture:1.00/0.70;engineering_bay:1.00/0.70;life_support_habitat:1.00/0.70;medical_bay:1.00/0.70;security:1.00/0.70","agriculture:0.73/0.43;education_culture:1.00/0.88;engineering_bay:0.72/0.28;life_support_habitat:1.00/0.43;medical_bay:1.00/0.42;security:0.26/0.00"
warden_patrol,adaptors,fuel,first-choice,50,15,31,4,0,0,0.8636,1.0000,127,0,0.8488,16,0.4469,0.4490,0.2784,0.2674,575.00,96,3496,3067,1817,3271,721,469,0,723,1220,8,8,20421.26,86.34,380.00,"agriculture:1.00/0.70;education_culture:1.00/0.70;engineering_bay:1.00/0.70;life_support_habitat:1.00/0.70;medical_bay:1.00/0.70;security:1.00/0.70","agriculture:0.00/0.15;education_culture:0.49/0.13;engineering_bay:0.02/0.00;life_support_habitat:1.00/0.47;medical_bay:0.09/0.00;security:0.22/0.00"
warden_patrol,adaptors,fuel,objective-first,50,34,16,0,0,0,0.9182,1.0000,6700,9808,0.8784,81,0.4469,0.4495,0.5832,0.4346,414.52,0,3606,2960,2374,3322,622,470,0,181,0,0,0,41019.78,91.84,380.00,"agriculture:1.00/0.70;education_culture:1.00/0.70;engineering_bay:1.00/0.70;life_support_habitat:1.00/0.70;medical_bay:1.00/0.70;security:1.00/0.70","agriculture:0.23/0.00;education_culture:1.00/0.85;engineering_bay:0.00/0.00;life_support_habitat:1.00/0.43;medical_bay:1.00/0.29;security:0.46/0.00"
warden_patrol,adaptors,speed,conservative,50,47,3,0,0,0,0.9623,1.0000,3950,9826,0.0248,0,0.6151,0.6830,0.6317,0.5090,264.48,0,2932,3082,2448,0,3603,484,0,2110,2145,0,0,20699.58,96.26,380.00,"agriculture:1.00/0.70;education_culture:1.00/0.70;engineering_bay:1.00/0.70;life_support_habitat:1.00/0.70;medical_bay:1.00/0.70;security:1.00/0.70","agriculture:0.73/0.43;education_culture:1.00/0.82;engineering_bay:0.71/0.38;life_support_habitat:1.00/0.47;medical_bay:1.00/0.39;security:0.38/0.00"
warden_patrol,adaptors,speed,first-choice,50,21,25,4,0,0,0.8751,1.0000,3250,582,0.0256,0,0.4469,0.4490,0.5285,0.3500,539.94,97,3540,3041,1811,3282,714,462,0,822,1629,5,5,20648.06,87.52,380.00,"agriculture:1.00/0.70;education_culture:1.00/0.70;engineering_bay:1.00/0.70;life_support_habitat:1.00/0.70;medical_bay:1.00/0.70;security:1.00/0.70","agriculture:0.47/0.48;education_culture:0.50/0.17;engineering_bay:0.02/0.00;life_support_habitat:1.00/0.47;medical_bay:0.09/0.00;security:0.22/0.00"
warden_patrol,adaptors,speed,objective-first,50,30,20,0,0,0,0.9125,1.0000,3950,9808,0.0000,78,0.4469,0.4495,0.4704,0.4665,434.08,0,3660,2960,2428,3252,615,470,0,193,0,0,0,45307.98,91.28,380.00,"agriculture:1.00/0.70;education_culture:1.00/0.70;engineering_bay:1.00/0.70;life_support_habitat:1.00/0.70;medical_bay:1.00/0.70;security:1.00/0.70","agriculture:0.20/0.00;education_culture:1.00/0.85;engineering_bay:0.23/0.00;life_support_habitat:1.00/0.48;medical_bay:1.00/0.29;security:0.13/0.00"
warden_patrol,adaptors,starter,conservative,50,44,6,0,0,0,0.9526,1.0000,7712,10727,0.4095,9,0.6969,0.6990,0.5374,0.5604,294.54,0,3027,3031,2490,0,3520,482,0,1954,2164,0,0,20722.38,95.28,380.00,"agriculture:1.00/0.70;education_culture:1.00/0.70;engineering_bay:1.00/0.70;life_support_habitat:1.00/0.70;medical_bay:1.00/0.70;security:1.00/0.70","agriculture:0.71/0.43;education_culture:1.00/0.79;engineering_bay:0.70/0.38;life_support_habitat:1.00/0.43;medical_bay:1.00/0.49;security:0.66/0.05"
warden_patrol,adaptors,starter,first-choice,50,21,28,1,0,0,0.8791,1.0000,70,0,0.0926,20,0.4469,0.4490,0.2253,0.4754,519.00,97,3566,3035,1834,3337,698,462,0,743,1619,12,12,20480.42,87.86,380.00,"agriculture:1.00/0.70;education_culture:1.00/0.70;engineering_bay:1.00/0.70;life_support_habitat:1.00/0.70;medical_bay:1.00/0.70;security:1.00/0.70","agriculture:0.50/0.34;education_culture:0.33/0.00;engineering_bay:0.00/0.20;life_support_habitat:1.00/0.37;medical_bay:0.15/0.00;security:0.29/0.00"
warden_patrol,adaptors,starter,objective-first,50,29,21,0,0,0,0.9148,1.0000,9700,9808,0.0000,55,0.4469,0.4495,0.4704,0.5070,424.32,0,3653,2977,2407,3301,633,465,0,190,0,0,0,45457.78,91.48,380.00,"agriculture:1.00/0.70;education_culture:1.00/0.70;engineering_bay:1.00/0.70;life_support_habitat:1.00/0.70;medical_bay:1.00/0.70;security:1.00/0.70","agriculture:0.17/0.00;education_culture:1.00/0.84;engineering_bay:0.00/0.00;life_support_habitat:1.00/0.48;medical_bay:1.00/0.29;security:0.46/0.00"
warden_patrol,preservers,cargo,conservative,50,47,3,0,0,0,0.9455,1.0000,3450,10195,0.1837,0,0.6726,0.6990,0.5659,0.5383,327.14,0,2954,3000,2522,0,3504,475,0,1902,1602,0,0,20648.08,94.50,380.00,"agriculture:1.00/0.70;education_culture:1.00/0.70;engineering_bay:1.00/0.70;life_support_habitat:1.00/0.70;medical_bay:1.00/0.70;security:1.00/0.70","agriculture:0.74/0.43;education_culture:1.00/0.88;engineering_bay:0.18/0.00;life_support_habitat:1.00/0.43;medical_bay:1.00/0.39;security:0.25/0.00"
warden_patrol,preservers,cargo,first-choice,50,15,33,2,0,0,0.8662,1.0000,162,0,0.0000,10,0.4457,0.4490,0.5705,0.4790,576.66,96,3525,3080,1795,3265,716,488,0,722,1079,8,8,20436.24,86.66,380.38,"agriculture:1.00/0.70;education_culture:1.00/0.70;engineering_bay:1.00/0.70;life_support_habitat:1.00/0.70;medical_bay:1.00/0.70;security:1.00/0.70","agriculture:0.50/0.52;education_culture:0.46/0.00;engineering_bay:0.24/0.00;life_support_habitat:1.00/0.48;medical_bay:0.37/0.00;security:0.00/0.00"
warden_patrol,preservers,cargo,objective-first,50,30,20,0,0,0,0.9132,1.0000,3450,10021,0.1871,100,0.4470,0.4495,0.5284,0.5364,433.78,0,3512,2907,2396,3324,603,467,0,185,0,0,0,39542.68,91.32,380.00,"agriculture:1.00/0.70;education_culture:1.00/0.70;engineering_bay:1.00/0.70;life_support_habitat:1.00/0.70;medical_bay:1.00/0.70;security:1.00/0.70","agriculture:0.29/0.00;education_culture:1.00/0.80;engineering_bay:0.00/0.40;life_support_habitat:1.00/0.38;medical_bay:1.00/0.29;security:0.28/0.00"
warden_patrol,preservers,combat,conservative,50,44,6,0,0,0,0.9465,1.0000,2450,10695,0.1837,0,0.6969,0.6990,0.5659,0.3281,313.90,0,2912,2999,2480,0,3553,477,0,1936,1491,0,0,20647.28,94.68,380.00,"agriculture:1.00/0.70;education_culture:1.00/0.70;engineering_bay:1.00/0.70;life_support_habitat:1.00/0.70;medical_bay:1.00/0.70;security:1.00/0.70","agriculture:0.71/0.43;education_culture:1.00/0.88;engineering_bay:0.26/0.05;life_support_habitat:1.00/0.64;medical_bay:1.00/0.42;security:0.26/0.00"
warden_patrol,preservers,combat,first-choice,50,16,26,8,0,0,0.8578,1.0000,70,8,0.0000,5,0.4457,0.4490,0.5609,0.4790,602.02,94,3479,3161,1802,3420,700,489,0,670,1004,8,8,20541.00,85.78,380.38,"agriculture:1.00/0.70;education_culture:1.00/0.70;engineering_bay:1.00/0.70;life_support_habitat:1.00/0.70;medical_bay:1.00/0.70;security:1.00/0.70","agriculture:0.47/0.27;education_culture:0.48/0.03;engineering_bay:0.47/0.20;life_support_habitat:1.00/0.47;medical_bay:0.51/0.00;security:0.28/0.00"
warden_patrol,preservers,combat,objective-first,50,34,16,0,0,0,0.9182,1.0000,2450,10027,0.1871,88,0.4469,0.4495,0.3456,0.4952,417.30,0,3565,2851,2348,3233,618,459,0,173,0,0,0,38082.48,91.82,380.00,"agriculture:1.00/0.70;education_culture:1.00/0.70;engineering_bay:1.00/0.70;life_support_habitat:1.00/0.70;medical_bay:1.00/0.70;security:1.00/0.70","agriculture:0.45/0.00;education_culture:1.00/0.78;engineering_bay:0.02/0.00;life_support_habitat:1.00/0.28;medical_bay:1.00/0.32;security:0.54/0.00"
warden_patrol,preservers,fuel,conservative,50,43,7,0,0,0,0.9534,1.0000,6700,10713,0.8532,0,0.6970,0.6785,0.5659,0.4932,294.28,0,2911,2987,2459,0,3556,486,0,1930,1790,0,0,20566.88,95.26,380.00,"agriculture:1.00/0.70;education_culture:1.00/0.70;engineering_bay:1.00/0.70;life_support_habitat:1.00/0.70;medical_bay:1.00/0.70;security:1.00/0.70","agriculture:0.70/0.43;education_culture:1.00/0.88;engineering_bay:0.71/0.40;life_support_habitat:1.00/0.40;medical_bay:1.00/0.39;security:0.38/0.00"
warden_patrol,preservers,fuel,first-choice,50,10,34,6,0,0,0.8467,1.0000,0,0,0.8401,0,0.4469,0.4490,0.6015,0.4493,626.74,91,3444,3099,1870,3359,690,494,0,689,1249,15,15,20396.54,84.70,380.00,"agriculture:1.00/0.70;education_culture:1.00/0.70;engineering_bay:1.00/0.70;life_support_habitat:1.00/0.70;medical_bay:1.00/0.70;security:1.00/0.70","agriculture:0.52/0.49;education_culture:0.56/0.20;engineering_bay:0.27/0.00;life_support_habitat:1.00/0.43;medical_bay:0.20/0.00;security:0.21/0.00"
warden_patrol,preservers,fuel,objective-first,50,29,21,0,0,0,0.9087,1.0000,6700,10021,0.8532,80,0.4469,0.4495,0.3920,0.4242,444.32,0,3582,2864,2387,3280,618,473,0,172,0,0,0,40451.08,90.82,380.00,"agriculture:1.00/0.70;education_culture:1.00/0.70;engineering_bay:1.00/0.70;life_support_habitat:1.00/0.70;medical_bay:1.00/0.70;security:1.00/0.70","agriculture:0.29/0.00;education_culture:1.00/0.80;engineering_bay:0.00/0.40;life_support_habitat:1.00/0.38;medical_bay:1.00/0.29;security:0.28/0.00"
warden_patrol,preservers,speed,conservative,50,42,8,0,0,0,0.9536,1.0000,3950,10684,0.1838,0,0.6270,0.6880,0.5659,0.5317,298.92,0,2941,3002,2506,0,3532,492,0,2037,2140,0,0,20673.68,95.36,380.00,"agriculture:1.00/0.70;education_culture:1.00/0.70;engineering_bay:1.00/0.70;life_support_habitat:1.00/0.70;medical_bay:1.00/0.70;security:1.00/0.70","agriculture:0.73/0.53;education_culture:1.00/0.88;engineering_bay:0.69/0.38;life_support_habitat:1.00/0.40;medical_bay:1.00/0.39;security:0.30/0.00"
warden_patrol,preservers,speed,first-choice,50,14,33,3,0,0,0.8509,1.0000,176,0,0.0000,21,0.4457,0.4495,0.3230,0.4790,620.54,93,3539,3172,1768,3289,759,479,0,800,1580,14,14,20209.86,85.06,380.38,"agriculture:1.00/0.70;education_culture:1.00/0.70;engineering_bay:1.00/0.70;life_support_habitat:1.00/0.70;medical_bay:1.00/0.70;security:1.00/0.70","agriculture:0.48/0.49;education_culture:0.49/0.10;engineering_bay:0.00/0.00;life_support_habitat:1.00/0.48;medical_bay:0.43/0.15;security:0.48/0.00"
warden_patrol,preservers,speed,objective-first,50,32,18,0,0,0,0.9084,1.0000,3950,10173,0.1871,101,0.4469,0.4490,0.4792,0.2078,442.04,0,3552,2881,2367,3261,622,479,0,185,0,0,0,45568.48,90.82,380.00,"agriculture:1.00/0.70;education_culture:1.00/0.70;engineering_bay:1.00/0.70;life_support_habitat:1.00/0.70;medical_bay:1.00/0.70;security:1.00/0.70","agriculture:0.35/0.00;education_culture:1.00/0.85;engineering_bay:0.00/0.60;life_support_habitat:1.00/0.33;medical_bay:1.00/0.29;security:0.28/0.00"
warden_patrol,preservers,starter,conservative,50,46,4,0,0,0,0.9459,1.0000,6421,10549,0.4749,0,0.6518,0.6990,0.5482,0.5391,318.00,0,2943,3047,2408,0,3526,491,0,1993,2184,0,0,20617.28,94.62,380.00,"agriculture:1.00/0.70;education_culture:1.00/0.70;engineering_bay:1.00/0.70;life_support_habitat:1.00/0.70;medical_bay:1.00/0.70;security:1.00/0.70","agriculture:0.71/0.53;education_culture:1.00/0.80;engineering_bay:0.71/0.40;life_support_habitat:1.00/0.56;medical_bay:1.00/0.39;security:0.39/0.00"
warden_patrol,preservers,starter,first-choice,50,18,28,4,0,0,0.8714,1.0000,0,37,0.0000,0,0.4143,0.4490,0.3711,0.4790,555.84,95,3502,3114,1848,3307,775,464,0,727,1636,8,8,20663.34,87.12,380.24,"agriculture:1.00/0.70;education_culture:1.00/0.70;engineering_bay:1.00/0.70;life_support_habitat:1.00/0.70;medical_bay:1.00/0.70;security:1.00/0.70","agriculture:0.44/0.28;education_culture:0.35/0.00;engineering_bay:0.31/0.35;life_support_habitat:1.00/0.52;medical_bay:0.37/0.00;security:0.24/0.00"
warden_patrol,preservers,starter,objective-first,50,28,22,0,0,0,0.9115,1.0000,9700,10021,0.1871,100,0.4470,0.4495,0.5284,0.5391,439.18,0,3531,2885,2399,3327,605,468,0,184,0,0,0,45637.28,91.12,380.00,"agriculture:1.00/0.70;education_culture:1.00/0.70;engineering_bay:1.00/0.70;life_support_habitat:1.00/0.70;medical_bay:1.00/0.70;security:1.00/0.70","agriculture:0.29/0.00;education_culture:1.00/0.80;engineering_bay:0.00/0.40;life_support_habitat:1.00/0.38;medical_bay:1.00/0.29;security:0.28/0.00"
warden_patrol,wanderers,cargo,conservative,50,44,6,0,0,0,0.9448,1.0000,3450,9744,0.0027,0,0.6969,0.6990,0.5473,0.5391,325.52,0,3083,3109,2325,0,3550,474,0,1943,1616,0,0,20474.24,94.54,380.08,"agriculture:1.00/0.70;education_culture:1.00/0.70;engineering_bay:1.00/0.70;life_support_habitat:1.00/0.70;medical_bay:1.00/0.70;security:1.00/0.70","agriculture:0.72/0.43;education_culture:1.00/0.86;engineering_bay:0.40/0.10;life_support_habitat:1.00/0.48;medical_bay:1.00/0.45;security:0.35/0.00"
warden_patrol,wanderers,cargo,first-choice,50,16,29,5,0,0,0.8633,1.0000,2074,406,0.1234,3,0.4469,0.4490,0.5159,0.4221,561.76,93,3437,2941,1838,3367,696,467,0,728,1350,10,10,20342.24,86.28,380.00,"agriculture:1.00/0.70;education_culture:1.00/0.70;engineering_bay:1.00/0.70;life_support_habitat:1.00/0.70;medical_bay:1.00/0.70;security:1.00/0.70","agriculture:0.49/0.57;education_culture:0.65/0.08;engineering_bay:0.00/0.20;life_support_habitat:1.00/0.60;medical_bay:0.47/0.00;security:0.17/0.00"
warden_patrol,wanderers,cargo,objective-first,50,25,25,0,0,0,0.9066,1.0000,3450,9513,0.0027,77,0.4469,0.4495,0.4644,0.5391,455.06,0,3704,2906,2305,3171,619,476,0,201,0,0,0,39356.24,90.64,380.00,"agriculture:1.00/0.70;education_culture:1.00/0.70;engineering_bay:1.00/0.70;life_support_habitat:1.00/0.70;medical_bay:1.00/0.70;security:1.00/0.70","agriculture:0.00/0.00;education_culture:1.00/0.83;engineering_bay:0.13/0.35;life_support_habitat:1.00/0.38;medical_bay:1.00/0.35;security:0.31/0.00"
warden_patrol,wanderers,combat,conservative,50,41,9,0,0,0,0.9385,1.0000,2450,9742,0.0027,0,0.6969,0.6850,0.5473,0.5391,344.34,0,3013,3129,2368,0,3531,472,0,1920,1534,0,0,20495.24,93.84,380.08,"agriculture:1.00/0.70;education_culture:1.00/0.70;engineering_bay:1.00/0.70;life_support_habitat:1.00/0.70;medical_bay:1.00/0.70;security:1.00/0.70","agriculture:0.74/0.55;education_culture:1.00/0.86;engineering_bay:0.18/0.00;life_support_habitat:1.00/0.45;medical_bay:1.00/0.48;security:0.63/0.05"
warden_patrol,wanderers,combat,first-choice,50,14,31,5,0,0,0.8436,1.0000,0,0,0.1234,17,0.4469,0.4490,0.3940,0.4221,629.36,95,3588,3013,1867,3360,694,474,0,777,1348,11,11,20116.40,84.38,380.00,"agriculture:1.00/0.70;education_culture:1.00/0.70;engineering_bay:1.00/0.70;life_support_habitat:1.00/0.70;medical_bay:1.00/0.70;security:1.00/0.70","agriculture:0.49/0.30;education_culture:0.60/0.00;engineering_bay:0.35/0.35;life_support_habitat:1.00/0.58;medical_bay:0.16/0.00;security:0.17/0.00"
warden_patrol,wanderers,combat,objective-first,50,25,25,0,0,0,0.8997,1.0000,2450,9513,0.0027,98,0.4469,0.4495,0.3446,0.5391,477.76,0,3703,2975,2327,3187,607,471,0,198,0,0,0,38693.24,89.96,380.00,"agriculture:1.00/0.70;education_culture:1.00/0.70;engineering_bay:1.00/0.70;life_support_habitat:1.00/0.70;medical_bay:1.00/0.70;security:1.00/0.70","agriculture:0.47/0.00;education_culture:1.00/0.86;engineering_bay:0.00/0.00;life_support_habitat:1.00/0.48;medical_bay:1.00/0.38;security:0.27/0.00"
warden_patrol,wanderers,fuel,conservative,50,43,7,0,0,0,0.9424,1.0000,6029,10562,0.8591,0,0.6969,0.6990,0.5473,0.5391,337.94,0,3004,3085,2461,0,3575,468,0,1892,1717,0,0,20403.44,94.22,380.00,"agriculture:1.00/0.70;education_culture:1.00/0.70;engineering_bay:1.00/0.70;life_support_habitat:1.00/0.70;medical_bay:1.00/0.70;security:1.00/0.70","agriculture:0.65/0.13;education_culture:1.00/0.87;engineering_bay:0.49/0.05;life_support_habitat:1.00/0.43;medical_bay:1.00/0.39;security:0.54/0.00"
warden_patrol,wanderers,fuel,first-choice,50,14,31,5,0,0,0.8462,1.0000,0,0,0.8500,0,0.4469,0.4490,0.4900,0.4221,615.86,96,3552,3019,1826,3312,670,490,0,696,1438,3,3,20324.48,84.70,380.00,"agriculture:1.00/0.70;education_culture:1.00/0.70;engineering_bay:1.00/0.70;life_support_habitat:1.00/0.70;medical_bay:1.00/0.70;security:1.00/0.70","agriculture:0.00/0.08;education_culture:0.56/0.00;engineering_bay:0.25/0.22;life_support_habitat:1.00/0.49;medical_bay:0.36/0.00;security:0.22/0.00"
warden_patrol,wanderers,fuel,objective-first,50,24,26,0,0,0,0.9032,1.0000,6700,9513,0.8784,50,0.4469,0.4495,0.5482,0.5391,466.40,0,3702,2937,2242,3186,594,473,0,197,0,0,0,40590.04,90.40,380.00,"agriculture:1.00/0.70;education_culture:1.00/0.70;engineering_bay:1.00/0.70;life_support_habitat:1.00/0.70;medical_bay:1.00/0.70;security:1.00/0.70","agriculture:0.47/0.00;education_culture:1.00/0.86;engineering_bay:0.00/0.00;life_support_habitat:1.00/0.48;medical_bay:1.00/0.38;security:0.27/0.00"
warden_patrol,wanderers,speed,conservative,50,45,5,0,0,0,0.9440,1.0000,3950,9203,0.0027,0,0.6826,0.6425,0.5473,0.5391,329.42,0,3005,3086,2414,0,3539,471,0,2060,2129,0,0,20527.64,94.44,380.08,"agriculture:1.00/0.70;education_culture:1.00/0.70;engineering_bay:1.00/0.70;life_support_habitat:1.00/0.70;medical_bay:1.00/0.70;security:1.00/0.70","agriculture:0.70/0.53;education_culture:1.00/0.93;engineering_bay:0.73/0.40;life_support_habitat:1.00/0.50;medical_bay:1.00/0.52;security:0.36/0.00"
warden_patrol,wanderers,speed,first-choice,50,14,29,7,0,0,0.8488,1.0000,3250,726,0.1269,0,0.4275,0.4490,0.2661,0.4221,610.98,94,3504,2972,1846,3350,684,481,0,818,1818,4,4,20610.50,84.90,380.00,"agriculture:1.00/0.70;education_culture:1.00/0.70;engineering_bay:1.00/0.70;life_support_habitat:1.00/0.70;medical_bay:1.00/0.70;security:1.00/0.70","agriculture:0.50/0.43;education_culture:0.57/0.00;engineering_bay:0.00/0.00;life_support_habitat:1.00/0.45;medical_bay:0.40/0.00;security:0.14/0.00"
warden_patrol,wanderers,speed,objective-first,50,26,24,0,0,0,0.9005,1.0000,3950,9421,0.0027,88,0.4469,0.4495,0.4572,0.5391,475.02,0,3717,2938,2265,3199,617,483,0,203,0,0,0,45704.84,90.08,380.00,"agriculture:1.00/0.70;education_culture:1.00/0.70;engineering_bay:1.00/0.70;life_support_habitat:1.00/0.70;medical_bay:1.00/0.70;security:1.00/0.70","agriculture:0.47/0.00;education_culture:1.00/0.86;engineering_bay:0.00/0.00;life_support_habitat:1.00/0.48;medical_bay:1.00/0.38;security:0.27/0.00"
warden_patrol,wanderers,starter,conservative,50,45,5,0,0,0,0.9457,1.0000,6712,10939,0.5375,0,0.6926,0.6990,0.5473,0.5391,322.04,0,2863,3119,2471,0,3524,483,0,1917,2125,0,0,20561.44,94.50,380.00,"agriculture:1.00/0.70;education_culture:1.00/0.70;engineering_bay:1.00/0.70;life_support_habitat:1.00/0.70;medical_bay:1.00/0.70;security:1.00/0.70","agriculture:0.71/0.43;education_culture:1.00/0.90;engineering_bay:0.49/0.18;life_support_habitat:1.00/0.45;medical_bay:1.00/0.42;security:0.14/0.00"
warden_patrol,wanderers,starter,first-choice,50,13,31,6,0,0,0.8446,1.0000,419,207,0.2818,4,0.4469,0.4490,0.3316,0.4221,626.66,96,3520,3068,1810,3292,738,458,0,736,1803,5,5,20283.18,84.44,380.00,"agriculture:1.00/0.70;education_culture:1.00/0.70;engineering_bay:1.00/0.70;life_support_habitat:1.00/0.70;medical_bay:1.00/0.70;security:1.00/0.70","agriculture:0.47/0.45;education_culture:0.44/0.07;engineering_bay:0.00/0.12;life_support_habitat:1.00/0.48;medical_bay:0.13/0.00;security:0.32/0.00"
warden_patrol,wanderers,starter,objective-first,50,25,25,0,0,0,0.9024,1.0000,9700,9513,0.0027,77,0.4469,0.4495,0.4644,0.4320,466.94,0,3685,2915,2279,3164,626,470,0,205,0,0,0,45755.24,90.20,380.00,"agriculture:1.00/0.70;education_culture:1.00/0.70;engineering_bay:1.00/0.70;life_support_habitat:1.00/0.70;medical_bay:1.00/0.70;security:1.00/0.70","agriculture:0.00/0.00;education_culture:1.00/0.83;engineering_bay:0.13/0.35;life_support_habitat:1.00/0.38;medical_bay:1.00/0.35;security:0.31/0.00"
